order_id,order_date,shipping_date,region,customer_zip,quantity,sales,profit,days_real,days_scheduled,delivery_status,sales_was_missing,delay_days,is_late,order_month,sales_log,mode_First Class,mode_Same Day,mode_Second Class,mode_Standard Class
1000,2015-03-06,2015-03-10,Eastern Asia,69208,2.0,213.13,-22.9,4.0,2.0,Late delivery,0,2.0,1,3,5.366583307218125,0,0,1,0
1001,2015-09-19,2015-09-20,Eastern Asia,59582,3.0,124.29,33.2,1.0,1.0,Shipping on time,0,0.0,0,9,4.830631050257462,1,0,0,0
1002,2017-02-03,2017-02-08,South Asia,79294,4.0,623.64,105.65,5.0,2.0,Late delivery,0,3.0,1,2,6.437175483784673,0,0,1,0
1003,2016-02-06,2016-02-09,Eastern Asia,68143,1.0,116.85,-6.85,3.0,4.0,Shipping on time,0,-1.0,0,2,4.76941262938214,0,0,0,1
1004,2017-04-02,2017-04-05,Central America,18152,2.0,197.27,-15.8,3.0,4.0,Shipping on time,0,-1.0,0,4,5.289629738150471,0,0,0,1
1006,2016-01-24,2016-01-27,West Europe,34637,5.0,118.42,44.22,3.0,4.0,Shipping on time,0,-1.0,0,1,4.782646691118846,0,0,0,1
1007,2017-06-08,2017-06-10,US Center,28731,1.0,253.88,59.76,2.0,1.0,Late delivery,0,1.0,1,6,5.540792846161739,1,0,0,0
1008,2016-11-20,2016-11-24,Central America,74133,2.0,137.69,-27.38,4.0,2.0,Late delivery,0,2.0,1,11,4.932241226668244,0,0,1,0
1009,2017-03-27,2017-03-31,Eastern Asia,76525,2.0,113.06,5.87,4.0,4.0,Shipping on time,0,0.0,0,3,4.736724625728393,0,0,0,1
1010,2015-02-06,2015-02-10,Central America,51914,4.0,144.89,35.47,4.0,4.0,Shipping on time,0,0.0,0,2,4.982852913083804,0,0,0,1
1011,2017-07-19,2017-07-23,West Europe,13538,4.0,92.26,-7.17,4.0,4.0,Shipping on time,0,0.0,0,7,4.535391291380175,0,0,0,1
1012,2016-05-04,2016-05-07,Eastern Asia,57006,1.0,296.77,18.78,3.0,4.0,Shipping on time,0,-1.0,0,5,5.696321376424581,0,0,0,1
1014,2016-12-08,2016-12-14,Oceania,83563,3.0,149.29,26.51,6.0,4.0,Late delivery,1,2.0,1,12,5.012566760946003,0,0,0,1
1015,2016-04-05,2016-04-10,South Asia,36621,1.0,64.36,-9.1,5.0,4.0,Late delivery,0,1.0,1,4,4.1799104505517475,0,0,0,1
1016,2015-08-25,2015-08-25,Eastern Asia,42433,3.0,170.29,33.56,0.0,0.0,Shipping on time,0,0.0,0,8,5.143358026509894,0,1,0,0
1017,2016-06-09,2016-06-14,South Asia,63668,4.0,91.27,-12.48,3.0,2.0,Late delivery,0,1.0,1,6,4.524719061590464,0,0,1,0
1018,2017-09-03,2017-09-04,Eastern Asia,21684,4.0,151.34,16.01,1.0,2.0,Shipping on time,1,-1.0,0,9,5.026114864944642,0,0,1,0
1019,2017-07-22,2017-07-22,Oceania,71391,5.0,310.87,-31.14,0.0,0.0,Shipping on time,0,0.0,0,7,5.74258643431314,0,1,0,0
1020,2015-08-16,2015-08-21,Oceania,82769,4.0,168.88,27.4,5.0,4.0,Late delivery,0,1.0,1,8,5.13509230544507,0,0,0,1
1021,2016-01-02,2016-01-06,US Center,30877,5.0,130.28,-20.53,4.0,4.0,Shipping on time,0,0.0,0,1,4.8773324467818355,0,0,0,1
1022,2016-03-28,2016-04-01,US Center,13123,4.0,283.45,-14.35,4.0,2.0,Late delivery,0,2.0,1,3,5.650557491196657,0,0,1,0
1023,2015-03-02,2015-03-08,Central America,51981,1.0,265.47,70.09,6.0,4.0,Late delivery,0,2.0,1,3,5.585261666912908,0,0,0,1
1024,2015-06-06,2015-06-09,Oceania,84889,1.0,438.78,-60.37,3.0,4.0,Shipping on time,0,-1.0,0,6,6.086274601870625,0,0,0,1
1025,2016-01-27,2016-02-03,South Asia,43940,5.0,47.4,-3.49,7.0,4.0,Late delivery,0,3.0,1,1,3.879499813722586,0,0,0,1
1026,2016-07-25,2016-07-29,US Center,47798,5.0,176.18,30.27,4.0,4.0,Shipping on time,0,0.0,0,7,5.177166164983887,0,0,0,1
1027,2016-10-11,2016-10-11,West Europe,37860,1.0,112.76,17.38,0.0,1.0,Shipping on time,0,-1.0,0,10,4.73409096605493,1,0,0,0
1028,2016-05-15,2016-05-16,South Asia,11863,5.0,932.5600000000057,-61.534,1.0,2.0,Shipping on time,0,-1.0,0,5,6.839005235153027,0,0,1,0
1029,2017-04-12,2017-04-19,Eastern Asia,84344,5.0,155.12,19.56,7.0,4.0,Late delivery,0,3.0,1,4,5.050624942312414,0,0,0,1
1030,2016-03-29,2016-04-02,Oceania,80334,3.0,72.07,25.67,4.0,4.0,Shipping on time,0,0.0,0,3,4.291417885803126,0,0,0,1
1031,2017-07-31,2017-08-05,Eastern Asia,95458,2.0,37.9,-4.94,5.0,4.0,Late delivery,0,1.0,1,7,3.6609942506244004,0,0,0,1
1032,2015-01-04,2015-01-07,Central America,45798,4.0,84.24,2.15,3.0,4.0,Shipping on time,0,-1.0,0,1,4.445470807230416,0,0,0,1
1033,2016-11-18,2016-11-25,South Asia,54296,1.0,123.77,-21.94,7.0,4.0,Late delivery,0,3.0,1,11,4.82647204242293,0,0,0,1
1034,2017-09-14,2017-09-19,Central America,47099,2.0,443.64,87.38,5.0,2.0,Late delivery,0,3.0,1,9,6.097264965994194,0,0,1,0
1035,2017-03-24,2017-03-31,Eastern Asia,68623,2.0,93.91,-13.79,7.0,4.0,Late delivery,0,3.0,1,3,4.5529290741424004,0,0,0,1
1036,2016-04-17,2016-04-23,West Europe,10182,2.0,71.81,2.43,6.0,4.0,Late delivery,0,2.0,1,4,4.2878533084066195,0,0,0,1
1037,2017-03-23,2017-03-28,US Center,43731,2.0,44.2,-3.83,5.0,4.0,Late delivery,0,1.0,1,3,3.8110970868381857,0,0,0,1
1038,2017-03-06,2017-03-07,Central America,96401,3.0,117.24,30.14,1.0,1.0,Shipping on time,0,0.0,0,3,4.772716457199891,1,0,0,0
1039,2017-03-19,2017-03-26,West Europe,21344,2.0,125.35,-10.92,7.0,4.0,Late delivery,0,3.0,1,3,4.839055833834204,0,0,0,1
1040,2017-08-29,2017-09-03,Eastern Asia,86662,3.0,149.29,-4.12,5.0,4.0,Late delivery,1,1.0,1,8,5.012566760946003,0,0,0,1
1041,2016-08-22,2016-08-22,Eastern Asia,87487,4.0,60.8,12.4,0.0,1.0,Shipping on time,0,-1.0,0,8,4.123903364463645,1,0,0,0
1042,2015-10-11,2015-10-16,Eastern Asia,42368,1.0,91.64,-13.98,5.0,4.0,Late delivery,0,1.0,1,10,4.528721013824685,0,0,0,1
1043,2017-08-02,2017-08-04,West Europe,78691,1.0,37.14,4.74,2.0,1.0,Late delivery,0,1.0,1,8,3.641263600172273,1,0,0,0
1044,2015-08-02,2015-08-03,South Asia,22056,5.0,160.14,-16.51,1.0,2.0,Shipping on time,0,-1.0,0,8,5.08227355234905,0,0,1,0
1045,2017-06-10,2017-06-13,Eastern Asia,96542,4.0,56.47,-5.22,3.0,2.0,Late delivery,0,1.0,1,6,4.05126307251965,0,0,1,0
1046,2015-07-02,2015-07-05,West Europe,93411,4.0,36.216,11.09,3.0,4.0,Shipping on time,0,-1.0,0,7,3.6167387763362537,0,0,0,1
1047,2015-01-08,2015-01-12,Central America,42588,2.0,149.29,-44.16,4.0,4.0,Shipping on time,1,0.0,0,1,5.012566760946003,0,0,0,1
1048,2017-01-29,2017-02-05,Eastern Asia,53847,1.0,196.05,-9.64,7.0,4.0,Late delivery,0,3.0,1,1,5.283457503641013,0,0,0,1
1049,2015-05-02,2015-05-04,US Center,79449,1.0,178.76,0.96,2.0,1.0,Late delivery,0,1.0,1,5,5.191622627877074,1,0,0,0
1050,2015-03-17,2015-03-21,South Asia,83345,5.0,178.68,40.65,4.0,4.0,Shipping on time,0,0.0,0,3,5.191177490990133,0,0,0,1
1051,2017-09-19,2017-09-25,West Europe,43527,3.0,77.8,-6.47,6.0,4.0,Late delivery,0,2.0,1,9,4.366912996863833,0,0,0,1
1052,2017-07-28,2017-08-03,South Asia,19386,3.0,275.74,-33.59,6.0,4.0,Late delivery,0,2.0,1,7,5.623078437241238,0,0,0,1
1053,2016-10-28,2016-10-31,Eastern Asia,15790,2.0,77.2,-2.94,3.0,4.0,Shipping on time,0,-1.0,0,10,4.359269647551265,0,0,0,1
1054,2016-12-17,2016-12-20,Central America,67328,3.0,455.91,73.41,3.0,4.0,Shipping on time,0,-1.0,0,12,6.124486434956988,0,0,0,1
1055,2015-05-21,2015-05-26,US Center,44327,2.0,165.83,63.29,5.0,4.0,Late delivery,0,1.0,1,5,5.116975329867582,0,0,0,1
1056,2016-08-22,2016-08-24,Oceania,42364,5.0,47.89,7.05,2.0,1.0,Late delivery,0,1.0,1,8,3.889572876590554,1,0,0,0
1057,2017-06-29,2017-07-04,Central America,Unknown,2.0,243.91,-46.57,5.0,4.0,Late delivery,0,1.0,1,6,5.500890796117536,0,0,0,1
1058,2016-05-14,2016-05-16,Central America,35834,1.0,473.14,13.01,2.0,0.0,Late delivery,0,2.0,1,5,6.1615026367350865,0,1,0,0
1059,2015-03-31,2015-04-03,Oceania,81327,4.0,124.32,15.74,3.0,4.0,Shipping on time,0,-1.0,0,3,4.830870466083991,0,0,0,1
1060,2016-11-03,2016-11-07,West Europe,85327,1.0,274.63,77.31,4.0,2.0,Late delivery,0,2.0,1,11,5.619059386626141,0,0,1,0
1061,2016-06-21,2016-06-25,West Europe,31264,1.0,127.54,49.78,3.0,2.0,Late delivery,0,1.0,1,6,4.85624013994314,0,0,1,0
1062,2016-10-26,2016-10-28,West Europe,19400,5.0,99.39,-11.76,2.0,2.0,Shipping on time,0,0.0,0,10,4.609062600703435,0,0,1,0
1063,2016-01-23,2016-01-27,Central America,44112,4.0,36.216,8.89,4.0,4.0,Shipping on time,0,0.0,0,1,3.6167387763362537,0,0,0,1
1064,2016-03-31,2016-04-07,South Asia,52381,1.0,304.19,68.28,7.0,4.0,Late delivery,0,3.0,1,3,5.720934533473766,0,0,0,1
1065,2015-10-16,2015-10-21,US Center,63123,4.0,110.92,20.83,5.0,4.0,Late delivery,0,1.0,1,10,4.717784330357226,0,0,0,1
1066,2016-06-07,2016-06-13,South Asia,66572,3.0,182.0,23.64,6.0,4.0,Late delivery,0,2.0,1,6,5.209486152841421,0,0,0,1
1067,2015-08-28,2015-09-02,South Asia,98386,5.0,73.39,13.89,5.0,4.0,Late delivery,0,1.0,1,8,4.30932152420325,0,0,0,1
1068,2015-10-14,2015-10-15,US Center,20562,5.0,84.0,-0.5,1.0,0.0,Late delivery,0,1.0,1,10,4.442651256490317,0,1,0,0
1069,2015-03-28,2015-04-03,South Asia,88567,1.0,283.35,-44.8,6.0,4.0,Late delivery,0,2.0,1,3,5.6502058737528085,0,0,0,1
1070,2015-04-19,2015-04-20,Central America,97621,2.0,114.94,-5.06,1.0,2.0,Shipping on time,0,-1.0,0,4,4.753072815911587,0,0,1,0
1071,2016-01-13,2016-01-20,Eastern Asia,85497,5.0,113.93,-21.11,7.0,4.0,Late delivery,0,3.0,1,1,4.744323247380668,0,0,0,1
1072,2016-05-02,2016-05-05,Eastern Asia,86912,5.0,68.03,18.25,3.0,1.0,Late delivery,0,2.0,1,5,4.234541192715384,1,0,0,0
1073,2015-04-11,2015-04-16,South Asia,28683,2.0,164.43,-6.47,5.0,2.0,Late delivery,0,3.0,1,4,5.108548144618925,0,0,1,0
1074,2016-07-09,2016-07-12,US Center,99289,1.0,231.37,80.65,3.0,4.0,Shipping on time,0,-1.0,0,7,5.448330928865522,0,0,0,1
1075,2016-09-16,2016-09-18,Oceania,89943,5.0,109.98,15.66,2.0,1.0,Late delivery,0,1.0,1,9,4.709350004897755,1,0,0,0
1076,2015-12-26,2015-12-28,South Asia,89306,5.0,129.57,28.09,2.0,1.0,Late delivery,0,1.0,1,12,4.871909481419947,1,0,0,0
1077,2015-11-18,2015-11-19,Eastern Asia,36857,2.0,69.69,7.4,1.0,1.0,Shipping on time,0,0.0,0,11,4.258304120182863,1,0,0,0
1078,2015-08-28,2015-09-03,South Asia,73992,1.0,336.66,107.83,6.0,4.0,Late delivery,0,2.0,1,8,5.822039472049048,0,0,0,1
1079,2017-02-05,2017-02-09,Central America,36395,4.0,100.06,25.84,4.0,4.0,Shipping on time,0,0.0,0,2,4.615714399863762,0,0,0,1
1080,2016-09-05,2016-09-11,Oceania,48509,3.0,132.14,-16.15,6.0,4.0,Late delivery,0,2.0,1,9,4.891401206172557,0,0,0,1
1081,2017-07-26,2017-07-29,US Center,97340,2.0,399.0,84.16,3.0,1.0,Late delivery,0,2.0,1,7,5.991464547107982,1,0,0,0
1082,2016-12-30,2017-01-06,Eastern Asia,45285,5.0,126.65,37.6,7.0,4.0,Late delivery,0,3.0,1,12,4.849292143687493,0,0,0,1
1083,2017-06-05,2017-06-11,US Center,44638,5.0,57.12,12.52,6.0,4.0,Late delivery,0,2.0,1,6,4.062509838702082,0,0,0,1
1084,2015-12-18,2015-12-20,South Asia,17205,4.0,83.19,24.9,2.0,1.0,Late delivery,0,1.0,1,12,4.4330761493495725,1,0,0,0
1085,2017-01-09,2017-01-13,Central America,18782,1.0,117.02,24.89,4.0,2.0,Late delivery,0,2.0,1,1,4.7708541016290225,0,0,1,0
1086,2017-03-01,2017-03-06,Central America,26853,4.0,424.03,30.86,5.0,4.0,Late delivery,0,1.0,1,3,6.052159754668478,0,0,0,1
1087,2017-02-19,2017-02-26,Oceania,54423,1.0,166.15,-25.91,7.0,4.0,Late delivery,0,3.0,1,2,5.118891612866108,0,0,0,1
1088,2017-06-08,2017-06-14,South Asia,18865,3.0,126.9,-7.31,6.0,4.0,Late delivery,0,2.0,1,6,4.851248708584797,0,0,0,1
1089,2015-04-03,2015-04-08,Eastern Asia,21573,5.0,239.26,55.25,5.0,4.0,Late delivery,0,1.0,1,4,5.481721670293229,0,0,0,1
1090,2015-02-04,2015-02-10,Oceania,29623,4.0,318.56,-7.51,6.0,4.0,Late delivery,0,2.0,1,2,5.766945049613841,0,0,0,1
1091,2017-08-30,2017-09-03,US Center,24538,4.0,92.1,23.77,4.0,1.0,Late delivery,0,3.0,1,8,4.533674184283021,1,0,0,0
1092,2016-05-15,2016-05-22,US Center,23811,4.0,344.68,99.1,7.0,4.0,Late delivery,0,3.0,1,5,5.845513491623678,0,0,0,1
1093,2016-07-30,2016-08-05,South Asia,92360,1.0,243.92,96.72,6.0,4.0,Late delivery,0,2.0,1,7,5.500931626609754,0,0,0,1
1094,2015-05-18,2015-05-21,US Center,54310,1.0,190.66,64.37,3.0,4.0,Shipping on time,0,-1.0,0,5,5.255722968915616,0,0,0,1
1095,2016-06-27,2016-07-01,Eastern Asia,45185,4.0,36.216,13.54,4.0,2.0,Late delivery,0,2.0,1,6,3.6167387763362537,0,0,1,0
1096,2015-09-15,2015-09-20,US Center,50002,4.0,163.81,-8.8,5.0,4.0,Late delivery,0,1.0,1,9,5.104793295246089,0,0,0,1
1097,2016-11-05,2016-11-12,South Asia,17366,4.0,337.23,-48.46,7.0,4.0,Late delivery,0,3.0,1,11,5.82372613743877,0,0,0,1
1098,2015-04-15,2015-04-22,South Asia,13357,5.0,123.47,37.32,7.0,4.0,Late delivery,0,3.0,1,4,4.824064723012886,0,0,0,1
1099,2015-07-07,2015-07-13,US Center,79553,1.0,586.17,-2.73,6.0,4.0,Late delivery,0,2.0,1,7,6.375314386076916,0,0,0,1
1100,2017-02-28,2017-02-28,West Europe,87686,4.0,152.3,50.69,0.0,0.0,Shipping on time,0,0.0,0,2,5.0323967858777685,0,1,0,0
1101,2016-04-14,2016-04-18,Oceania,46830,2.0,78.94,18.12,4.0,2.0,Late delivery,0,2.0,1,4,4.3812763532831775,0,0,1,0
1102,2015-04-27,2015-04-30,South Asia,15028,2.0,208.46,81.42,3.0,4.0,Shipping on time,0,-1.0,0,4,5.344532790344999,0,0,0,1
1103,2015-05-02,2015-05-09,Central America,72981,4.0,174.09,-13.27,7.0,4.0,Late delivery,0,3.0,1,5,5.1653001274382255,0,0,0,1
1104,2015-11-16,2015-11-17,Central America,52700,2.0,241.05,-7.51,1.0,1.0,Shipping on time,0,0.0,0,11,5.489144316385703,1,0,0,0
1105,2017-07-07,2017-07-11,Central America,33274,3.0,127.54,26.69,4.0,4.0,Shipping on time,0,0.0,0,7,4.85624013994314,0,0,0,1
1106,2016-04-06,2016-04-11,South Asia,Unknown,2.0,320.24,-61.534,5.0,4.0,Late delivery,0,1.0,1,4,5.772188507320261,0,0,0,1
1107,2016-05-14,2016-05-18,Eastern Asia,70669,2.0,104.33,21.76,4.0,2.0,Late delivery,0,2.0,1,5,4.6570982788484505,0,0,1,0
1108,2016-05-04,2016-05-07,Central America,90478,2.0,158.03,20.48,3.0,4.0,Shipping on time,0,-1.0,0,5,5.069092863667825,0,0,0,1
1109,2015-05-13,2015-05-17,Eastern Asia,12040,1.0,68.74,6.33,4.0,4.0,Shipping on time,0,0.0,0,5,4.2447740412475055,0,0,0,1
1110,2015-07-27,2015-07-30,South Asia,69376,3.0,90.07,-14.1,3.0,2.0,Late delivery,0,1.0,1,7,4.511628441579727,0,0,1,0
1111,2017-08-27,2017-08-29,Eastern Asia,54713,1.0,165.11,40.79,2.0,1.0,Late delivery,0,1.0,1,8,5.112650219502986,1,0,0,0
1112,2015-05-01,2015-05-06,South Asia,98241,5.0,149.29,-16.49,5.0,4.0,Late delivery,1,1.0,1,5,5.012566760946003,0,0,0,1
1113,2016-08-03,2016-08-07,US Center,71005,1.0,111.31,24.29,4.0,1.0,Late delivery,0,3.0,1,8,4.721262904974945,1,0,0,0
1114,2015-11-04,2015-11-09,South Asia,63344,4.0,128.94,36.5,5.0,4.0,Late delivery,0,1.0,1,11,4.867072805452385,0,0,0,1
1115,2017-01-25,2017-01-30,US Center,77944,1.0,170.27,-8.06,5.0,2.0,Late delivery,0,3.0,1,1,5.143241258644277,0,0,1,0
1116,2015-06-21,2015-06-24,Oceania,61133,1.0,232.28,74.16,3.0,1.0,Late delivery,0,2.0,1,6,5.452239448820293,1,0,0,0
1117,2017-03-14,2017-03-21,Central America,94762,2.0,232.58,-14.05,7.0,4.0,Late delivery,0,3.0,1,3,5.45352463085042,0,0,0,1
1119,2016-11-26,2016-11-29,Oceania,29384,5.0,165.52,46.96,3.0,1.0,Late delivery,0,2.0,1,11,5.115115422326775,1,0,0,0
1120,2016-06-03,2016-06-08,Central America,68028,4.0,105.15,34.84,5.0,4.0,Late delivery,0,1.0,1,6,4.664853188149265,0,0,0,1
1121,2016-03-19,2016-03-24,Oceania,20343,5.0,56.01,19.84,5.0,2.0,Late delivery,0,3.0,1,3,4.043226691043491,0,0,1,0
1122,2016-05-21,2016-05-23,Eastern Asia,91049,2.0,118.51,31.23,2.0,2.0,Shipping on time,0,0.0,0,5,4.783400049878789,0,0,1,0
1123,2015-10-08,2015-10-15,Central America,31217,4.0,90.34,-16.95,7.0,4.0,Late delivery,0,3.0,1,10,4.514588807756853,0,0,0,1
1124,2016-09-09,2016-09-12,Eastern Asia,16290,3.0,48.72,15.02,3.0,2.0,Late delivery,0,1.0,1,9,3.9064072666425105,0,0,1,0
1125,2015-02-21,2015-02-27,Oceania,55863,5.0,396.98,126.27,6.0,4.0,Late delivery,0,2.0,1,2,5.98640175276552,0,0,0,1
1126,2016-09-30,2016-10-04,US Center,40345,1.0,48.02,16.62,4.0,4.0,Shipping on time,0,0.0,0,9,3.8922283780999667,0,0,0,1
1127,2016-09-15,2016-09-19,US Center,85704,5.0,181.56,0.52,4.0,4.0,Shipping on time,0,0.0,0,9,5.207078886113766,0,0,0,1
1128,2017-04-05,2017-04-09,US Center,44633,1.0,204.94,-24.13,4.0,4.0,Shipping on time,0,0.0,0,4,5.327584864228605,0,0,0,1
1129,2015-04-21,2015-04-24,South Asia,94105,5.0,126.99,36.47,3.0,4.0,Shipping on time,0,-1.0,0,4,4.8519521358677,0,0,0,1
1130,2016-08-04,2016-08-08,Central America,29374,2.0,702.35,-24.25,4.0,1.0,Late delivery,0,3.0,1,8,6.555854634203705,1,0,0,0
1131,2016-01-05,2016-01-11,West Europe,16539,1.0,148.25,6.78,6.0,4.0,Late delivery,0,2.0,1,1,5.0056227522727115,0,0,0,1
1132,2016-04-06,2016-04-11,South Asia,64735,4.0,91.99,31.03,5.0,4.0,Late delivery,0,1.0,1,4,4.5324919604901055,0,0,0,1
1133,2017-06-08,2017-06-14,Eastern Asia,60833,1.0,932.5600000000057,-61.534,6.0,4.0,Late delivery,0,2.0,1,6,6.839005235153027,0,0,0,1
1134,2017-04-04,2017-04-06,US Center,92479,1.0,90.11,-2.94,2.0,0.0,Late delivery,0,2.0,1,4,4.512067567725767,0,1,0,0
1135,2017-06-23,2017-06-29,Oceania,34494,5.0,61.28,-0.04,6.0,4.0,Late delivery,0,2.0,1,6,4.131640346965797,0,0,0,1
1136,2017-07-31,2017-07-31,Eastern Asia,65715,2.0,79.55,22.75,0.0,0.0,Shipping on time,0,0.0,0,7,4.388878109622984,0,1,0,0
1137,2017-04-02,2017-04-07,Central America,31756,5.0,99.17,36.7,5.0,4.0,Late delivery,0,1.0,1,4,4.606868742623673,0,0,0,1
1138,2016-07-23,2016-07-26,Oceania,94923,3.0,150.54,-14.98,3.0,4.0,Shipping on time,0,-1.0,0,7,5.020849616503227,0,0,0,1
1139,2015-07-13,2015-07-16,South Asia,12765,2.0,179.72,-5.44,3.0,1.0,Late delivery,0,2.0,1,7,5.196948872159748,1,0,0,0
1140,2016-04-12,2016-04-13,West Europe,61993,3.0,58.13,15.27,1.0,2.0,Shipping on time,0,-1.0,0,4,4.079738409832738,0,0,1,0
1141,2017-07-30,2017-08-05,South Asia,85692,4.0,181.11,-12.97,6.0,4.0,Late delivery,0,2.0,1,7,5.2046109001077285,0,0,0,1
1142,2015-08-11,2015-08-17,US Center,73057,2.0,568.54,90.41,6.0,4.0,Late delivery,0,2.0,1,8,6.344829017470775,0,0,0,1
1143,2015-05-21,2015-05-23,West Europe,63392,2.0,94.87,6.96,2.0,1.0,Late delivery,0,1.0,1,5,4.562993107088905,1,0,0,0
1144,2017-01-18,2017-01-22,Oceania,82870,3.0,135.16,41.04,4.0,4.0,Shipping on time,0,0.0,0,1,4.913830664825064,0,0,0,1
1145,2017-07-07,2017-07-10,US Center,54988,2.0,223.48,-9.43,3.0,1.0,Late delivery,0,2.0,1,7,5.413786616354151,1,0,0,0
1146,2015-01-31,2015-02-04,South Asia,81090,5.0,304.61,34.55,4.0,4.0,Shipping on time,0,0.0,0,1,5.722309779270085,0,0,0,1
1147,2017-01-18,2017-01-22,Central America,25974,4.0,97.57,14.85,4.0,4.0,Shipping on time,0,0.0,0,1,4.590766955677347,0,0,0,1
1148,2017-03-19,2017-03-25,US Center,46430,3.0,81.57,-14.33,6.0,4.0,Late delivery,0,2.0,1,3,4.413646418429337,0,0,0,1
1149,2017-08-28,2017-08-29,Oceania,11715,2.0,160.44,-12.74,1.0,0.0,Late delivery,1,1.0,1,8,5.084133556605299,0,1,0,0
1150,2017-05-23,2017-05-26,Oceania,58302,5.0,285.27,-22.06,3.0,4.0,Shipping on time,0,-1.0,0,5,5.656935421423358,0,0,0,1
1151,2017-09-11,2017-09-14,West Europe,51245,5.0,253.19,-44.34,3.0,1.0,Late delivery,0,2.0,1,9,5.538082018878482,1,0,0,0
1152,2015-06-02,2015-06-06,US Center,46964,5.0,39.24,1.21,4.0,2.0,Late delivery,0,2.0,1,6,3.6948615257914836,0,0,1,0
1153,2016-06-09,2016-06-12,South Asia,18260,2.0,39.85,5.49,3.0,2.0,Late delivery,0,1.0,1,6,3.709906821306012,0,0,1,0
1154,2017-04-07,2017-04-09,US Center,17811,1.0,68.97,6.33,2.0,2.0,Shipping on time,0,0.0,0,4,4.248066578757805,0,0,1,0
1155,2015-11-09,2015-11-09,South Asia,89564,4.0,58.78,10.76,0.0,0.0,Shipping on time,0,0.0,0,11,4.090671156855792,0,1,0,0
1156,2017-03-13,2017-03-16,Central America,77428,3.0,187.86,27.7,3.0,4.0,Shipping on time,0,-1.0,0,3,5.241005999834923,0,0,0,1
1157,2017-07-07,2017-07-10,US Center,89975,3.0,167.39,38.39,3.0,4.0,Shipping on time,0,-1.0,0,7,5.126282717622217,0,0,0,1
1158,2017-06-20,2017-06-27,Eastern Asia,31846,3.0,482.59,150.12,7.0,4.0,Late delivery,0,3.0,1,6,6.181237440280355,0,0,0,1
1159,2015-11-10,2015-11-16,US Center,97453,3.0,237.48,-44.32,6.0,4.0,Late delivery,0,2.0,1,11,5.474285449369816,0,0,0,1
1160,2017-03-19,2017-03-25,West Europe,79352,5.0,157.74,-25.29,6.0,4.0,Late delivery,0,2.0,1,3,5.0672676436627295,0,0,0,1
1161,2015-11-29,2015-11-29,US Center,32597,1.0,300.42,-54.83,0.0,1.0,Shipping on time,0,-1.0,0,11,5.7085046409915305,1,0,0,0
1162,2017-06-28,2017-07-01,US Center,43874,4.0,85.07,11.39,3.0,1.0,Late delivery,0,2.0,1,6,4.455160918661383,1,0,0,0
1163,2016-07-22,2016-07-28,Eastern Asia,73176,2.0,62.54,-6.67,6.0,4.0,Late delivery,0,2.0,1,7,4.15166962884137,0,0,0,1
1164,2017-03-07,2017-03-08,South Asia,32206,4.0,149.42,13.99,1.0,2.0,Shipping on time,0,-1.0,0,3,5.013431381398257,0,0,1,0
1165,2015-05-22,2015-05-25,Eastern Asia,12499,3.0,259.43,-8.71,3.0,4.0,Shipping on time,0,-1.0,0,5,5.562334111071826,0,0,0,1
1166,2015-05-28,2015-06-03,South Asia,47384,5.0,54.63,2.85,6.0,4.0,Late delivery,0,2.0,1,5,4.018722624087202,0,0,0,1
1167,2016-04-01,2016-04-05,West Europe,31317,4.0,252.56,15.79,4.0,2.0,Late delivery,0,2.0,1,4,5.535600481415965,0,0,1,0
1168,2016-09-10,2016-09-17,Eastern Asia,48370,1.0,247.18,38.71,7.0,4.0,Late delivery,0,3.0,1,9,5.5141542893464734,0,0,0,1
1169,2015-05-18,2015-05-18,Eastern Asia,14737,1.0,160.44,-20.04,0.0,0.0,Shipping on time,1,0.0,0,5,5.084133556605299,0,1,0,0
1170,2015-10-18,2015-10-22,Eastern Asia,28488,1.0,162.37,16.32,4.0,4.0,Shipping on time,0,0.0,0,10,5.096017567038417,0,0,0,1
1171,2016-03-29,2016-04-03,Eastern Asia,40778,1.0,123.96,-2.35,5.0,2.0,Late delivery,0,3.0,1,3,4.827993686091376,0,0,1,0
1172,2016-11-09,2016-11-12,South Asia,80376,3.0,153.89,20.5,3.0,2.0,Late delivery,0,1.0,1,11,5.042715187559668,0,0,1,0
1173,2017-06-26,2017-06-30,South Asia,41670,5.0,239.53,9.46,4.0,4.0,Shipping on time,0,0.0,0,6,5.482844821891153,0,0,0,1
1174,2017-02-04,2017-02-07,Eastern Asia,50759,4.0,89.78,-16.91,3.0,4.0,Shipping on time,0,-1.0,0,2,4.508438997028319,0,0,0,1
1175,2017-07-09,2017-07-12,Eastern Asia,24915,3.0,275.99,18.28,3.0,4.0,Shipping on time,0,-1.0,0,7,5.623981404452646,0,0,0,1
1176,2017-07-10,2017-07-15,South Asia,69954,4.0,248.9,32.43,5.0,2.0,Late delivery,0,3.0,1,7,5.521060837840906,0,0,1,0
1177,2017-08-16,2017-08-19,Central America,72025,5.0,254.58,81.22,3.0,1.0,Late delivery,0,2.0,1,8,5.543535472180557,1,0,0,0
1178,2017-04-20,2017-04-24,Eastern Asia,52607,5.0,44.1,3.76,4.0,2.0,Late delivery,0,2.0,1,4,3.8088822465086327,0,0,1,0
1179,2016-12-26,2017-01-01,Central America,46875,1.0,47.1,-1.5,6.0,4.0,Late delivery,0,2.0,1,12,3.8732821771117156,0,0,0,1
1180,2016-07-07,2016-07-09,Oceania,40727,1.0,223.3,-41.35,2.0,1.0,Late delivery,0,1.0,1,7,5.412984441526163,1,0,0,0
1181,2017-01-16,2017-01-17,Central America,54363,2.0,102.46,-10.55,1.0,1.0,Shipping on time,0,0.0,0,1,4.639185064575369,1,0,0,0
1182,2017-07-15,2017-07-16,Central America,64164,1.0,96.14,35.39,1.0,1.0,Shipping on time,0,0.0,0,7,4.576153236917599,1,0,0,0
1183,2016-03-03,2016-03-08,West Europe,84572,5.0,91.91,11.68,5.0,4.0,Late delivery,0,1.0,1,3,4.531631282653221,0,0,0,1
1184,2015-12-13,2015-12-16,Central America,92427,2.0,64.63,22.4,3.0,1.0,Late delivery,0,2.0,1,12,4.184032908485631,1,0,0,0
1185,2017-06-13,2017-06-19,Oceania,87368,1.0,122.96,-16.52,6.0,4.0,Late delivery,0,2.0,1,6,4.819958932919548,0,0,0,1
1186,2016-11-02,2016-11-07,US Center,33899,4.0,94.28,-9.81,5.0,4.0,Late delivery,0,1.0,1,11,4.556819925047044,0,0,0,1
1187,2015-05-15,2015-05-19,South Asia,71525,1.0,98.2,32.17,4.0,4.0,Shipping on time,0,0.0,0,5,4.597138014290827,0,0,0,1
1188,2015-10-02,2015-10-09,South Asia,75706,2.0,196.05,-33.98,7.0,4.0,Late delivery,0,3.0,1,10,5.283457503641013,0,0,0,1
1189,2015-06-16,2015-06-20,Central America,58831,4.0,71.23,6.14,4.0,4.0,Shipping on time,0,0.0,0,6,4.2798554720627555,0,0,0,1
1190,2017-07-31,2017-08-03,Eastern Asia,10508,4.0,290.63,56.1,3.0,4.0,Shipping on time,0,-1.0,0,7,5.675485875501087,0,0,0,1
1191,2015-04-29,2015-05-04,South Asia,54693,3.0,37.77,4.46,5.0,4.0,Late delivery,0,1.0,1,4,3.657646751682838,0,0,0,1
1192,2015-02-19,2015-02-22,Central America,87923,3.0,675.3,133.38,3.0,4.0,Shipping on time,0,-1.0,0,2,6.516636764580894,0,0,0,1
1193,2016-02-13,2016-02-17,Central America,66830,5.0,63.89,-10.94,4.0,4.0,Shipping on time,0,0.0,0,2,4.1726935286330775,0,0,0,1
1194,2016-03-18,2016-03-22,Central America,72612,2.0,208.92,27.11,4.0,4.0,Shipping on time,0,0.0,0,3,5.346726505755724,0,0,0,1
1195,2015-03-01,2015-03-02,West Europe,59287,5.0,255.46,30.69,1.0,2.0,Shipping on time,0,-1.0,0,3,5.54697270703097,0,0,1,0
1197,2016-12-04,2016-12-11,US Center,92003,2.0,230.53,20.64,7.0,4.0,Late delivery,0,3.0,1,12,5.444709454763107,0,0,0,1
1198,2017-02-26,2017-02-27,Oceania,30859,3.0,137.05,-0.73,1.0,1.0,Shipping on time,0,0.0,0,2,4.927615938376164,1,0,0,0
1200,2017-02-09,2017-02-10,South Asia,78246,5.0,180.67,-18.0,1.0,1.0,Shipping on time,0,0.0,0,2,5.202191854450653,1,0,0,0
1201,2016-11-20,2016-11-25,Oceania,97088,1.0,294.29,78.61,5.0,2.0,Late delivery,0,3.0,1,11,5.68795792430923,0,0,1,0
1202,2017-06-04,2017-06-09,West Europe,29898,5.0,104.55,12.82,5.0,2.0,Late delivery,0,3.0,1,6,4.65918477429433,0,0,1,0
1203,2016-07-17,2016-07-24,US Center,93562,3.0,51.95,-2.08,7.0,4.0,Late delivery,0,3.0,1,7,3.9693480720474157,0,0,0,1
1204,2015-04-29,2015-05-03,US Center,36862,2.0,101.35,21.94,4.0,4.0,Shipping on time,0,0.0,0,4,4.628398312107299,0,0,0,1
1205,2016-11-22,2016-11-27,South Asia,72983,1.0,178.53,-2.2,5.0,4.0,Late delivery,0,1.0,1,11,5.190342324882738,0,0,0,1
1207,2016-12-03,2016-12-06,Oceania,15523,3.0,287.44,113.02,3.0,0.0,Late delivery,0,3.0,1,12,5.664487092048558,0,1,0,0
1208,2016-07-01,2016-07-04,Eastern Asia,13015,5.0,205.79,74.01,3.0,1.0,Late delivery,0,2.0,1,7,5.33170378556567,1,0,0,0
1209,2017-02-25,2017-02-28,Eastern Asia,93183,1.0,199.52,13.61,3.0,4.0,Shipping on time,0,-1.0,0,2,5.300913992395302,0,0,0,1
1210,2017-06-02,2017-06-08,US Center,44919,5.0,43.11,-1.84,6.0,4.0,Late delivery,0,2.0,1,6,3.786686514116848,0,0,0,1
1211,2016-04-23,2016-04-28,US Center,59530,4.0,570.88,140.14,5.0,4.0,Late delivery,0,1.0,1,4,6.348929179160963,0,0,0,1
1212,2016-02-21,2016-02-24,South Asia,54589,5.0,150.87,57.64,3.0,4.0,Shipping on time,0,-1.0,0,2,5.023024891742178,0,0,0,1
1213,2016-07-24,2016-07-26,Oceania,68551,2.0,932.5600000000057,174.0700000000001,2.0,2.0,Shipping on time,0,0.0,0,7,6.839005235153027,0,0,1,0
1214,2016-11-02,2016-11-06,West Europe,61281,2.0,118.49,18.63,4.0,2.0,Late delivery,0,2.0,1,11,4.7832326858616625,0,0,1,0
1215,2015-09-08,2015-09-12,US Center,14879,1.0,133.46,33.79,4.0,4.0,Shipping on time,0,0.0,0,9,4.901266757040891,0,0,0,1
1216,2015-04-09,2015-04-09,Oceania,93199,1.0,151.87,60.52,0.0,1.0,Shipping on time,0,-1.0,0,4,5.0295878870129425,1,0,0,0
1217,2016-05-16,2016-05-21,Oceania,64518,4.0,383.49,-8.77,5.0,2.0,Late delivery,0,3.0,1,5,5.951917780805149,0,0,1,0
1218,2016-10-28,2016-11-04,Central America,23238,3.0,370.08,-53.43,7.0,4.0,Late delivery,0,3.0,1,10,5.91641767278507,0,0,0,1
1219,2015-03-31,2015-04-01,US Center,53763,3.0,213.77,53.56,1.0,2.0,Shipping on time,0,-1.0,0,3,5.369567688076203,0,0,1,0
1220,2015-07-11,2015-07-11,US Center,61161,5.0,493.16,174.0700000000001,0.0,1.0,Shipping on time,0,-1.0,0,7,6.2028593513876435,1,0,0,0
1221,2017-08-12,2017-08-19,Central America,13137,2.0,115.14,16.95,7.0,4.0,Late delivery,0,3.0,1,8,4.754796359943904,0,0,0,1
1222,2016-06-20,2016-06-24,Oceania,51243,3.0,201.24,-3.61,4.0,4.0,Shipping on time,0,0.0,0,6,5.309455110958493,0,0,0,1
1223,2017-07-18,2017-07-19,Central America,20735,4.0,110.98,3.61,1.0,2.0,Shipping on time,0,-1.0,0,7,4.718320283920748,0,0,1,0
1224,2017-01-10,2017-01-13,Central America,13226,4.0,323.89,-61.534,3.0,2.0,Late delivery,0,1.0,1,1,5.783486663500242,0,0,1,0
1225,2015-03-15,2015-03-21,Eastern Asia,73643,5.0,150.05,37.14,6.0,4.0,Late delivery,0,2.0,1,3,5.017610907832681,0,0,0,1
1226,2015-05-10,2015-05-12,Oceania,64451,1.0,267.01,103.68,2.0,2.0,Shipping on time,0,0.0,0,5,5.591024293247564,0,0,1,0
1227,2015-01-11,2015-01-13,South Asia,79554,5.0,421.43,-48.23,2.0,2.0,Shipping on time,0,0.0,0,1,6.04602375259733,0,0,1,0
1228,2017-05-04,2017-05-05,Oceania,17985,3.0,41.32,6.25,1.0,1.0,Shipping on time,0,0.0,0,5,3.7452597875500437,1,0,0,0
1230,2015-09-08,2015-09-12,West Europe,76349,1.0,178.59,32.28,4.0,4.0,Shipping on time,0,0.0,0,9,5.190676475030645,0,0,0,1
1231,2016-06-10,2016-06-15,US Center,29029,1.0,120.89,46.17,5.0,2.0,Late delivery,0,3.0,1,6,4.803118998667745,0,0,1,0
1232,2016-10-27,2016-10-30,Eastern Asia,73664,1.0,45.48,13.36,3.0,1.0,Late delivery,0,2.0,1,10,3.8390221125436557,1,0,0,0
1233,2016-04-24,2016-04-27,South Asia,23387,3.0,122.15,21.5,3.0,1.0,Late delivery,0,2.0,1,4,4.813403124566547,1,0,0,0
1234,2015-03-06,2015-03-10,Central America,76737,2.0,36.216,-6.39,4.0,4.0,Shipping on time,0,0.0,0,3,3.6167387763362537,0,0,0,1
1235,2015-12-04,2015-12-07,Eastern Asia,74122,2.0,155.24,0.22,3.0,4.0,Shipping on time,0,-1.0,0,12,5.051393286568423,0,0,0,1
1236,2016-01-13,2016-01-18,US Center,36575,2.0,132.54,-0.48,5.0,2.0,Late delivery,0,3.0,1,1,4.894401058429723,0,0,1,0
1237,2016-09-14,2016-09-18,West Europe,33148,3.0,149.29,104.99,4.0,4.0,Shipping on time,1,0.0,0,9,5.012566760946003,0,0,0,1
1238,2016-11-03,2016-11-08,Oceania,89118,3.0,120.42,-14.15,5.0,4.0,Late delivery,0,1.0,1,11,4.799255609702288,0,0,0,1
1239,2016-02-05,2016-02-07,Oceania,62547,3.0,284.0,-16.32,2.0,1.0,Late delivery,0,1.0,1,2,5.652489180268651,1,0,0,0
1240,2015-10-27,2015-11-02,US Center,10491,4.0,300.88,-39.37,6.0,4.0,Late delivery,0,2.0,1,10,5.710029587416668,0,0,0,1
1241,2016-02-10,2016-02-16,Central America,61269,2.0,149.29,111.59,6.0,4.0,Late delivery,1,2.0,1,2,5.012566760946003,0,0,0,1
1242,2015-05-22,2015-05-25,US Center,88989,3.0,149.29,-25.11,3.0,4.0,Shipping on time,1,-1.0,0,5,5.012566760946003,0,0,0,1
1243,2015-02-02,2015-02-03,South Asia,26805,4.0,234.89,6.09,1.0,2.0,Shipping on time,0,-1.0,0,2,5.463365594671535,0,0,1,0
1244,2015-06-23,2015-06-29,West Europe,61544,2.0,57.99,0.58,6.0,4.0,Late delivery,0,2.0,1,6,4.077367938014984,0,0,0,1
1245,2016-08-16,2016-08-23,South Asia,90978,2.0,74.61,25.05,7.0,4.0,Late delivery,0,3.0,1,8,4.3255885495701785,0,0,0,1
1246,2016-08-05,2016-08-12,Eastern Asia,Unknown,1.0,149.29,-20.86,7.0,4.0,Late delivery,1,3.0,1,8,5.012566760946003,0,0,0,1
1247,2015-03-25,2015-03-30,South Asia,51591,4.0,145.3,35.2,5.0,2.0,Late delivery,0,3.0,1,3,4.9856593080260785,0,0,1,0
1248,2017-01-10,2017-01-10,South Asia,39229,3.0,69.92,4.81,0.0,1.0,Shipping on time,0,-1.0,0,1,4.2615524812060075,1,0,0,0
1249,2017-05-08,2017-05-15,South Asia,35949,5.0,114.46,-0.74,5.0,4.0,Late delivery,0,1.0,1,5,4.748924149632788,0,0,0,1
1250,2015-08-31,2015-09-04,Oceania,52669,5.0,226.78,-40.9,4.0,4.0,Shipping on time,0,0.0,0,8,5.428380250846205,0,0,0,1
1251,2016-04-22,2016-04-26,Oceania,92437,5.0,149.29,78.94,4.0,4.0,Shipping on time,1,0.0,0,4,5.012566760946003,0,0,0,1
1252,2016-01-15,2016-01-21,Central America,21808,5.0,134.15,51.08,6.0,4.0,Late delivery,0,2.0,1,1,4.906385272722456,0,0,0,1
1253,2015-12-21,2015-12-25,Oceania,86835,1.0,85.4,21.14,4.0,4.0,Shipping on time,0,0.0,0,12,4.45898767581001,0,0,0,1
1254,2017-08-26,2017-08-31,West Europe,17872,5.0,344.93,-36.37,5.0,4.0,Late delivery,0,1.0,1,8,5.846236442451135,0,0,0,1
1255,2016-10-23,2016-10-30,Central America,42358,5.0,440.51,-54.34,7.0,4.0,Late delivery,0,3.0,1,10,6.0902006698441316,0,0,0,1
1256,2016-11-29,2016-12-06,Oceania,20388,5.0,167.45,20.75,7.0,4.0,Late delivery,0,3.0,1,11,5.126638969852562,0,0,0,1
1257,2017-06-04,2017-06-07,South Asia,59365,5.0,137.63,25.57,3.0,2.0,Late delivery,0,1.0,1,6,4.931808513550284,0,0,1,0
1258,2016-04-28,2016-05-03,Eastern Asia,41274,3.0,411.0,146.76,5.0,4.0,Late delivery,0,1.0,1,4,6.021023349349527,0,0,0,1
1259,2015-06-18,2015-06-22,South Asia,89479,1.0,198.25,72.94,4.0,4.0,Shipping on time,0,0.0,0,6,5.294560317670324,0,0,0,1
1260,2016-12-02,2016-12-06,Oceania,74838,3.0,97.87,31.42,4.0,4.0,Shipping on time,0,0.0,0,12,4.593805855909042,0,0,0,1
1261,2016-02-06,2016-02-07,Central America,54545,5.0,64.47,-7.93,1.0,2.0,Shipping on time,0,-1.0,0,2,4.181592022453,0,0,1,0
1262,2017-08-10,2017-08-15,US Center,59331,2.0,102.85,6.86,5.0,4.0,Late delivery,0,1.0,1,8,4.642947550322122,0,0,0,1
1263,2017-08-31,2017-09-04,US Center,24927,2.0,569.95,-39.17,4.0,4.0,Shipping on time,0,0.0,0,8,6.347301640147657,0,0,0,1
1264,2016-01-24,2016-01-30,West Europe,22191,4.0,102.62,17.28,6.0,4.0,Late delivery,0,2.0,1,1,4.640730361386642,0,0,0,1
1265,2017-05-13,2017-05-19,Central America,35000,3.0,873.99,-42.5,6.0,4.0,Late delivery,0,2.0,1,5,6.774212457720879,0,0,0,1
1266,2017-01-03,2017-01-04,Central America,52559,3.0,147.65,8.77,1.0,1.0,Shipping on time,0,0.0,0,1,5.001594549444107,1,0,0,0
1267,2016-01-27,2016-02-02,Oceania,93973,1.0,129.45,43.51,6.0,4.0,Late delivery,0,2.0,1,1,4.870990011582737,0,0,0,1
1268,2016-11-01,2016-11-08,Central America,90953,3.0,333.71,-13.88,7.0,4.0,Late delivery,0,3.0,1,11,5.813264485273198,0,0,0,1
1269,2015-12-29,2015-12-30,Eastern Asia,91766,2.0,127.18,41.53,1.0,1.0,Shipping on time,0,0.0,0,12,4.853435526076081,1,0,0,0
1270,2017-04-09,2017-04-12,Central America,17762,1.0,186.73,31.04,3.0,2.0,Late delivery,0,1.0,1,4,5.23500476033627,0,0,1,0
1271,2017-03-26,2017-04-02,South Asia,45489,2.0,78.02,-3.24,7.0,4.0,Late delivery,0,3.0,1,3,4.369700984983244,0,0,0,1
1272,2017-08-08,2017-08-11,Eastern Asia,85969,1.0,68.79,14.39,3.0,4.0,Shipping on time,0,-1.0,0,8,4.245490733029061,0,0,0,1
1273,2015-03-26,2015-03-28,Central America,72903,2.0,93.96,18.19,2.0,1.0,Late delivery,0,1.0,1,3,4.553455750301413,1,0,0,0
1274,2016-12-14,2016-12-18,Oceania,64783,4.0,169.7,5.82,4.0,4.0,Shipping on time,0,0.0,0,12,5.139907629800395,0,0,0,1
1275,2015-04-29,2015-05-02,US Center,60822,1.0,98.31,29.98,3.0,2.0,Late delivery,0,1.0,1,4,4.598246270915268,0,0,1,0
1276,2017-04-08,2017-04-12,Central America,69811,3.0,44.2,11.32,4.0,4.0,Shipping on time,0,0.0,0,4,3.8110970868381857,0,0,0,1
1277,2016-07-25,2016-07-27,Central America,63795,1.0,198.41,31.21,2.0,2.0,Shipping on time,0,0.0,0,7,5.2953630067216,0,0,1,0
1278,2016-05-01,2016-05-02,Eastern Asia,91392,4.0,133.75,27.54,1.0,2.0,Shipping on time,0,-1.0,0,5,4.903421209789107,0,0,1,0
1279,2016-07-22,2016-07-24,US Center,12440,2.0,124.64,36.53,2.0,1.0,Late delivery,0,1.0,1,7,4.833420674670446,1,0,0,0
1280,2017-07-07,2017-07-11,Eastern Asia,38312,1.0,101.51,14.7,4.0,2.0,Late delivery,0,2.0,1,7,4.62996035479531,0,0,1,0
1281,2016-07-23,2016-07-27,Eastern Asia,49063,1.0,37.02,8.81,5.0,4.0,Shipping on time,0,1.0,1,7,3.6381123370602833,0,0,0,1
1282,2017-08-04,2017-08-07,West Europe,50737,4.0,393.85,37.0,3.0,4.0,Shipping on time,0,-1.0,0,8,5.97850594594359,0,0,0,1
1283,2017-02-04,2017-02-11,West Europe,57717,1.0,110.19,7.46,7.0,4.0,Late delivery,0,3.0,1,2,4.711240449715158,0,0,0,1
1284,2017-09-03,2017-09-04,Central America,74339,5.0,204.87,3.96,1.0,2.0,Shipping on time,0,-1.0,0,9,5.327244901621217,0,0,1,0
1285,2017-05-31,2017-06-05,US Center,34411,1.0,349.09,8.31,5.0,4.0,Late delivery,0,1.0,1,5,5.858190264285044,0,0,0,1
1286,2015-03-12,2015-03-16,South Asia,95621,1.0,296.85,87.91,4.0,4.0,Shipping on time,0,0.0,0,3,5.696590004074697,0,0,0,1
1287,2016-02-04,2016-02-08,West Europe,42773,4.0,167.81,2.89,4.0,4.0,Shipping on time,0,0.0,0,2,5.128773822113297,0,0,0,1
1288,2016-01-12,2016-01-17,Oceania,72619,5.0,149.0,20.62,5.0,2.0,Late delivery,0,3.0,1,1,5.0106352940962555,0,0,1,0
1289,2015-11-22,2015-11-24,Central America,29315,4.0,178.92,4.84,2.0,1.0,Late delivery,0,1.0,1,11,5.19251230765106,1,0,0,0
1290,2016-06-19,2016-06-26,Central America,83507,1.0,259.02,40.29,5.0,4.0,Late delivery,0,1.0,1,6,5.560758551134023,0,0,0,1
1291,2017-04-29,2017-05-06,Oceania,68484,3.0,211.67,-26.47,5.0,4.0,Late delivery,0,1.0,1,4,5.359741668535036,0,0,0,1
1292,2015-06-16,2015-06-20,West Europe,28543,4.0,112.55,-20.47,4.0,2.0,Late delivery,0,2.0,1,6,4.732243268551567,0,0,1,0
1293,2015-09-02,2015-09-06,Oceania,33880,2.0,195.54,3.12,4.0,2.0,Late delivery,0,2.0,1,9,5.280865972934281,0,0,1,0
1294,2015-11-05,2015-11-09,Eastern Asia,10107,3.0,187.03,-7.81,4.0,2.0,Late delivery,0,2.0,1,11,5.236601524567384,0,0,1,0
1295,2017-05-25,2017-05-25,Eastern Asia,66196,5.0,227.37,71.44,0.0,0.0,Shipping on time,0,0.0,0,5,5.4309671206435,0,1,0,0
1296,2015-04-07,2015-04-10,US Center,81878,2.0,168.18,44.86,3.0,1.0,Late delivery,0,2.0,1,4,5.130963236875869,1,0,0,0
1297,2016-12-08,2016-12-10,South Asia,31600,5.0,344.61,108.72,2.0,1.0,Late delivery,0,1.0,1,12,5.845310971696471,1,0,0,0
1298,2015-07-08,2015-07-11,West Europe,79881,2.0,167.82,15.26,3.0,2.0,Late delivery,0,1.0,1,7,5.128833058555574,0,0,1,0
1299,2017-04-26,2017-05-01,West Europe,17023,4.0,256.23,49.02,5.0,4.0,Late delivery,0,1.0,1,4,5.549970626307962,0,0,0,1
1300,2017-07-05,2017-07-10,South Asia,84278,1.0,152.3,38.9,5.0,2.0,Late delivery,0,3.0,1,7,5.0323967858777685,0,0,1,0
1301,2016-09-29,2016-10-02,US Center,53176,2.0,104.1,-0.77,3.0,4.0,Shipping on time,0,-1.0,0,9,4.6549122778829055,0,0,0,1
1302,2016-10-17,2016-10-21,Oceania,72807,4.0,82.8,-11.34,4.0,2.0,Late delivery,0,2.0,1,10,4.428433007488037,0,0,1,0
1303,2015-04-17,2015-04-22,Oceania,82171,5.0,134.44,51.21,5.0,2.0,Late delivery,0,3.0,1,4,4.90852873782488,0,0,1,0
1304,2017-04-04,2017-04-09,Eastern Asia,56570,1.0,206.24,74.19,5.0,2.0,Late delivery,0,3.0,1,4,5.333877541946587,0,0,1,0
1305,2016-12-15,2016-12-22,Central America,66292,4.0,323.65,-51.56,7.0,4.0,Late delivery,0,3.0,1,12,5.782747678954496,0,0,0,1
1306,2015-03-01,2015-03-04,Eastern Asia,58787,5.0,140.32,-13.39,3.0,4.0,Shipping on time,0,-1.0,0,3,4.951026822490944,0,0,0,1
1307,2016-05-11,2016-05-14,Oceania,77491,4.0,107.67,32.36,3.0,4.0,Shipping on time,0,-1.0,0,5,4.68831576707476,0,0,0,1
1308,2016-04-21,2016-04-25,US Center,50783,5.0,108.45,21.22,4.0,4.0,Shipping on time,0,0.0,0,4,4.695467823968872,0,0,0,1
1309,2015-07-03,2015-07-05,US Center,97143,5.0,328.26,90.43,2.0,1.0,Late delivery,0,1.0,1,7,5.796847712219876,1,0,0,0
1310,2017-09-22,2017-09-25,Oceania,13587,5.0,158.31,14.38,3.0,4.0,Shipping on time,0,-1.0,0,9,5.070851989584804,0,0,0,1
1311,2015-04-13,2015-04-17,Central America,53535,3.0,108.98,-7.17,4.0,4.0,Shipping on time,0,0.0,0,4,4.700298531079668,0,0,0,1
1312,2016-10-19,2016-10-22,Eastern Asia,95482,1.0,233.92,-21.56,3.0,4.0,Shipping on time,0,-1.0,0,10,5.459245030654318,0,0,0,1
1313,2015-09-20,2015-09-22,Central America,92437,4.0,65.77,22.72,2.0,2.0,Shipping on time,0,0.0,0,9,4.201253877869777,0,0,1,0
1314,2017-04-06,2017-04-11,Eastern Asia,51525,4.0,159.35,19.99,5.0,4.0,Late delivery,0,1.0,1,4,5.077358926139164,0,0,0,1
1315,2015-05-06,2015-05-07,Central America,15559,1.0,144.46,16.8,1.0,1.0,Shipping on time,0,0.0,0,5,4.979901134726394,1,0,0,0
1316,2015-12-21,2015-12-23,South Asia,18987,5.0,136.56,22.67,2.0,1.0,Late delivery,0,1.0,1,12,4.924060185564065,1,0,0,0
1317,2015-05-16,2015-05-19,West Europe,58114,5.0,72.9,15.34,3.0,4.0,Shipping on time,0,-1.0,0,5,4.302712827954156,0,0,0,1
1318,2015-09-26,2015-10-02,Eastern Asia,29408,3.0,271.42,-9.51,6.0,4.0,Late delivery,0,2.0,1,9,5.607344993019195,0,0,0,1
1319,2017-04-23,2017-04-27,US Center,37949,4.0,417.79,-61.534,4.0,2.0,Late delivery,0,2.0,1,4,6.037369600965363,0,0,1,0
1320,2017-03-21,2017-03-23,Eastern Asia,97613,3.0,65.66,23.18,2.0,0.0,Late delivery,0,2.0,1,3,4.199605072879594,0,1,0,0
1321,2017-08-08,2017-08-12,West Europe,32977,4.0,159.71,-14.74,4.0,4.0,Shipping on time,0,0.0,0,8,5.0796014985609785,0,0,0,1
1322,2015-08-26,2015-08-31,Eastern Asia,60913,4.0,220.64,53.77,5.0,2.0,Late delivery,0,3.0,1,8,5.401054443999149,0,0,1,0
1323,2017-09-21,2017-09-24,US Center,99530,5.0,595.26,39.13,3.0,1.0,Late delivery,0,2.0,1,9,6.390676813550381,1,0,0,0
1324,2017-03-17,2017-03-18,Eastern Asia,60908,1.0,114.82,-0.35,1.0,1.0,Shipping on time,0,0.0,0,3,4.752037261797644,1,0,0,0
1325,2016-07-13,2016-07-20,Eastern Asia,36270,5.0,82.76,29.28,7.0,4.0,Late delivery,0,3.0,1,7,4.427955566562281,0,0,0,1
1326,2016-06-08,2016-06-15,Oceania,42847,2.0,147.95,34.9,7.0,4.0,Late delivery,0,3.0,1,6,5.003610679159292,0,0,0,1
1327,2016-07-20,2016-07-21,Eastern Asia,45103,1.0,512.22,136.15,1.0,0.0,Late delivery,0,1.0,1,7,6.240704603143466,0,1,0,0
1328,2017-02-03,2017-02-08,Eastern Asia,45968,5.0,154.85,-3.79,5.0,4.0,Late delivery,0,1.0,1,2,5.048894006213346,0,0,0,1
1329,2015-03-01,2015-03-05,Eastern Asia,24769,5.0,174.61,40.09,4.0,4.0,Shipping on time,0,0.0,0,3,5.168265627187763,0,0,0,1
1330,2017-07-15,2017-07-19,Central America,87242,5.0,442.26,7.83,4.0,4.0,Shipping on time,0,0.0,0,7,6.094156505331528,0,0,0,1
1332,2015-05-01,2015-05-02,US Center,66173,5.0,39.12,12.58,1.0,2.0,Shipping on time,0,-1.0,0,5,3.691874963093735,0,0,1,0
1333,2017-02-09,2017-02-15,Eastern Asia,99095,1.0,259.32,-38.39,6.0,4.0,Late delivery,0,2.0,1,2,5.561911643470728,0,0,0,1
1334,2016-04-23,2016-04-26,South Asia,32341,5.0,238.99,67.95,3.0,1.0,Late delivery,0,2.0,1,4,5.480597255807245,1,0,0,0
1335,2016-07-24,2016-07-30,South Asia,18325,3.0,63.23,0.68,6.0,4.0,Late delivery,0,2.0,1,7,4.162470391269701,0,0,0,1
1336,2016-02-09,2016-02-14,Oceania,60439,2.0,204.04,-36.18,5.0,2.0,Late delivery,0,3.0,1,2,5.323205082055815,0,0,1,0
1337,2016-07-20,2016-07-26,West Europe,28270,4.0,152.19,33.37,6.0,4.0,Late delivery,0,2.0,1,7,5.031678981024605,0,0,0,1
1338,2016-12-21,2016-12-25,US Center,60398,5.0,169.61,48.77,4.0,4.0,Shipping on time,0,0.0,0,12,5.139380249986818,0,0,0,1
1339,2017-01-23,2017-01-26,South Asia,10660,5.0,90.46,-5.19,3.0,4.0,Shipping on time,0,-1.0,0,1,4.515901718229909,0,0,0,1
1340,2016-12-25,2016-12-30,Eastern Asia,10114,2.0,112.28,23.25,5.0,4.0,Late delivery,0,1.0,1,12,4.729862629945409,0,0,0,1
1341,2017-03-24,2017-03-27,Central America,66069,2.0,86.51,16.39,3.0,4.0,Shipping on time,0,-1.0,0,3,4.47175307254774,0,0,0,1
1342,2017-02-04,2017-02-08,Eastern Asia,67698,3.0,153.13,20.6,3.0,2.0,Late delivery,0,1.0,1,2,5.037796402158628,0,0,1,0
1343,2016-12-11,2016-12-18,Oceania,13561,2.0,128.72,43.14,7.0,4.0,Late delivery,0,3.0,1,12,4.865378281439117,0,0,0,1
1344,2017-02-20,2017-02-26,West Europe,42731,3.0,417.82,101.27,6.0,4.0,Late delivery,0,2.0,1,2,6.037441233348006,0,0,0,1
1345,2015-01-11,2015-01-13,Oceania,32798,1.0,218.39,28.0,2.0,0.0,Late delivery,0,2.0,1,1,5.3908509679509695,0,1,0,0
1346,2017-06-29,2017-07-03,US Center,94909,4.0,145.37,21.64,4.0,1.0,Late delivery,1,3.0,1,6,4.986137662495856,1,0,0,0
1347,2016-06-27,2016-06-27,South Asia,96086,3.0,191.65,-35.1,0.0,1.0,Shipping on time,0,-1.0,0,6,5.260875071072166,1,0,0,0
1348,2016-04-21,2016-04-26,West Europe,34696,4.0,358.18,66.83,5.0,4.0,Late delivery,0,1.0,1,4,5.88382365559059,0,0,0,1
1349,2017-04-15,2017-04-21,US Center,80313,1.0,176.47,36.03,6.0,4.0,Late delivery,0,2.0,1,4,5.178801580546473,0,0,0,1
1350,2015-11-26,2015-12-03,Oceania,45613,2.0,289.5,59.52,7.0,4.0,Late delivery,0,3.0,1,11,5.671603576291966,0,0,0,1
1351,2017-03-30,2017-04-02,West Europe,43275,2.0,149.29,39.16,3.0,4.0,Shipping on time,1,-1.0,0,3,5.012566760946003,0,0,0,1
1352,2015-11-26,2015-11-29,Oceania,79268,5.0,228.94,22.52,3.0,4.0,Shipping on time,0,-1.0,0,11,5.4378184053255945,0,0,0,1
1353,2017-08-06,2017-08-12,Central America,49466,2.0,83.48,-9.72,6.0,4.0,Late delivery,0,2.0,1,8,4.436514819957951,0,0,0,1
1354,2017-08-14,2017-08-20,West Europe,91881,1.0,240.76,44.09,6.0,4.0,Late delivery,0,2.0,1,8,5.48794549852443,0,0,0,1
1355,2016-06-03,2016-06-08,US Center,61369,4.0,63.55,-9.62,5.0,4.0,Late delivery,0,1.0,1,6,4.167440117292651,0,0,0,1
1356,2017-05-16,2017-05-16,Central America,91087,4.0,328.64,101.69,0.0,1.0,Shipping on time,0,-1.0,0,5,5.798001149895183,1,0,0,0
1357,2016-06-06,2016-06-12,Eastern Asia,54668,1.0,58.49,13.4,6.0,4.0,Late delivery,0,2.0,1,6,4.085808231199814,0,0,0,1
1358,2016-05-08,2016-05-13,US Center,14066,1.0,40.39,-5.36,5.0,4.0,Late delivery,0,1.0,1,5,3.7230393057606412,0,0,0,1
1359,2015-01-25,2015-01-26,Central America,77159,5.0,205.67,46.3,1.0,2.0,Shipping on time,0,-1.0,0,1,5.331123318273214,0,0,1,0
1360,2016-01-09,2016-01-12,Eastern Asia,95337,5.0,133.46,-9.56,3.0,4.0,Shipping on time,0,-1.0,0,1,4.901266757040891,0,0,0,1
1361,2016-05-27,2016-06-03,South Asia,28782,4.0,159.18,43.76,7.0,4.0,Late delivery,0,3.0,1,5,5.0762981828955365,0,0,0,1
1362,2015-05-08,2015-05-15,South Asia,18967,5.0,193.07,-33.79,7.0,4.0,Late delivery,0,3.0,1,5,5.268218918724004,0,0,0,1
1364,2015-12-28,2015-12-29,Eastern Asia,68655,2.0,86.1,2.56,1.0,2.0,Shipping on time,0,-1.0,0,12,4.467056883858457,0,0,1,0
1365,2017-07-06,2017-07-13,Eastern Asia,68526,2.0,169.0,9.31,7.0,4.0,Late delivery,0,3.0,1,7,5.135798437050262,0,0,0,1
1366,2015-07-16,2015-07-21,Central America,22478,3.0,183.78,7.73,5.0,4.0,Late delivery,0,1.0,1,7,5.2191659282425995,0,0,0,1
1367,2017-06-03,2017-06-07,South Asia,42968,3.0,200.96,-39.49,4.0,2.0,Late delivery,0,2.0,1,6,5.308069657990715,0,0,1,0
1368,2017-04-04,2017-04-07,US Center,77195,3.0,503.8,-61.534,3.0,1.0,Late delivery,0,2.0,1,4,6.224162311227003,1,0,0,0
1369,2015-03-04,2015-03-08,Oceania,74614,4.0,94.42,7.57,4.0,4.0,Shipping on time,0,0.0,0,3,4.5582882000879605,0,0,0,1
1370,2017-01-06,2017-01-10,Oceania,47773,5.0,149.29,32.48,4.0,4.0,Shipping on time,1,0.0,0,1,5.012566760946003,0,0,0,1
1371,2015-05-22,2015-05-29,US Center,62938,1.0,149.29,78.86,7.0,4.0,Late delivery,1,3.0,1,5,5.012566760946003,0,0,0,1
1372,2016-02-04,2016-02-07,South Asia,77345,2.0,112.72,30.93,3.0,0.0,Late delivery,0,3.0,1,2,4.733739286782799,0,1,0,0
1373,2016-01-18,2016-01-21,Eastern Asia,66932,4.0,70.99,-0.26,3.0,1.0,Late delivery,0,2.0,1,1,4.276527220481212,1,0,0,0
1374,2015-05-10,2015-05-15,South Asia,72561,1.0,104.67,8.41,5.0,4.0,Late delivery,0,1.0,1,5,4.660321030452939,0,0,0,1
1375,2017-02-18,2017-02-20,US Center,10329,1.0,285.69,68.93,2.0,0.0,Late delivery,0,2.0,1,2,5.65840149261586,0,1,0,0
1376,2016-12-28,2017-01-04,US Center,10632,2.0,125.73,0.3,7.0,4.0,Late delivery,0,3.0,1,12,4.842058839093973,0,0,0,1
1377,2015-06-16,2015-06-22,South Asia,62840,4.0,216.27,34.78,6.0,4.0,Late delivery,0,2.0,1,6,5.3811408197471495,0,0,0,1
1378,2016-02-02,2016-02-06,Central America,24020,2.0,94.45,3.73,4.0,4.0,Shipping on time,0,0.0,0,2,4.558602550171757,0,0,0,1
1379,2017-02-13,2017-02-14,US Center,64813,3.0,195.29,46.66,1.0,1.0,Shipping on time,0,0.0,0,2,5.279593157549757,1,0,0,0
1380,2016-12-28,2017-01-04,Eastern Asia,24052,2.0,97.93,1.98,7.0,4.0,Late delivery,0,3.0,1,12,4.5944125293351314,0,0,0,1
1381,2016-08-15,2016-08-22,Eastern Asia,66161,5.0,88.37,-11.8,7.0,4.0,Late delivery,0,3.0,1,8,4.492785055393301,0,0,0,1
1382,2016-07-19,2016-07-22,US Center,69071,4.0,149.29,11.33,3.0,4.0,Shipping on time,1,-1.0,0,7,5.012566760946003,0,0,0,1
1383,2017-05-27,2017-06-02,Oceania,65763,2.0,153.24,10.36,6.0,4.0,Late delivery,0,2.0,1,5,5.038509830862235,0,0,0,1
1384,2016-08-25,2016-08-30,South Asia,39886,2.0,367.52,50.18,5.0,4.0,Late delivery,0,1.0,1,8,5.909494984240731,0,0,0,1
1385,2015-12-09,2015-12-13,Eastern Asia,35380,4.0,54.61,-1.17,4.0,4.0,Shipping on time,0,0.0,0,12,4.018363041199472,0,0,0,1
1386,2016-04-05,2016-04-07,South Asia,97593,1.0,202.99,-0.72,2.0,1.0,Late delivery,0,1.0,1,4,5.318070973034873,1,0,0,0
1387,2016-02-07,2016-02-09,US Center,42814,4.0,400.13,109.73,2.0,2.0,Shipping on time,0,0.0,0,2,5.9942855642946835,0,0,1,0
1388,2015-06-05,2015-06-09,US Center,94758,1.0,343.1,89.65,4.0,1.0,Late delivery,0,3.0,1,6,5.840932312803435,1,0,0,0
1389,2015-03-02,2015-03-03,US Center,65083,4.0,117.18,-20.73,1.0,2.0,Shipping on time,0,-1.0,0,3,4.772208885917529,0,0,1,0
1390,2017-07-07,2017-07-11,Oceania,54089,5.0,97.57,9.48,4.0,2.0,Late delivery,0,2.0,1,7,4.590766955677347,0,0,1,0
1391,2016-06-02,2016-06-04,Eastern Asia,43575,2.0,109.44,28.83,2.0,1.0,Late delivery,0,1.0,1,6,4.704472387061954,1,0,0,0
1392,2017-09-14,2017-09-19,West Europe,82370,3.0,178.59,-29.42,5.0,2.0,Late delivery,0,3.0,1,9,5.190676475030645,0,0,1,0
1393,2017-02-13,2017-02-18,Eastern Asia,79488,1.0,166.75,12.44,5.0,2.0,Late delivery,0,3.0,1,2,5.122474775851791,0,0,1,0
1394,2017-01-19,2017-01-24,Central America,71508,2.0,184.03,-15.91,5.0,4.0,Late delivery,0,1.0,1,1,5.2205179740936245,0,0,0,1
1395,2016-05-28,2016-06-01,Oceania,40115,4.0,214.51,27.0,4.0,4.0,Shipping on time,0,0.0,0,5,5.373007312179481,0,0,0,1
1396,2016-05-08,2016-05-12,South Asia,32134,3.0,76.82,3.2,4.0,2.0,Late delivery,0,2.0,1,5,4.354398467556408,0,0,1,0
1397,2016-06-05,2016-06-09,US Center,14752,4.0,74.13,13.34,4.0,4.0,Shipping on time,0,0.0,0,6,4.319219946381069,0,0,0,1
1398,2017-02-09,2017-02-11,Central America,25390,1.0,69.76,12.5,2.0,1.0,Late delivery,0,1.0,1,2,4.259293869291585,1,0,0,0
1399,2017-07-04,2017-07-11,South Asia,Unknown,3.0,932.5600000000057,-61.534,7.0,4.0,Late delivery,0,3.0,1,7,6.839005235153027,0,0,0,1
1400,2015-10-20,2015-10-23,South Asia,65702,3.0,139.62,3.53,3.0,4.0,Shipping on time,0,-1.0,0,10,4.946061216771016,0,0,0,1
1401,2017-02-05,2017-02-05,Eastern Asia,51710,3.0,932.5600000000057,-61.534,0.0,1.0,Shipping on time,0,-1.0,0,2,6.839005235153027,1,0,0,0
1402,2017-04-24,2017-04-28,Oceania,45697,2.0,705.09,174.0700000000001,4.0,4.0,Shipping on time,0,0.0,0,4,6.559742708122057,0,0,0,1
1403,2015-11-11,2015-11-14,Oceania,48990,4.0,206.08,-35.3,3.0,4.0,Shipping on time,0,-1.0,0,11,5.333105192033701,0,0,0,1
1404,2016-05-24,2016-05-27,South Asia,79546,2.0,149.98,-12.57,3.0,4.0,Shipping on time,0,-1.0,0,5,5.017147377711479,0,0,0,1
1405,2017-08-02,2017-08-04,Eastern Asia,93285,4.0,355.42,-45.34,2.0,0.0,Late delivery,0,2.0,1,8,5.876109810744953,0,1,0,0
1406,2016-06-22,2016-06-25,South Asia,66777,5.0,94.45,-11.5,3.0,4.0,Shipping on time,0,-1.0,0,6,4.558602550171757,0,0,0,1
1407,2016-12-25,2016-12-25,Central America,60903,1.0,182.9,23.97,0.0,1.0,Shipping on time,0,-1.0,0,12,5.214392131610276,1,0,0,0
1409,2015-10-29,2015-11-01,Eastern Asia,25877,1.0,240.81,56.17,3.0,1.0,Late delivery,0,2.0,1,10,5.488152293818506,1,0,0,0
1410,2015-03-13,2015-03-14,US Center,18399,4.0,190.29,73.37,1.0,2.0,Shipping on time,0,-1.0,0,3,5.253790601164562,0,0,1,0
1411,2015-07-31,2015-08-05,US Center,71750,2.0,119.74,35.57,5.0,2.0,Late delivery,0,3.0,1,7,4.79363947336828,0,0,1,0
1412,2015-07-18,2015-07-20,West Europe,41532,2.0,69.12,-1.16,2.0,0.0,Late delivery,0,2.0,1,7,4.250208060053033,0,1,0,0
1413,2016-11-06,2016-11-11,US Center,49703,1.0,135.05,-6.69,5.0,4.0,Late delivery,0,1.0,1,11,4.913022465229256,0,0,0,1
1414,2015-05-10,2015-05-13,South Asia,83208,1.0,102.88,-11.29,3.0,4.0,Shipping on time,0,-1.0,0,5,4.643236386794547,0,0,0,1
1415,2016-05-21,2016-05-22,West Europe,54688,3.0,226.76,52.26,1.0,2.0,Shipping on time,0,-1.0,0,5,5.428292442969782,0,0,1,0
1416,2015-02-04,2015-02-08,South Asia,34127,2.0,136.47,-19.44,4.0,1.0,Late delivery,0,3.0,1,2,4.923405711483329,1,0,0,0
1417,2016-08-21,2016-08-25,South Asia,Unknown,2.0,209.68,82.56,4.0,4.0,Shipping on time,0,0.0,0,8,5.350340394615189,0,0,0,1
1418,2016-09-28,2016-10-01,Oceania,19492,2.0,55.14,15.91,3.0,2.0,Late delivery,0,1.0,1,9,4.027848570933736,0,0,1,0
1419,2015-05-10,2015-05-15,South Asia,80618,3.0,270.08,63.2,5.0,4.0,Late delivery,0,1.0,1,5,5.6024139802679125,0,0,0,1
1420,2015-06-06,2015-06-11,South Asia,41120,3.0,87.84,32.39,5.0,4.0,Late delivery,0,1.0,1,6,4.4868369990262265,0,0,0,1
1421,2017-02-04,2017-02-09,West Europe,64099,2.0,56.76,-11.06,5.0,2.0,Late delivery,0,3.0,1,2,4.05629649458457,0,0,1,0
1422,2017-04-27,2017-04-30,Eastern Asia,22797,4.0,63.64,-7.36,3.0,4.0,Shipping on time,0,-1.0,0,4,4.16883341421284,0,0,0,1
1423,2017-05-10,2017-05-14,Eastern Asia,69584,4.0,100.84,10.01,4.0,2.0,Late delivery,0,2.0,1,5,4.623402954249151,0,0,1,0
1424,2016-09-13,2016-09-19,West Europe,66311,2.0,296.25,58.77,6.0,4.0,Late delivery,0,2.0,1,9,5.694573535570891,0,0,0,1
1425,2016-02-24,2016-02-26,West Europe,19819,2.0,230.17,-31.36,2.0,0.0,Late delivery,0,2.0,1,2,5.443153370593485,0,1,0,0
1426,2016-12-24,2016-12-31,Central America,14662,4.0,72.1,8.73,7.0,4.0,Late delivery,0,3.0,1,12,4.291828366755733,0,0,0,1
1429,2017-09-01,2017-09-05,Eastern Asia,43057,4.0,56.57,-6.56,4.0,4.0,Shipping on time,0,0.0,0,9,4.053001598687718,0,0,0,1
1430,2015-08-11,2015-08-13,Oceania,29484,4.0,80.68,21.97,2.0,2.0,Shipping on time,0,0.0,0,8,4.402809173856411,0,0,1,0
1431,2017-09-01,2017-09-07,US Center,57229,2.0,42.38,10.93,6.0,4.0,Late delivery,0,2.0,1,9,3.7699985053987284,0,0,0,1
1432,2016-12-27,2017-01-01,US Center,89176,4.0,149.29,25.45,5.0,4.0,Late delivery,1,1.0,1,12,5.012566760946003,0,0,0,1
1433,2015-05-05,2015-05-08,Central America,86490,1.0,36.216,1.21,3.0,4.0,Shipping on time,0,-1.0,0,5,3.6167387763362537,0,0,0,1
1434,2017-05-06,2017-05-08,Oceania,44089,5.0,90.99,-9.46,2.0,1.0,Late delivery,0,1.0,1,5,4.521679875489066,1,0,0,0
1435,2016-06-24,2016-06-29,US Center,Unknown,4.0,83.45,21.08,5.0,4.0,Late delivery,0,1.0,1,6,4.436159643253809,0,0,0,1
1436,2017-05-19,2017-05-25,West Europe,75171,4.0,90.9,5.13,6.0,4.0,Late delivery,0,2.0,1,5,4.520701029361642,0,0,0,1
1437,2016-03-12,2016-03-17,Eastern Asia,80570,5.0,89.44,-11.11,5.0,2.0,Late delivery,0,3.0,1,3,4.504686647409769,0,0,1,0
1438,2015-11-18,2015-11-24,Central America,64624,1.0,302.2,-57.06,6.0,4.0,Late delivery,0,2.0,1,11,5.714392653768217,0,0,0,1
1439,2015-10-08,2015-10-12,Eastern Asia,70790,3.0,119.8,-2.82,4.0,4.0,Shipping on time,0,0.0,0,10,4.794136285500715,0,0,0,1
1440,2017-01-31,2017-02-05,US Center,30000,2.0,172.14,29.09,5.0,4.0,Late delivery,0,1.0,1,1,5.154100515787627,0,0,0,1
1441,2016-06-02,2016-06-08,West Europe,82413,3.0,236.06,22.16,6.0,4.0,Late delivery,0,2.0,1,6,5.468313273651354,0,0,0,1
1442,2015-09-08,2015-09-11,US Center,17688,2.0,258.18,10.55,3.0,4.0,Shipping on time,0,-1.0,0,9,5.557522801007268,0,0,0,1
1443,2016-10-30,2016-11-02,Central America,10205,1.0,225.46,-43.45,3.0,1.0,Late delivery,0,2.0,1,10,5.422568328885894,1,0,0,0
1444,2015-04-13,2015-04-18,West Europe,19043,5.0,105.59,13.1,5.0,4.0,Late delivery,0,1.0,1,4,4.668989698701045,0,0,0,1
1445,2016-01-02,2016-01-05,Oceania,28104,3.0,75.6,30.19,3.0,4.0,Shipping on time,0,-1.0,0,1,4.338597076746545,0,0,0,1
1446,2016-01-13,2016-01-15,South Asia,85411,5.0,91.98,-8.39,2.0,2.0,Shipping on time,0,0.0,0,1,4.532384416262439,0,0,1,0
1447,2015-11-04,2015-11-09,Eastern Asia,86261,4.0,111.0,29.77,5.0,2.0,Late delivery,0,3.0,1,11,4.718498871295094,0,0,1,0
1448,2016-07-05,2016-07-09,West Europe,41031,2.0,148.86,-22.34,4.0,4.0,Shipping on time,0,0.0,0,7,5.0097015249361645,0,0,0,1
1449,2017-05-13,2017-05-14,Oceania,23071,3.0,140.78,35.8,1.0,1.0,Shipping on time,0,0.0,0,5,4.954276560426871,1,0,0,0
1450,2015-07-12,2015-07-19,Oceania,55936,5.0,291.02,16.01,7.0,4.0,Late delivery,0,3.0,1,7,5.676822293073418,0,0,0,1
1451,2016-10-19,2016-10-24,Eastern Asia,55195,3.0,139.29,32.75,5.0,2.0,Late delivery,0,3.0,1,10,4.943711708730681,0,0,1,0
1452,2015-06-11,2015-06-12,Central America,30681,3.0,446.44,82.78,1.0,1.0,Shipping on time,0,0.0,0,6,6.103542450513332,1,0,0,0
1453,2015-11-02,2015-11-04,West Europe,58192,1.0,279.42,1.21,2.0,2.0,Shipping on time,0,0.0,0,11,5.636288479292985,0,0,1,0
1454,2017-08-23,2017-08-25,Eastern Asia,10302,4.0,110.37,33.53,2.0,2.0,Shipping on time,0,0.0,0,8,4.712857991405009,0,0,1,0
1455,2015-06-06,2015-06-12,Central America,22237,3.0,251.78,18.94,6.0,4.0,Late delivery,0,2.0,1,6,5.53251954521898,0,0,0,1
1456,2015-01-15,2015-01-18,Oceania,Unknown,4.0,36.216,9.93,3.0,4.0,Shipping on time,0,-1.0,0,1,3.6167387763362537,0,0,0,1
1457,2016-01-20,2016-01-27,Central America,16913,2.0,345.86,91.48,7.0,4.0,Late delivery,0,3.0,1,1,5.84892124032244,0,0,0,1
1458,2016-11-12,2016-11-13,Central America,59575,3.0,191.09,-36.13,1.0,2.0,Shipping on time,0,-1.0,0,11,5.257964012198821,0,0,1,0
1459,2017-07-28,2017-08-04,South Asia,19768,2.0,189.39,48.34,7.0,4.0,Late delivery,0,3.0,1,7,5.249074599969585,0,0,0,1
1460,2016-11-05,2016-11-12,West Europe,68850,3.0,52.77,7.91,7.0,4.0,Late delivery,0,3.0,1,11,3.9847156908215866,0,0,0,1
1461,2017-04-10,2017-04-13,West Europe,24207,2.0,697.67,174.0700000000001,3.0,2.0,Late delivery,0,1.0,1,4,6.549178527753808,0,0,1,0
1462,2016-04-17,2016-04-22,West Europe,17633,3.0,126.93,20.08,5.0,4.0,Late delivery,0,1.0,1,4,4.851483239328943,0,0,0,1
1464,2016-05-23,2016-05-25,US Center,84957,4.0,296.2,49.09,2.0,1.0,Late delivery,0,1.0,1,5,5.694405312843604,1,0,0,0
1465,2016-08-29,2016-09-04,US Center,38843,4.0,131.74,-8.77,6.0,4.0,Late delivery,0,2.0,1,8,4.888392327717779,0,0,0,1
1466,2015-10-11,2015-10-14,West Europe,65760,5.0,88.02,7.92,3.0,1.0,Late delivery,0,2.0,1,10,4.488861063587708,1,0,0,0
1467,2015-01-06,2015-01-09,West Europe,92386,5.0,222.32,72.25,3.0,2.0,Late delivery,0,1.0,1,1,5.40860572044216,0,0,1,0
1468,2016-08-24,2016-08-30,South Asia,40439,3.0,79.64,-8.32,6.0,4.0,Late delivery,0,2.0,1,8,4.3899948043230586,0,0,0,1
1469,2017-06-26,2017-06-27,Oceania,47150,2.0,234.11,7.63,1.0,2.0,Shipping on time,0,-1.0,0,6,5.460053489732883,0,0,1,0
1470,2016-11-06,2016-11-09,US Center,70572,5.0,161.47,43.32,3.0,4.0,Shipping on time,0,-1.0,0,11,5.090493369341659,0,0,0,1
1471,2017-07-31,2017-08-04,Eastern Asia,36120,2.0,296.38,97.17,4.0,4.0,Shipping on time,0,0.0,0,7,5.695010782269077,0,0,0,1
1472,2017-06-10,2017-06-10,West Europe,85662,3.0,70.56,-6.67,0.0,1.0,Shipping on time,0,-1.0,0,6,4.270536258640519,1,0,0,0
1473,2015-08-05,2015-08-12,South Asia,24540,1.0,318.71,-12.78,7.0,4.0,Late delivery,0,3.0,1,8,5.767414334900974,0,0,0,1
1474,2016-11-06,2016-11-12,South Asia,19361,1.0,177.71,43.91,6.0,4.0,Late delivery,0,2.0,1,11,5.185764380308706,0,0,0,1
1475,2015-12-09,2015-12-12,Oceania,37869,5.0,498.43,126.35,3.0,2.0,Late delivery,0,1.0,1,12,6.213467448127921,0,0,1,0
1476,2016-10-30,2016-11-03,Eastern Asia,13496,3.0,99.49,-3.3,4.0,2.0,Late delivery,0,2.0,1,10,4.610058220060867,0,0,1,0
1477,2015-10-29,2015-11-01,Eastern Asia,62266,1.0,463.82,-57.16,3.0,4.0,Shipping on time,0,-1.0,0,10,6.141650233871866,0,0,0,1
1478,2015-01-29,2015-02-04,US Center,97380,2.0,228.54,-34.29,6.0,4.0,Late delivery,0,2.0,1,1,5.436077306252522,0,0,0,1
1479,2015-07-06,2015-07-12,Eastern Asia,74027,3.0,240.83,84.79,6.0,4.0,Late delivery,0,2.0,1,7,5.488234999963619,0,0,0,1
1480,2015-03-11,2015-03-18,Eastern Asia,Unknown,4.0,94.96,35.57,7.0,4.0,Late delivery,0,3.0,1,3,4.563931437971494,0,0,0,1
1481,2016-11-14,2016-11-19,South Asia,92294,5.0,209.02,-39.93,5.0,4.0,Late delivery,0,1.0,1,11,5.3472027642778475,0,0,0,1
1482,2017-04-19,2017-04-25,Eastern Asia,91098,2.0,223.86,6.95,6.0,4.0,Late delivery,0,2.0,1,4,5.415477986321614,0,0,0,1
1483,2016-01-12,2016-01-15,US Center,84595,1.0,89.12,-2.55,3.0,0.0,Late delivery,0,3.0,1,1,4.501142115564043,0,1,0,0
1484,2016-01-14,2016-01-18,Central America,75574,4.0,72.96,4.12,4.0,4.0,Shipping on time,0,0.0,0,1,4.303524406518924,0,0,0,1
1485,2015-01-06,2015-01-11,Eastern Asia,78903,2.0,92.34,11.35,5.0,4.0,Late delivery,0,1.0,1,1,4.536248740521669,0,0,0,1
1486,2017-04-08,2017-04-14,US Center,19936,1.0,149.29,32.08,6.0,4.0,Late delivery,1,2.0,1,4,5.012566760946003,0,0,0,1
1487,2015-08-08,2015-08-11,South Asia,51063,1.0,163.37,22.96,3.0,4.0,Shipping on time,0,-1.0,0,8,5.102119984218434,0,0,0,1
1488,2015-05-19,2015-05-21,US Center,97163,4.0,263.68,30.91,2.0,1.0,Late delivery,0,1.0,1,5,5.578521549143859,1,0,0,0
1489,2016-10-22,2016-10-22,South Asia,65392,4.0,177.19,21.73,0.0,1.0,Shipping on time,0,-1.0,0,10,5.182850396739323,1,0,0,0
1491,2016-12-02,2016-12-05,South Asia,12296,5.0,170.07,-5.5,3.0,4.0,Shipping on time,0,-1.0,0,12,5.1420728294642,0,0,0,1
1492,2015-11-25,2015-11-25,Oceania,22222,4.0,115.34,-9.77,0.0,1.0,Shipping on time,0,-1.0,0,11,4.756516938482616,1,0,0,0
1493,2015-01-17,2015-01-24,US Center,34755,5.0,313.91,98.56,7.0,4.0,Late delivery,0,3.0,1,1,5.752286883715816,0,0,0,1
1494,2017-09-14,2017-09-16,Eastern Asia,68879,1.0,165.03,15.63,2.0,2.0,Shipping on time,0,0.0,0,9,5.112168494919695,0,0,1,0
1495,2016-07-03,2016-07-07,South Asia,81400,4.0,170.35,-24.74,4.0,4.0,Shipping on time,0,0.0,0,7,5.143708248320618,0,0,0,1
1496,2015-10-27,2015-10-29,Oceania,68049,3.0,145.37,15.03,2.0,1.0,Late delivery,1,1.0,1,10,4.986137662495856,1,0,0,0
1497,2016-09-30,2016-10-04,South Asia,43761,3.0,179.37,24.84,4.0,4.0,Shipping on time,0,0.0,0,9,5.195010296682108,0,0,0,1
1498,2016-03-12,2016-03-17,Oceania,11460,4.0,98.07,22.47,5.0,4.0,Late delivery,0,1.0,1,3,4.5958266709849385,0,0,0,1
1499,2016-09-28,2016-10-05,US Center,69113,1.0,109.12,-4.49,7.0,4.0,Late delivery,0,3.0,1,9,4.701570680274407,0,0,0,1
1500,2017-04-01,2017-04-04,South Asia,45594,3.0,280.31,92.93,3.0,4.0,Shipping on time,0,-1.0,0,4,5.639457264099644,0,0,0,1
1501,2016-10-13,2016-10-14,West Europe,94654,4.0,75.93,-7.02,1.0,1.0,Shipping on time,0,0.0,0,10,4.342895917470844,1,0,0,0
1502,2016-10-07,2016-10-08,South Asia,47756,2.0,131.26,37.31,1.0,1.0,Shipping on time,0,0.0,0,10,4.8847696822465165,1,0,0,0
1504,2017-02-26,2017-03-01,Central America,18916,4.0,300.82,95.61,3.0,2.0,Late delivery,0,1.0,1,2,5.709830813190404,0,0,1,0
1505,2015-12-02,2015-12-09,Oceania,76831,5.0,107.97,32.13,7.0,4.0,Late delivery,0,3.0,1,12,4.691072614988795,0,0,0,1
1506,2016-07-17,2016-07-20,Central America,31048,4.0,180.52,50.06,3.0,4.0,Shipping on time,0,-1.0,0,7,5.201365840471587,0,0,0,1
1507,2017-04-30,2017-05-07,Oceania,32879,2.0,176.83,39.34,7.0,4.0,Late delivery,0,3.0,1,4,5.180828037755569,0,0,0,1
1508,2016-05-31,2016-06-03,Oceania,33748,3.0,74.24,20.01,3.0,4.0,Shipping on time,0,-1.0,0,5,4.32068300443283,0,0,0,1
1509,2016-03-17,2016-03-20,Eastern Asia,66875,4.0,39.93,11.1,3.0,4.0,Shipping on time,0,-1.0,0,3,3.7118632905043114,0,0,0,1
1510,2016-08-18,2016-08-21,Eastern Asia,19665,5.0,45.48,10.69,3.0,2.0,Late delivery,0,1.0,1,8,3.8390221125436557,0,0,1,0
1511,2015-03-02,2015-03-05,West Europe,Unknown,2.0,214.37,-30.67,3.0,2.0,Late delivery,0,1.0,1,3,5.372357479256501,0,0,1,0
1512,2017-09-07,2017-09-14,US Center,16157,4.0,158.0,4.02,7.0,4.0,Late delivery,0,3.0,1,9,5.0689042022202315,0,0,0,1
1513,2016-10-13,2016-10-15,Oceania,41350,3.0,65.22,21.2,2.0,2.0,Shipping on time,0,0.0,0,10,4.1929825321191005,0,0,1,0
1514,2015-02-04,2015-02-06,Oceania,46605,5.0,100.2,-18.7,2.0,1.0,Late delivery,0,1.0,1,2,4.617098756853365,1,0,0,0
1515,2015-12-09,2015-12-15,Eastern Asia,57490,4.0,116.1,-11.02,6.0,4.0,Late delivery,0,2.0,1,12,4.763028270603671,0,0,0,1
1516,2016-07-22,2016-07-28,Central America,35972,4.0,149.29,35.32,6.0,4.0,Late delivery,1,2.0,1,7,5.012566760946003,0,0,0,1
1517,2016-09-27,2016-09-29,South Asia,77226,1.0,151.34,47.27,2.0,2.0,Shipping on time,1,0.0,0,9,5.026114864944642,0,0,1,0
1518,2017-09-04,2017-09-07,Central America,15280,5.0,574.32,152.9,3.0,4.0,Shipping on time,0,-1.0,0,9,6.354926407735689,0,0,0,1
1519,2016-01-09,2016-01-10,Oceania,63588,2.0,91.85,18.89,1.0,2.0,Shipping on time,0,-1.0,0,1,4.530985287798715,0,0,1,0
1520,2016-03-12,2016-03-17,Central America,15668,4.0,161.97,22.24,5.0,4.0,Late delivery,0,1.0,1,3,5.093566134787897,0,0,0,1
1521,2016-05-12,2016-05-14,Central America,26088,5.0,92.52,-4.12,2.0,2.0,Shipping on time,0,0.0,0,5,4.538175317163813,0,0,1,0
1522,2016-10-30,2016-11-04,US Center,93553,3.0,100.9,1.96,5.0,4.0,Late delivery,0,1.0,1,10,4.623991940228679,0,0,0,1
1523,2016-07-09,2016-07-12,West Europe,97009,4.0,86.46,-3.84,3.0,4.0,Shipping on time,0,-1.0,0,7,4.471181545984774,0,0,0,1
1524,2016-08-04,2016-08-07,Eastern Asia,66921,1.0,128.79,7.97,3.0,4.0,Shipping on time,0,-1.0,0,8,4.865917759699667,0,0,0,1
1525,2016-12-09,2016-12-13,West Europe,98674,3.0,105.7,16.93,4.0,2.0,Late delivery,0,2.0,1,12,4.670021158307708,0,0,1,0
1526,2017-05-03,2017-05-09,Eastern Asia,23125,4.0,183.78,16.92,6.0,4.0,Late delivery,0,2.0,1,5,5.2191659282425995,0,0,0,1
1527,2015-10-24,2015-10-24,Oceania,75852,5.0,169.02,67.54,0.0,0.0,Shipping on time,0,0.0,0,10,5.135916077189213,0,1,0,0
1528,2017-01-17,2017-01-22,Eastern Asia,61192,3.0,85.79,26.08,5.0,4.0,Late delivery,0,1.0,1,1,4.463491407656154,0,0,0,1
1529,2016-10-31,2016-11-05,West Europe,64644,5.0,480.71,69.61,5.0,4.0,Late delivery,0,1.0,1,10,6.177342273229703,0,0,0,1
1530,2016-08-21,2016-08-24,US Center,27542,5.0,72.42,-8.67,3.0,4.0,Shipping on time,0,-1.0,0,8,4.2961963780686885,0,0,0,1
1531,2015-08-21,2015-08-25,South Asia,43601,1.0,184.48,-7.12,4.0,4.0,Shipping on time,0,0.0,0,8,5.22294705952326,0,0,0,1
1532,2016-11-24,2016-11-28,West Europe,34933,5.0,560.66,-61.534,5.0,4.0,Shipping on time,0,1.0,1,11,6.330896684611708,0,0,0,1
1533,2017-03-02,2017-03-04,South Asia,58538,2.0,95.8,-8.08,2.0,2.0,Shipping on time,0,0.0,0,3,4.572646994282532,0,0,1,0
1534,2015-11-10,2015-11-14,West Europe,40127,5.0,334.41,7.05,4.0,2.0,Late delivery,0,2.0,1,11,5.81535366409074,0,0,1,0
1535,2015-08-20,2015-08-24,Eastern Asia,42492,1.0,354.17,-39.18,4.0,4.0,Shipping on time,0,0.0,0,8,5.872596548091654,0,0,0,1
1536,2016-01-13,2016-01-18,South Asia,24698,3.0,182.56,-15.0,5.0,4.0,Late delivery,0,1.0,1,1,5.212541589526633,0,0,0,1
1537,2015-03-13,2015-03-17,South Asia,87889,1.0,47.76,18.78,4.0,4.0,Shipping on time,0,0.0,0,3,3.8869103046130706,0,0,0,1
1538,2017-04-11,2017-04-14,Central America,65066,4.0,354.33,30.24,3.0,2.0,Late delivery,0,1.0,1,4,5.87304693515064,0,0,1,0
1539,2015-02-08,2015-02-14,West Europe,Unknown,3.0,156.99,-18.98,6.0,4.0,Late delivery,0,2.0,1,2,5.062531739884758,0,0,0,1
1540,2015-09-08,2015-09-10,West Europe,60263,4.0,106.08,33.63,2.0,1.0,Late delivery,0,1.0,1,9,4.673576218652152,1,0,0,0
1541,2016-08-21,2016-08-22,Eastern Asia,71844,1.0,324.36,26.95,1.0,2.0,Shipping on time,0,-1.0,0,8,5.78493226159897,0,0,1,0
1542,2015-06-13,2015-06-18,Central America,54291,3.0,95.12,34.79,5.0,2.0,Late delivery,0,3.0,1,6,4.565597410868269,0,0,1,0
1543,2015-11-20,2015-11-24,Central America,88729,1.0,284.92,55.86,4.0,2.0,Late delivery,0,2.0,1,11,5.655712051411118,0,0,1,0
1544,2015-04-10,2015-04-14,Oceania,42823,3.0,105.99,20.42,4.0,2.0,Late delivery,0,2.0,1,4,4.672735372150515,0,0,1,0
1545,2016-07-28,2016-08-01,US Center,16565,1.0,206.03,59.36,4.0,4.0,Shipping on time,0,0.0,0,7,5.33286371030062,0,0,0,1
1546,2015-05-28,2015-06-01,Oceania,34001,5.0,76.68,-11.9,4.0,4.0,Shipping on time,0,0.0,0,5,4.35259782398307,0,0,0,1
1547,2015-11-07,2015-11-10,South Asia,47421,3.0,116.37,14.0,3.0,4.0,Shipping on time,0,-1.0,0,11,4.765331338112032,0,0,0,1
1548,2015-04-22,2015-04-27,Eastern Asia,42983,1.0,84.62,24.55,5.0,4.0,Late delivery,0,1.0,1,4,4.4499189007168,0,0,0,1
1549,2016-03-15,2016-03-18,Eastern Asia,17021,4.0,95.89,-17.71,3.0,4.0,Shipping on time,0,-1.0,0,3,4.573576314396913,0,0,0,1
1550,2016-09-15,2016-09-20,Eastern Asia,71354,5.0,166.33,35.69,5.0,4.0,Late delivery,0,1.0,1,9,5.119967910506483,0,0,0,1
1551,2017-05-20,2017-05-25,West Europe,22585,1.0,133.57,14.78,5.0,2.0,Late delivery,0,3.0,1,5,4.90208450975345,0,0,1,0
1552,2016-11-02,2016-11-09,West Europe,Unknown,1.0,166.46,-12.04,7.0,4.0,Late delivery,0,3.0,1,11,5.120744516776286,0,0,0,1
1553,2017-07-12,2017-07-15,South Asia,41109,1.0,325.6,-24.86,3.0,4.0,Shipping on time,0,-1.0,0,7,5.788736180536365,0,0,0,1
1554,2015-08-29,2015-09-03,Oceania,57008,1.0,932.5600000000057,174.0700000000001,5.0,4.0,Late delivery,0,1.0,1,8,6.839005235153027,0,0,0,1
1555,2015-02-13,2015-02-17,Central America,36918,5.0,47.44,16.19,4.0,4.0,Shipping on time,0,0.0,0,2,3.8803259186848913,0,0,0,1
1556,2015-12-27,2015-12-27,Central America,48701,4.0,124.33,42.83,0.0,0.0,Shipping on time,0,0.0,0,12,4.830950258623431,0,1,0,0
1557,2017-08-06,2017-08-13,Eastern Asia,88516,2.0,155.8,-23.95,7.0,4.0,Late delivery,0,3.0,1,8,5.054971107916307,0,0,0,1
1558,2016-07-22,2016-07-25,Oceania,92050,1.0,276.91,59.06,3.0,4.0,Shipping on time,0,-1.0,0,7,5.62729732026801,0,0,0,1
1559,2016-05-19,2016-05-22,West Europe,79986,1.0,149.29,30.84,3.0,4.0,Shipping on time,1,-1.0,0,5,5.012566760946003,0,0,0,1
1560,2016-02-20,2016-02-23,South Asia,96068,4.0,265.56,-42.04,3.0,4.0,Shipping on time,0,-1.0,0,2,5.585599358978478,0,0,0,1
1561,2017-01-09,2017-01-13,Oceania,22153,1.0,129.03,35.28,4.0,4.0,Shipping on time,0,0.0,0,1,4.867765193063229,0,0,0,1
1562,2015-10-15,2015-10-19,South Asia,67512,2.0,220.29,-28.84,4.0,4.0,Shipping on time,0,0.0,0,10,5.399474058507774,0,0,0,1
1563,2017-07-18,2017-07-22,Central America,69480,4.0,61.28,16.7,4.0,4.0,Shipping on time,0,0.0,0,7,4.131640346965797,0,0,0,1
1564,2017-05-16,2017-05-20,Eastern Asia,13310,5.0,327.55,-34.85,4.0,4.0,Shipping on time,0,0.0,0,5,5.794689033343877,0,0,0,1
1565,2015-07-08,2015-07-13,Eastern Asia,94965,2.0,194.04,70.27,5.0,2.0,Late delivery,0,3.0,1,7,5.273204665732961,0,0,1,0
1566,2015-10-12,2015-10-19,Oceania,89801,3.0,202.49,46.49,7.0,4.0,Late delivery,0,3.0,1,10,5.315616863626098,0,0,0,1
1567,2016-01-18,2016-01-19,US Center,61757,2.0,117.59,10.63,1.0,2.0,Shipping on time,0,-1.0,0,1,4.775672165976704,0,0,1,0
1568,2016-12-04,2016-12-07,South Asia,40594,2.0,153.5,6.95,3.0,4.0,Shipping on time,0,-1.0,0,12,5.0401940963378005,0,0,0,1
1569,2017-06-06,2017-06-13,Central America,83836,2.0,98.46,13.61,7.0,4.0,Late delivery,0,3.0,1,6,4.599755553286593,0,0,0,1
1570,2016-10-12,2016-10-15,South Asia,78635,3.0,209.91,-34.23,3.0,1.0,Late delivery,0,2.0,1,10,5.351431502197523,1,0,0,0
1571,2016-06-03,2016-06-06,Eastern Asia,72325,1.0,65.73,21.47,3.0,4.0,Shipping on time,0,-1.0,0,6,4.200654626915515,0,0,0,1
1572,2016-01-31,2016-01-31,Oceania,54140,4.0,269.04,72.77,0.0,1.0,Shipping on time,0,-1.0,0,1,5.5985700961736695,1,0,0,0
1573,2017-06-16,2017-06-18,Eastern Asia,15945,2.0,145.37,62.76,2.0,1.0,Late delivery,1,1.0,1,6,4.986137662495856,1,0,0,0
1574,2015-03-28,2015-03-29,Eastern Asia,34461,5.0,513.17,174.0700000000001,1.0,2.0,Shipping on time,0,-1.0,0,3,6.24255395007259,0,0,1,0
1575,2017-04-17,2017-04-23,Eastern Asia,61768,4.0,144.88,27.62,6.0,4.0,Late delivery,0,2.0,1,4,4.982784365940479,0,0,0,1
1576,2015-02-23,2015-02-28,South Asia,35723,1.0,140.14,22.52,5.0,2.0,Late delivery,0,3.0,1,2,4.949752305572684,0,0,1,0
1577,2017-09-25,2017-09-28,US Center,51216,4.0,932.5600000000057,174.0700000000001,3.0,2.0,Late delivery,0,1.0,1,9,6.839005235153027,0,0,1,0
1578,2015-07-27,2015-08-01,Eastern Asia,10890,5.0,151.74,3.66,5.0,2.0,Late delivery,0,3.0,1,7,5.0287371294602385,0,0,1,0
1579,2016-10-22,2016-10-27,South Asia,35555,2.0,138.92,46.34,5.0,4.0,Late delivery,0,1.0,1,10,4.941070830710347,0,0,0,1
1580,2015-01-23,2015-01-26,US Center,54164,5.0,75.47,-4.38,3.0,0.0,Late delivery,0,3.0,1,1,4.336898507056134,0,1,0,0
1581,2015-03-09,2015-03-11,West Europe,20942,4.0,75.35,12.81,2.0,1.0,Late delivery,0,1.0,1,3,4.335328031664641,1,0,0,0
1582,2017-05-20,2017-05-24,Central America,44419,2.0,104.84,12.79,4.0,4.0,Shipping on time,0,0.0,0,5,4.6619285198067,0,0,0,1
1583,2017-06-21,2017-06-25,US Center,34174,1.0,124.16,35.88,4.0,4.0,Shipping on time,0,0.0,0,6,4.829592918800682,0,0,0,1
1584,2015-08-16,2015-08-19,South Asia,24080,4.0,71.7,24.88,3.0,4.0,Shipping on time,0,-1.0,0,8,4.286341384539473,0,0,0,1
1585,2015-07-05,2015-07-09,US Center,49486,1.0,145.37,-0.09,4.0,1.0,Late delivery,1,3.0,1,7,4.986137662495856,1,0,0,0
1586,2015-08-07,2015-08-07,West Europe,86534,3.0,124.68,12.17,0.0,1.0,Shipping on time,0,-1.0,0,8,4.833738993947366,1,0,0,0
1587,2015-06-06,2015-06-07,Eastern Asia,22406,2.0,233.7,6.72,1.0,0.0,Late delivery,0,1.0,1,6,5.458308102856978,0,1,0,0
1588,2015-01-12,2015-01-14,Eastern Asia,Unknown,4.0,131.99,-1.25,2.0,2.0,Shipping on time,0,0.0,0,1,4.890273937425072,0,0,1,0
1589,2016-01-04,2016-01-08,West Europe,15628,3.0,224.82,81.09,4.0,2.0,Late delivery,0,2.0,1,1,5.419738221752376,0,0,1,0
1590,2015-09-26,2015-09-30,Eastern Asia,78413,2.0,269.21,50.55,4.0,2.0,Late delivery,0,2.0,1,9,5.5991994344637614,0,0,1,0
1591,2015-07-26,2015-07-31,Oceania,99767,5.0,237.58,60.55,5.0,4.0,Late delivery,0,1.0,1,7,5.474704683853799,0,0,0,1
1592,2015-11-21,2015-11-21,South Asia,78595,5.0,160.44,-11.19,0.0,0.0,Shipping on time,1,0.0,0,11,5.084133556605299,0,1,0,0
1593,2015-05-20,2015-05-25,West Europe,58791,3.0,115.8,36.1,5.0,2.0,Late delivery,0,3.0,1,5,4.760463070394127,0,0,1,0
1594,2015-07-22,2015-07-29,Central America,73518,4.0,47.33,13.42,7.0,4.0,Late delivery,0,3.0,1,7,3.8780524858569927,0,0,0,1
1596,2016-12-28,2017-01-02,Eastern Asia,75551,3.0,197.68,-10.73,5.0,4.0,Late delivery,0,1.0,1,12,5.2916954902391495,0,0,0,1
1597,2017-06-29,2017-06-30,US Center,49752,3.0,76.2,9.81,1.0,2.0,Shipping on time,0,-1.0,0,6,4.3463994570307305,0,0,1,0
1598,2015-10-29,2015-11-01,Eastern Asia,97957,5.0,340.13,57.23,3.0,2.0,Late delivery,0,1.0,1,10,5.8322636363047415,0,0,1,0
1599,2015-09-21,2015-09-28,Eastern Asia,30932,3.0,357.24,0.99,7.0,4.0,Late delivery,0,3.0,1,9,5.8812031528504445,0,0,0,1
1600,2016-01-16,2016-01-20,Oceania,51629,2.0,118.37,40.76,4.0,1.0,Late delivery,0,3.0,1,1,4.782227913106947,1,0,0,0
1601,2016-01-10,2016-01-13,Eastern Asia,74862,3.0,261.12,76.38,3.0,2.0,Late delivery,0,1.0,1,1,5.568802414171296,0,0,1,0
1602,2015-07-07,2015-07-12,South Asia,90995,3.0,62.26,3.36,5.0,4.0,Late delivery,0,1.0,1,7,4.147253217877503,0,0,0,1
1603,2016-10-03,2016-10-09,South Asia,84403,1.0,78.05,-11.5,6.0,4.0,Late delivery,0,2.0,1,10,4.370080563655481,0,0,0,1
1604,2015-08-08,2015-08-13,Central America,49218,4.0,118.13,-6.83,5.0,4.0,Late delivery,0,1.0,1,8,4.780215333811269,0,0,0,1
1605,2015-10-27,2015-11-02,South Asia,35633,2.0,149.2,-6.43,6.0,4.0,Late delivery,0,2.0,1,10,5.011967739330034,0,0,0,1
1606,2016-09-29,2016-10-06,South Asia,78137,4.0,132.43,23.58,7.0,4.0,Late delivery,0,3.0,1,9,4.893576995754329,0,0,0,1
1607,2016-05-08,2016-05-14,West Europe,90964,1.0,87.49,12.87,6.0,4.0,Late delivery,0,2.0,1,5,4.482889551279259,0,0,0,1
1608,2015-09-13,2015-09-16,Eastern Asia,36576,2.0,495.01,174.0700000000001,3.0,1.0,Late delivery,0,2.0,1,9,6.206596087812014,1,0,0,0
1609,2017-07-01,2017-07-08,Oceania,Unknown,2.0,177.39,24.81,7.0,4.0,Late delivery,0,3.0,1,7,5.183972164763176,0,0,0,1
1610,2015-04-01,2015-04-01,Central America,85417,3.0,145.37,6.82,0.0,1.0,Shipping on time,1,-1.0,0,4,4.986137662495856,1,0,0,0
1611,2015-04-28,2015-05-02,Oceania,15622,2.0,225.26,24.8,4.0,2.0,Late delivery,0,2.0,1,4,5.421684780498321,0,0,1,0
1612,2016-02-04,2016-02-05,Eastern Asia,38563,3.0,165.26,44.2,1.0,1.0,Shipping on time,0,0.0,0,2,5.113552828102942,1,0,0,0
1614,2016-11-21,2016-11-24,West Europe,35398,4.0,149.29,33.1,3.0,4.0,Shipping on time,1,-1.0,0,11,5.012566760946003,0,0,0,1
1615,2015-08-02,2015-08-07,US Center,99528,5.0,54.42,1.8,5.0,2.0,Late delivery,0,3.0,1,8,4.014940539434832,0,0,1,0
1616,2016-12-12,2016-12-18,US Center,34413,2.0,370.74,55.97,6.0,4.0,Late delivery,0,2.0,1,12,5.9181946851802065,0,0,0,1
1618,2015-02-27,2015-03-02,Eastern Asia,50862,3.0,932.5600000000057,-61.534,3.0,2.0,Late delivery,0,1.0,1,2,6.839005235153027,0,0,1,0
1619,2015-07-28,2015-08-02,Oceania,27806,2.0,90.47,7.51,5.0,2.0,Late delivery,0,3.0,1,7,4.516011049668273,0,0,1,0
1620,2017-03-21,2017-03-28,Eastern Asia,32263,3.0,55.62,11.12,7.0,4.0,Late delivery,0,3.0,1,3,4.036362279683754,0,0,0,1
1621,2017-03-21,2017-03-24,Eastern Asia,74271,2.0,503.5,147.16,3.0,4.0,Shipping on time,0,-1.0,0,3,6.223567839793664,0,0,0,1
1622,2017-06-20,2017-06-21,US Center,22955,1.0,185.62,71.41,1.0,1.0,Shipping on time,0,0.0,0,6,5.229074463805876,1,0,0,0
1623,2016-02-07,2016-02-13,US Center,92870,2.0,351.79,-52.01,6.0,4.0,Late delivery,0,2.0,1,2,5.865872979059716,0,0,0,1
1624,2015-08-06,2015-08-08,South Asia,40648,3.0,361.72,136.78,2.0,2.0,Shipping on time,0,0.0,0,8,5.893631186759219,0,0,1,0
1625,2017-07-19,2017-07-25,Eastern Asia,74706,3.0,210.25,-36.93,6.0,4.0,Late delivery,0,2.0,1,7,5.353042266237283,0,0,0,1
1626,2016-09-09,2016-09-12,US Center,55382,5.0,145.37,53.34,3.0,1.0,Late delivery,1,2.0,1,9,4.986137662495856,1,0,0,0
1627,2015-12-29,2016-01-01,West Europe,Unknown,5.0,95.33,-15.16,3.0,4.0,Shipping on time,0,-1.0,0,12,4.567779796769532,0,0,0,1
1628,2016-06-12,2016-06-15,Central America,92829,4.0,140.95,-20.01,3.0,4.0,Shipping on time,0,-1.0,0,6,4.95547488291898,0,0,0,1
1629,2016-05-08,2016-05-14,South Asia,90844,5.0,102.51,1.67,6.0,4.0,Late delivery,0,2.0,1,5,4.639668226395659,0,0,0,1
1630,2015-08-11,2015-08-18,Oceania,63041,3.0,152.34,45.07,7.0,4.0,Late delivery,0,3.0,1,8,5.032657678130748,0,0,0,1
1631,2015-04-17,2015-04-19,US Center,94516,3.0,96.7,-0.72,2.0,1.0,Late delivery,0,1.0,1,4,4.581901559048737,1,0,0,0
1632,2017-09-11,2017-09-18,West Europe,58670,1.0,322.43,-61.534,7.0,4.0,Late delivery,0,3.0,1,9,5.778982707219137,0,0,0,1
1633,2015-10-05,2015-10-08,Eastern Asia,Unknown,3.0,237.03,24.13,3.0,4.0,Shipping on time,0,-1.0,0,10,5.472396716147956,0,0,0,1
1634,2017-07-29,2017-07-31,South Asia,78950,3.0,139.05,4.58,2.0,2.0,Shipping on time,0,0.0,0,7,4.941999501706118,0,0,1,0
1635,2016-02-20,2016-02-25,US Center,43844,2.0,53.33,-7.03,5.0,2.0,Late delivery,0,3.0,1,2,3.9950765605634317,0,0,1,0
1636,2016-03-10,2016-03-13,US Center,43933,3.0,225.74,-44.5,3.0,4.0,Shipping on time,0,-1.0,0,3,5.423803986589452,0,0,0,1
1637,2017-06-11,2017-06-14,US Center,69834,2.0,151.34,62.44,3.0,2.0,Late delivery,1,1.0,1,6,5.026114864944642,0,0,1,0
1638,2016-09-09,2016-09-15,Central America,16701,2.0,142.33,-0.33,6.0,4.0,Late delivery,0,2.0,1,9,4.965149663935124,0,0,0,1
1639,2016-08-09,2016-08-11,Oceania,99599,3.0,68.57,-0.87,2.0,1.0,Late delivery,0,1.0,1,8,4.24233343993555,1,0,0,0
1640,2015-03-29,2015-04-02,Oceania,20647,4.0,193.43,14.2,4.0,4.0,Shipping on time,0,0.0,0,3,5.270072201107735,0,0,0,1
1641,2017-03-20,2017-03-25,Oceania,88926,2.0,151.34,-38.92,5.0,2.0,Late delivery,1,3.0,1,3,5.026114864944642,0,0,1,0
1642,2015-12-22,2015-12-27,US Center,87750,5.0,45.88,10.81,5.0,2.0,Late delivery,0,3.0,1,12,3.8475911452687575,0,0,1,0
1643,2017-05-03,2017-05-05,US Center,80221,4.0,209.93,32.28,2.0,2.0,Shipping on time,0,0.0,0,5,5.351526324879179,0,0,1,0
1644,2017-03-13,2017-03-19,West Europe,23201,3.0,48.83,-3.3,6.0,4.0,Late delivery,0,2.0,1,3,3.908617212293313,0,0,0,1
1645,2015-04-01,2015-04-02,West Europe,62732,3.0,155.76,27.01,1.0,2.0,Shipping on time,0,-1.0,0,4,5.05471597333143,0,0,1,0
1646,2016-09-27,2016-09-28,Oceania,15949,1.0,432.38,24.82,1.0,2.0,Shipping on time,0,-1.0,0,9,6.07161494129081,0,0,1,0
1647,2015-11-11,2015-11-18,US Center,87908,3.0,156.99,3.64,7.0,4.0,Late delivery,0,3.0,1,11,5.062531739884758,0,0,0,1
1648,2016-08-16,2016-08-22,Eastern Asia,17238,4.0,199.13,17.86,6.0,4.0,Late delivery,0,2.0,1,8,5.2989671553895334,0,0,0,1
1649,2017-04-12,2017-04-12,US Center,21751,5.0,121.9,38.0,0.0,0.0,Shipping on time,0,0.0,0,4,4.811371016571989,0,1,0,0
1650,2017-03-27,2017-03-29,Central America,47798,3.0,147.8,-27.28,2.0,2.0,Shipping on time,0,0.0,0,3,5.002603122398992,0,0,1,0
1651,2017-01-25,2017-02-01,South Asia,16433,3.0,625.38,-61.534,7.0,4.0,Late delivery,0,3.0,1,1,6.439957215686664,0,0,0,1
1652,2015-06-21,2015-06-26,Oceania,64700,5.0,335.74,-0.76,5.0,2.0,Late delivery,0,3.0,1,6,5.819311119229654,0,0,1,0
1653,2016-07-18,2016-07-22,Eastern Asia,36650,3.0,149.29,-5.89,4.0,4.0,Shipping on time,1,0.0,0,7,5.012566760946003,0,0,0,1
1654,2016-04-23,2016-04-26,West Europe,18632,4.0,117.55,8.77,3.0,4.0,Shipping on time,0,-1.0,0,4,4.775334812511415,0,0,0,1
1655,2016-02-08,2016-02-12,US Center,66548,4.0,150.07,36.34,4.0,1.0,Late delivery,0,3.0,1,2,5.0177433055556335,1,0,0,0
1656,2016-08-12,2016-08-19,Oceania,27764,2.0,568.28,51.26,7.0,4.0,Late delivery,0,3.0,1,8,6.34437240447747,0,0,0,1
1657,2016-05-13,2016-05-18,West Europe,48549,1.0,168.65,2.46,5.0,4.0,Late delivery,0,1.0,1,5,5.13373749123024,0,0,0,1
1658,2017-02-24,2017-03-03,Eastern Asia,65398,5.0,293.16,53.22,7.0,4.0,Late delivery,0,3.0,1,2,5.684123836993017,0,0,0,1
1659,2015-01-15,2015-01-21,US Center,57771,2.0,118.78,27.64,6.0,4.0,Late delivery,0,2.0,1,1,4.785656726836316,0,0,0,1
1660,2017-06-27,2017-07-04,West Europe,65862,3.0,68.13,25.03,7.0,4.0,Late delivery,0,3.0,1,6,4.235988789957173,0,0,0,1
1661,2015-05-09,2015-05-15,West Europe,21848,2.0,333.6,63.59,6.0,4.0,Late delivery,0,2.0,1,5,5.812935788552724,0,0,0,1
1662,2016-04-01,2016-04-06,Central America,11830,4.0,141.64,49.61,5.0,4.0,Late delivery,0,1.0,1,4,4.9603239735548845,0,0,0,1
1663,2015-12-22,2015-12-26,Eastern Asia,59531,5.0,91.88,-16.17,4.0,4.0,Shipping on time,0,0.0,0,12,4.531308337389636,0,0,0,1
1664,2015-12-16,2015-12-23,Central America,64486,1.0,97.16,25.89,7.0,4.0,Late delivery,0,3.0,1,12,4.586598800402656,0,0,0,1
1665,2015-05-21,2015-05-26,US Center,20053,5.0,98.45,-11.81,5.0,4.0,Late delivery,0,1.0,1,5,4.599655005299981,0,0,0,1
1666,2016-07-19,2016-07-20,Eastern Asia,62965,2.0,102.4,-5.31,1.0,2.0,Shipping on time,0,-1.0,0,7,4.638604962074329,0,0,1,0
1667,2015-08-19,2015-08-22,West Europe,28148,5.0,57.88,22.54,3.0,1.0,Late delivery,0,2.0,1,8,4.075501474420621,1,0,0,0
1668,2016-08-15,2016-08-19,South Asia,73688,5.0,309.32,114.43,4.0,4.0,Shipping on time,0,0.0,0,8,5.737604023131712,0,0,0,1
1669,2017-03-17,2017-03-20,Oceania,91928,4.0,187.49,2.55,3.0,4.0,Shipping on time,0,-1.0,0,3,5.239044955082965,0,0,0,1
1670,2015-01-01,2015-01-04,West Europe,49947,1.0,269.37,77.91,3.0,4.0,Shipping on time,0,-1.0,0,1,5.599791391268202,0,0,0,1
1671,2017-02-07,2017-02-14,Eastern Asia,42317,1.0,120.26,9.65,7.0,4.0,Late delivery,0,3.0,1,2,4.797937000643585,0,0,0,1
1672,2017-05-30,2017-06-02,Oceania,48743,4.0,183.46,-18.05,3.0,4.0,Shipping on time,0,-1.0,0,5,5.217432637807573,0,0,0,1
1673,2016-12-31,2017-01-04,Central America,51519,5.0,164.37,-23.65,4.0,1.0,Late delivery,0,3.0,1,12,5.108185387662105,1,0,0,0
1674,2017-03-06,2017-03-13,West Europe,68766,5.0,304.22,7.12,7.0,4.0,Late delivery,0,3.0,1,3,5.721032828062729,0,0,0,1
1675,2016-07-20,2016-07-21,Central America,55850,2.0,244.19,-5.28,1.0,1.0,Late delivery,0,0.0,0,7,5.502033420196148,1,0,0,0
1676,2015-12-12,2015-12-17,South Asia,76627,5.0,184.77,26.14,5.0,4.0,Late delivery,0,1.0,1,12,5.224509349403313,0,0,0,1
1677,2017-07-10,2017-07-14,Central America,95001,1.0,99.81,18.07,4.0,4.0,Shipping on time,0,0.0,0,7,4.61323755706585,0,0,0,1
1678,2016-09-11,2016-09-14,Central America,52625,1.0,71.24,27.49,3.0,1.0,Late delivery,0,2.0,1,9,4.27999390910873,1,0,0,0
1679,2015-08-18,2015-08-19,West Europe,57324,5.0,91.06,6.39,2.0,1.0,Shipping on time,0,1.0,1,8,4.5224405383890955,1,0,0,0
1680,2016-11-17,2016-11-24,West Europe,34536,3.0,100.78,25.37,7.0,4.0,Late delivery,0,3.0,1,11,4.622813621160686,0,0,0,1
1681,2016-09-12,2016-09-18,Central America,38424,4.0,106.8,26.92,6.0,4.0,Late delivery,0,2.0,1,9,4.680277658474897,0,0,0,1
1682,2017-04-30,2017-05-05,Eastern Asia,90561,2.0,69.75,0.97,5.0,4.0,Late delivery,0,1.0,1,4,4.259152536523347,0,0,0,1
1683,2016-02-25,2016-02-28,Eastern Asia,32927,4.0,151.34,-61.534,3.0,2.0,Late delivery,1,1.0,1,2,5.026114864944642,0,0,1,0
1684,2015-08-26,2015-08-29,Eastern Asia,61396,1.0,174.99,30.38,3.0,4.0,Shipping on time,0,-1.0,0,8,5.17042717524212,0,0,0,1
1685,2017-07-30,2017-08-03,West Europe,64875,2.0,43.34,13.86,4.0,4.0,Shipping on time,0,0.0,0,7,3.7918872041881655,0,0,0,1
1686,2017-07-11,2017-07-14,West Europe,76945,4.0,76.2,3.44,3.0,1.0,Late delivery,0,2.0,1,7,4.3463994570307305,1,0,0,0
1687,2015-12-10,2015-12-16,Eastern Asia,26581,2.0,65.49,-6.37,6.0,4.0,Late delivery,0,2.0,1,12,4.197051560414364,0,0,0,1
1688,2015-06-15,2015-06-19,South Asia,62052,4.0,171.67,-21.17,4.0,4.0,Shipping on time,0,0.0,0,6,5.151382258424339,0,0,0,1
1689,2015-08-27,2015-08-27,US Center,55929,1.0,284.53,-8.24,0.0,0.0,Shipping on time,0,0.0,0,8,5.65434710238478,0,1,0,0
1690,2015-08-13,2015-08-17,Oceania,99048,4.0,81.3,32.26,4.0,4.0,Shipping on time,0,0.0,0,8,4.410371107683024,0,0,0,1
1691,2017-02-07,2017-02-13,Central America,31305,4.0,149.29,70.11,6.0,4.0,Late delivery,1,2.0,1,2,5.012566760946003,0,0,0,1
1692,2016-09-09,2016-09-14,Eastern Asia,27548,5.0,125.39,45.56,5.0,4.0,Late delivery,0,1.0,1,9,4.8393723646590345,0,0,0,1
1693,2017-03-21,2017-03-27,West Europe,81539,1.0,932.5600000000057,-61.534,6.0,4.0,Late delivery,0,2.0,1,3,6.839005235153027,0,0,0,1
1694,2015-03-09,2015-03-12,Central America,63955,2.0,341.32,7.92,3.0,4.0,Shipping on time,0,-1.0,0,3,5.835745972108561,0,0,0,1
1695,2016-12-19,2016-12-22,South Asia,55629,1.0,179.41,36.54,3.0,4.0,Shipping on time,0,-1.0,0,12,5.195232038464711,0,0,0,1
1696,2015-12-27,2015-12-29,West Europe,19181,1.0,229.96,-22.68,2.0,0.0,Late delivery,0,2.0,1,12,5.442244535354679,0,1,0,0
1697,2017-02-22,2017-02-27,South Asia,74755,5.0,148.14,-21.37,5.0,4.0,Late delivery,0,1.0,1,2,5.004885462115649,0,0,0,1
1698,2016-09-03,2016-09-06,West Europe,62188,1.0,118.19,-16.93,3.0,2.0,Late delivery,0,1.0,1,9,4.780718858494617,0,0,1,0
1699,2015-07-11,2015-07-16,Oceania,40594,3.0,73.05,6.11,5.0,4.0,Late delivery,0,1.0,1,7,4.304740540713808,0,0,0,1
1700,2017-02-13,2017-02-19,US Center,40060,5.0,181.14,27.73,6.0,4.0,Late delivery,0,2.0,1,2,5.204775622139673,0,0,0,1
1701,2016-08-27,2016-09-01,US Center,73830,3.0,142.2,-3.46,5.0,2.0,Late delivery,0,3.0,1,8,4.964242254526545,0,0,1,0
1702,2017-05-09,2017-05-13,Oceania,69154,1.0,117.46,30.87,4.0,4.0,Shipping on time,0,0.0,0,5,4.774575350848819,0,0,0,1
1703,2016-06-21,2016-06-22,Oceania,96094,3.0,141.67,16.64,1.0,1.0,Shipping on time,0,0.0,0,6,4.960534271126723,1,0,0,0
1704,2017-07-06,2017-07-10,Eastern Asia,34926,1.0,149.29,2.58,4.0,4.0,Shipping on time,1,0.0,0,7,5.012566760946003,0,0,0,1
1705,2017-06-28,2017-07-03,Eastern Asia,67095,2.0,78.87,-5.31,5.0,4.0,Late delivery,0,1.0,1,6,4.380400312929297,0,0,0,1
1706,2017-04-08,2017-04-13,US Center,60983,4.0,107.6,25.18,5.0,4.0,Late delivery,0,1.0,1,4,4.687671407499835,0,0,0,1
1707,2016-02-02,2016-02-09,Central America,53248,3.0,932.5600000000057,174.0700000000001,7.0,4.0,Late delivery,0,3.0,1,2,6.839005235153027,0,0,0,1
1708,2017-05-31,2017-06-03,Oceania,79893,4.0,128.78,40.7,3.0,4.0,Shipping on time,0,-1.0,0,5,4.865840709193022,0,0,0,1
1709,2015-09-03,2015-09-04,West Europe,89970,1.0,347.15,132.05,1.0,2.0,Shipping on time,0,-1.0,0,9,5.852633421388556,0,0,1,0
1710,2017-08-22,2017-08-26,West Europe,27875,5.0,73.54,14.77,4.0,1.0,Late delivery,0,3.0,1,8,4.311335894051113,1,0,0,0
1711,2015-11-04,2015-11-11,Eastern Asia,24513,1.0,65.09,16.78,7.0,4.0,Late delivery,0,3.0,1,11,4.191017449482361,0,0,0,1
1712,2015-11-14,2015-11-17,Oceania,78362,5.0,160.38,9.72,3.0,4.0,Shipping on time,0,-1.0,0,11,5.08376183242036,0,0,0,1
1713,2016-05-27,2016-05-29,US Center,18203,3.0,237.95,67.39,2.0,2.0,Shipping on time,0,0.0,0,5,5.4762543250241675,0,0,1,0
1714,2015-07-10,2015-07-15,US Center,11626,5.0,99.56,-1.6,5.0,4.0,Late delivery,0,1.0,1,7,4.610754564281992,0,0,0,1
1715,2017-09-10,2017-09-14,South Asia,84338,3.0,217.09,-23.65,4.0,4.0,Shipping on time,0,0.0,0,9,5.384907821629135,0,0,0,1
1716,2016-04-05,2016-04-08,South Asia,94422,5.0,261.84,54.39,3.0,4.0,Shipping on time,0,-1.0,0,4,5.571545482029667,0,0,0,1
1717,2016-11-28,2016-12-05,West Europe,37584,3.0,285.07,58.71,7.0,4.0,Late delivery,0,3.0,1,11,5.656236536116929,0,0,0,1
1718,2017-06-10,2017-06-11,Eastern Asia,57299,1.0,138.73,-0.21,1.0,2.0,Shipping on time,0,-1.0,0,6,4.939711989092356,0,0,1,0
1719,2016-12-21,2016-12-25,West Europe,74082,3.0,143.84,30.25,4.0,4.0,Shipping on time,0,0.0,0,12,4.975629684897441,0,0,0,1
1720,2015-05-09,2015-05-15,Eastern Asia,97934,5.0,54.39,19.17,6.0,4.0,Late delivery,0,2.0,1,5,4.014399072045013,0,0,0,1
1721,2016-04-11,2016-04-12,South Asia,34614,5.0,150.5,-2.88,1.0,1.0,Shipping on time,0,0.0,0,4,5.020585624949423,1,0,0,0
1722,2016-10-22,2016-10-25,Central America,52858,2.0,176.03,42.02,3.0,1.0,Late delivery,0,2.0,1,10,5.176319209737187,1,0,0,0
1723,2016-02-01,2016-02-05,South Asia,88241,1.0,350.34,30.38,4.0,4.0,Shipping on time,0,0.0,0,2,5.861754415585237,0,0,0,1
1724,2017-02-20,2017-02-27,Oceania,34211,1.0,68.53,0.57,7.0,4.0,Late delivery,0,3.0,1,2,4.2417583141109265,0,0,0,1
1725,2017-07-20,2017-07-26,South Asia,62721,4.0,88.73,33.93,6.0,4.0,Late delivery,0,2.0,1,7,4.496805161309966,0,0,0,1
1726,2016-05-04,2016-05-08,South Asia,71536,5.0,80.75,15.72,4.0,1.0,Late delivery,0,3.0,1,5,4.403665809777363,1,0,0,0
1727,2016-03-26,2016-03-29,US Center,43259,2.0,256.18,-45.61,3.0,1.0,Late delivery,0,2.0,1,3,5.549776228842293,1,0,0,0
1728,2016-10-29,2016-11-02,South Asia,51276,2.0,36.216,7.8,4.0,4.0,Shipping on time,0,0.0,0,10,3.6167387763362537,0,0,0,1
1730,2016-08-05,2016-08-10,West Europe,35893,1.0,519.17,48.28,5.0,4.0,Late delivery,0,1.0,1,8,6.254155681224691,0,0,0,1
1731,2017-02-19,2017-02-24,US Center,87374,4.0,221.14,-33.46,5.0,4.0,Late delivery,0,1.0,1,2,5.403307813738974,0,0,0,1
1732,2015-07-27,2015-07-31,Oceania,46569,3.0,66.21,17.36,4.0,1.0,Late delivery,0,3.0,1,7,4.2078220459818745,1,0,0,0
1733,2015-07-21,2015-07-25,Central America,88024,3.0,143.11,6.68,4.0,4.0,Shipping on time,0,0.0,0,7,4.97057689685027,0,0,0,1
1734,2016-03-28,2016-04-01,South Asia,87083,5.0,248.12,71.26,4.0,4.0,Shipping on time,0,0.0,0,3,5.517934708085688,0,0,0,1
1735,2016-01-26,2016-02-02,Central America,59063,1.0,207.33,8.77,7.0,4.0,Late delivery,0,3.0,1,1,5.339123360940291,0,0,0,1
1736,2016-09-02,2016-09-08,Eastern Asia,28815,2.0,129.75,8.37,6.0,4.0,Late delivery,0,2.0,1,9,4.873287102945032,0,0,0,1
1737,2016-09-04,2016-09-06,South Asia,27456,3.0,91.74,21.87,2.0,2.0,Shipping on time,0,0.0,0,9,4.529799878963315,0,0,1,0
1738,2017-01-30,2017-02-04,Eastern Asia,20822,5.0,245.96,-9.65,5.0,4.0,Late delivery,0,1.0,1,1,5.509226380193904,0,0,0,1
1739,2017-04-11,2017-04-17,Oceania,52218,2.0,147.84,48.65,6.0,4.0,Late delivery,0,2.0,1,4,5.002871903478422,0,0,0,1
1740,2016-10-27,2016-11-03,Oceania,12226,5.0,242.59,-10.95,7.0,4.0,Late delivery,0,3.0,1,10,5.49548648409001,0,0,0,1
1741,2015-01-07,2015-01-10,US Center,79273,2.0,188.89,60.65,3.0,0.0,Late delivery,0,3.0,1,1,5.246444957137325,0,1,0,0
1742,2017-04-26,2017-04-29,West Europe,73061,3.0,111.81,29.95,3.0,2.0,Late delivery,0,1.0,1,4,4.725704987616829,0,0,1,0
1743,2016-10-14,2016-10-18,Eastern Asia,30270,4.0,355.89,-9.38,4.0,4.0,Shipping on time,0,0.0,0,10,5.877427611050618,0,0,0,1
1744,2016-09-15,2016-09-15,Eastern Asia,27019,2.0,109.67,25.89,0.0,1.0,Shipping on time,0,-1.0,0,9,4.706552800276694,1,0,0,0
1745,2015-05-17,2015-05-24,Oceania,91410,5.0,192.75,30.06,7.0,4.0,Late delivery,0,3.0,1,5,5.2665686682334565,0,0,0,1
1746,2015-02-05,2015-02-09,West Europe,33268,2.0,101.12,1.73,4.0,2.0,Late delivery,0,2.0,1,2,4.6261485923732835,0,0,1,0
1747,2016-09-23,2016-09-28,Eastern Asia,42163,1.0,129.07,16.57,5.0,4.0,Late delivery,0,1.0,1,9,4.868072767075649,0,0,0,1
1748,2015-07-13,2015-07-17,Central America,76219,1.0,127.56,-12.98,2.0,1.0,Late delivery,0,1.0,1,7,4.856395721429257,1,0,0,0
1749,2016-08-27,2016-09-02,US Center,40656,4.0,99.39,-18.92,6.0,4.0,Late delivery,0,2.0,1,8,4.609062600703435,0,0,0,1
1750,2017-09-21,2017-09-26,Eastern Asia,12442,3.0,171.43,65.66,5.0,4.0,Late delivery,0,1.0,1,9,5.14999135701204,0,0,0,1
1751,2016-05-31,2016-06-02,Central America,57235,4.0,328.41,72.64,2.0,2.0,Shipping on time,0,0.0,0,5,5.797303175509818,0,0,1,0
1752,2017-05-08,2017-05-11,West Europe,85045,2.0,458.08,120.26,3.0,4.0,Shipping on time,0,-1.0,0,5,6.1292244868124675,0,0,0,1
1753,2016-03-02,2016-03-08,West Europe,15331,2.0,354.31,3.42,6.0,4.0,Late delivery,0,2.0,1,3,5.872990647860296,0,0,0,1
1754,2015-04-29,2015-05-02,Central America,46013,2.0,133.7,-25.69,3.0,4.0,Shipping on time,0,-1.0,0,4,4.903050083416319,0,0,0,1
1755,2016-06-24,2016-06-30,US Center,53922,1.0,358.87,-61.534,6.0,4.0,Late delivery,0,2.0,1,6,5.885742855122727,0,0,0,1
1756,2016-09-20,2016-09-24,Eastern Asia,77646,3.0,191.31,-3.11,4.0,4.0,Shipping on time,0,0.0,0,9,5.259108653322756,0,0,0,1
1757,2017-08-15,2017-08-20,South Asia,56789,1.0,440.89,-21.8,5.0,4.0,Late delivery,0,1.0,1,8,6.091060982326444,0,0,0,1
1758,2016-07-15,2016-07-18,US Center,84765,2.0,69.21,6.86,3.0,4.0,Shipping on time,0,-1.0,0,7,4.2514907510291575,0,0,0,1
1759,2015-12-19,2015-12-26,Eastern Asia,66314,3.0,364.28,-12.8,7.0,4.0,Late delivery,0,3.0,1,12,5.900664182781485,0,0,0,1
1760,2015-07-01,2015-07-07,West Europe,41596,5.0,103.29,35.87,6.0,4.0,Late delivery,0,2.0,1,7,4.6471754801331215,0,0,0,1
1761,2016-04-16,2016-04-21,Oceania,96877,3.0,299.12,8.06,5.0,4.0,Late delivery,0,1.0,1,4,5.704182394677528,0,0,0,1
1762,2016-03-18,2016-03-23,South Asia,78307,5.0,111.93,0.03,5.0,4.0,Late delivery,0,1.0,1,3,4.726768157735579,0,0,0,1
1763,2015-05-28,2015-05-31,Oceania,17708,5.0,257.91,4.42,3.0,4.0,Shipping on time,0,-1.0,0,5,5.556480510963286,0,0,0,1
1764,2015-05-29,2015-06-05,South Asia,63763,3.0,125.16,-6.98,7.0,4.0,Late delivery,0,3.0,1,5,4.837550942654783,0,0,0,1
1765,2016-01-24,2016-01-29,Central America,16386,1.0,47.57,-6.03,5.0,2.0,Late delivery,0,3.0,1,1,3.8830060563576536,0,0,1,0
1766,2016-10-17,2016-10-24,West Europe,39770,1.0,82.62,15.64,7.0,4.0,Late delivery,0,3.0,1,10,4.426282725928419,0,0,0,1
1767,2015-02-21,2015-02-26,Oceania,34582,4.0,128.28,-0.17,5.0,4.0,Late delivery,0,1.0,1,2,4.861980594772786,0,0,0,1
1768,2016-11-16,2016-11-21,Central America,83091,2.0,150.6,6.12,5.0,2.0,Late delivery,0,3.0,1,11,5.021245473208271,0,0,1,0
1769,2017-06-28,2017-07-04,Eastern Asia,33712,2.0,38.29,13.2,6.0,4.0,Late delivery,0,2.0,1,6,3.6709700335703683,0,0,0,1
1770,2016-07-22,2016-07-26,US Center,45018,4.0,71.89,18.51,4.0,1.0,Late delivery,0,3.0,1,7,4.2889514553941215,1,0,0,0
1771,2015-12-12,2015-12-14,Central America,37503,1.0,95.36,33.98,2.0,1.0,Late delivery,0,1.0,1,12,4.568091177746671,1,0,0,0
1772,2015-09-21,2015-09-25,South Asia,18802,5.0,130.59,24.11,4.0,4.0,Shipping on time,0,0.0,0,9,4.879691028162049,0,0,0,1
1773,2017-07-26,2017-07-27,Eastern Asia,32817,5.0,169.63,45.09,1.0,2.0,Shipping on time,0,-1.0,0,7,5.139497469539173,0,0,1,0
1774,2015-03-15,2015-03-18,Central America,45493,4.0,90.34,22.77,3.0,4.0,Shipping on time,0,-1.0,0,3,4.514588807756853,0,0,0,1
1775,2015-05-16,2015-05-20,Central America,79268,5.0,149.29,4.2,4.0,4.0,Shipping on time,1,0.0,0,5,5.012566760946003,0,0,0,1
1776,2015-12-11,2015-12-17,Eastern Asia,28348,1.0,178.22,57.93,6.0,4.0,Late delivery,0,2.0,1,12,5.188614101456073,0,0,0,1
1777,2016-10-23,2016-10-24,Central America,17018,5.0,121.43,0.92,1.0,2.0,Shipping on time,0,-1.0,0,10,4.807539438085824,0,0,1,0
1778,2017-06-02,2017-06-02,South Asia,57097,2.0,253.94,-4.07,0.0,1.0,Shipping on time,0,-1.0,0,6,5.541028223354775,1,0,0,0
1779,2016-08-25,2016-08-31,Eastern Asia,85054,4.0,108.0,14.46,6.0,4.0,Late delivery,0,2.0,1,8,4.6913478822291435,0,0,0,1
1780,2015-12-27,2015-12-31,Eastern Asia,59357,1.0,219.23,34.4,4.0,2.0,Late delivery,0,2.0,1,12,5.3946724547908,0,0,1,0
1781,2016-10-23,2016-10-30,West Europe,85727,1.0,86.63,15.41,7.0,4.0,Late delivery,0,3.0,1,10,4.473123405067759,0,0,0,1
1782,2015-07-06,2015-07-12,Central America,72249,3.0,174.54,27.82,6.0,4.0,Late delivery,0,2.0,1,7,5.167866937163971,0,0,0,1
1783,2017-03-06,2017-03-08,Oceania,80252,1.0,156.74,-24.73,2.0,0.0,Late delivery,0,2.0,1,3,5.060948107969845,0,1,0,0
1784,2016-10-01,2016-10-03,US Center,93616,2.0,194.79,57.24,2.0,2.0,Shipping on time,0,0.0,0,10,5.277042656269182,0,0,1,0
1785,2015-03-16,2015-03-23,West Europe,30324,5.0,84.4,21.73,7.0,4.0,Late delivery,0,3.0,1,3,4.447346100794524,0,0,0,1
1786,2016-08-10,2016-08-13,West Europe,65544,3.0,137.9,50.25,3.0,1.0,Late delivery,0,2.0,1,8,4.933754249760298,1,0,0,0
1787,2017-01-09,2017-01-13,US Center,74747,3.0,88.88,-2.39,4.0,4.0,Shipping on time,0,0.0,0,1,4.498475447317128,0,0,0,1
1788,2016-01-30,2016-02-02,Oceania,15610,2.0,134.7,-6.49,3.0,4.0,Shipping on time,0,-1.0,0,1,4.9104465668408235,0,0,0,1
1789,2015-01-27,2015-01-30,West Europe,30481,1.0,216.18,56.4,3.0,4.0,Shipping on time,0,-1.0,0,1,5.380726502788755,0,0,0,1
1790,2017-04-10,2017-04-14,Central America,23190,1.0,901.27,-61.534,4.0,1.0,Late delivery,0,3.0,1,4,6.804913810082427,1,0,0,0
1791,2015-10-29,2015-11-03,Eastern Asia,64106,3.0,151.61,2.53,5.0,4.0,Late delivery,0,1.0,1,10,5.027885647502783,0,0,0,1
1792,2015-04-03,2015-04-07,South Asia,73884,4.0,228.66,87.88,4.0,1.0,Late delivery,0,3.0,1,4,5.436599954348043,1,0,0,0
1793,2017-04-27,2017-04-28,South Asia,60458,4.0,158.95,2.72,1.0,2.0,Shipping on time,0,-1.0,0,4,5.074861266395527,0,0,1,0
1794,2017-05-15,2017-05-18,Oceania,18761,2.0,294.59,32.1,3.0,4.0,Shipping on time,0,-1.0,0,5,5.6889733590024925,0,0,0,1
1795,2016-07-24,2016-07-28,South Asia,45345,1.0,196.29,11.94,4.0,4.0,Shipping on time,0,0.0,0,7,5.284674727506878,0,0,0,1
1796,2016-09-09,2016-09-13,Central America,86230,1.0,279.13,70.67,4.0,4.0,Shipping on time,0,0.0,0,9,5.635253781136272,0,0,0,1
1797,2017-07-19,2017-07-23,Oceania,80041,1.0,184.06,39.09,4.0,4.0,Shipping on time,0,0.0,0,7,5.220680096820884,0,0,0,1
1798,2017-06-21,2017-06-22,South Asia,24533,2.0,632.81,14.87,1.0,2.0,Shipping on time,0,-1.0,0,6,6.451749224980253,0,0,1,0
1799,2017-05-12,2017-05-13,South Asia,84220,3.0,341.25,81.15,1.0,2.0,Shipping on time,0,-1.0,0,5,5.835541464168558,0,0,1,0
1800,2015-04-14,2015-04-14,Oceania,78208,1.0,53.13,7.14,0.0,0.0,Shipping on time,0,0.0,0,4,3.9913885608088866,0,1,0,0
1801,2016-02-28,2016-03-05,Eastern Asia,14840,5.0,178.03,5.03,6.0,4.0,Late delivery,0,2.0,1,2,5.187553389563182,0,0,0,1
1802,2016-07-10,2016-07-14,Oceania,45794,5.0,155.75,3.79,4.0,1.0,Late delivery,0,3.0,1,7,5.05465217951303,1,0,0,0
1803,2015-10-09,2015-10-14,Eastern Asia,69689,1.0,39.24,3.03,5.0,4.0,Late delivery,0,1.0,1,10,3.6948615257914836,0,0,0,1
1804,2016-11-29,2016-12-02,South Asia,65330,1.0,88.36,6.39,3.0,2.0,Late delivery,0,1.0,1,11,4.492673154760945,0,0,1,0
1805,2015-07-23,2015-07-27,Central America,91695,2.0,145.37,-21.89,4.0,1.0,Late delivery,1,3.0,1,7,4.986137662495856,1,0,0,0
1806,2015-12-04,2015-12-07,South Asia,24678,5.0,95.4,-18.2,3.0,0.0,Late delivery,0,3.0,1,12,4.5685062016165,0,1,0,0
1807,2015-02-12,2015-02-19,West Europe,63692,4.0,160.73,-13.16,7.0,4.0,Late delivery,0,3.0,1,2,5.085928278131687,0,0,0,1
1808,2015-07-02,2015-07-09,Eastern Asia,67303,5.0,50.34,10.59,7.0,4.0,Late delivery,0,3.0,1,7,3.9384701754429945,0,0,0,1
1809,2016-12-17,2016-12-18,US Center,89269,2.0,233.27,89.06,1.0,1.0,Shipping on time,0,0.0,0,12,5.4564742963426935,1,0,0,0
1810,2016-02-14,2016-02-16,South Asia,54152,1.0,237.27,-46.45,2.0,1.0,Late delivery,0,1.0,1,2,5.473404484446558,1,0,0,0
1811,2017-03-17,2017-03-24,Central America,69494,4.0,183.98,-36.27,7.0,4.0,Late delivery,0,3.0,1,3,5.220247711126114,0,0,0,1
1812,2015-07-22,2015-07-26,West Europe,72609,4.0,121.89,14.44,4.0,1.0,Late delivery,0,3.0,1,7,4.811289646296506,1,0,0,0
1813,2015-02-17,2015-02-23,Central America,71654,4.0,149.29,45.19,6.0,4.0,Late delivery,1,2.0,1,2,5.012566760946003,0,0,0,1
1815,2016-05-06,2016-05-09,South Asia,Unknown,4.0,296.8,-34.61,3.0,2.0,Late delivery,0,1.0,1,5,5.696422120249909,0,0,1,0
1816,2016-11-10,2016-11-17,Oceania,47158,4.0,201.82,-2.56,7.0,4.0,Late delivery,0,3.0,1,11,5.31231888618385,0,0,0,1
1817,2017-04-10,2017-04-17,Central America,88906,3.0,495.02,96.32,7.0,4.0,Late delivery,0,3.0,1,4,6.206616248492639,0,0,0,1
1818,2016-12-05,2016-12-11,Eastern Asia,77749,5.0,119.22,35.69,6.0,4.0,Late delivery,0,2.0,1,12,4.789323397611016,0,0,0,1
1819,2016-10-01,2016-10-06,Oceania,49856,2.0,356.92,113.26,5.0,4.0,Late delivery,0,1.0,1,10,5.88030949774182,0,0,0,1
1820,2015-05-06,2015-05-09,Oceania,77314,3.0,105.15,0.55,3.0,4.0,Shipping on time,0,-1.0,0,5,4.664853188149265,0,0,0,1
1821,2016-02-21,2016-02-24,West Europe,16375,2.0,134.3,27.61,3.0,4.0,Shipping on time,0,-1.0,0,2,4.907494535176743,0,0,0,1
1822,2017-02-20,2017-02-21,West Europe,76518,2.0,79.34,12.74,1.0,2.0,Shipping on time,0,-1.0,0,2,4.386267628931136,0,0,1,0
1823,2017-08-07,2017-08-10,West Europe,96579,3.0,204.12,-13.82,3.0,4.0,Shipping on time,0,-1.0,0,8,5.323595173732305,0,0,0,1
1824,2015-06-20,2015-06-22,West Europe,17969,4.0,143.64,35.93,3.0,2.0,Shipping on time,0,1.0,1,6,4.974247896643866,0,0,1,0
1825,2016-02-27,2016-02-28,Central America,92061,4.0,216.49,-24.85,1.0,1.0,Shipping on time,0,0.0,0,2,5.382152872460269,1,0,0,0
1826,2015-02-18,2015-02-22,Central America,98807,4.0,365.6,78.88,4.0,4.0,Shipping on time,0,0.0,0,2,5.904271335405605,0,0,0,1
1827,2015-11-09,2015-11-15,South Asia,49325,3.0,143.97,5.34,6.0,4.0,Late delivery,0,2.0,1,11,4.976526824462806,0,0,0,1
1828,2017-02-12,2017-02-16,South Asia,Unknown,2.0,187.26,49.81,4.0,4.0,Shipping on time,0,0.0,0,2,5.237823986119074,0,0,0,1
1829,2016-05-12,2016-05-17,Central America,57702,1.0,256.03,70.5,5.0,4.0,Late delivery,0,1.0,1,5,5.549192809600136,0,0,0,1
1830,2017-09-08,2017-09-12,Eastern Asia,44735,3.0,143.74,-15.92,4.0,2.0,Late delivery,0,2.0,1,9,4.974939029437982,0,0,1,0
1831,2015-12-13,2015-12-19,Oceania,52828,5.0,107.1,13.84,6.0,4.0,Late delivery,0,2.0,1,12,4.683056724645162,0,0,0,1
1832,2016-10-09,2016-10-12,Eastern Asia,44036,3.0,184.74,61.88,3.0,4.0,Shipping on time,0,-1.0,0,10,5.224347846347863,0,0,0,1
1833,2016-01-28,2016-01-29,Eastern Asia,75122,2.0,201.73,38.81,1.0,2.0,Shipping on time,0,-1.0,0,1,5.311875044480103,0,0,1,0
1834,2017-09-06,2017-09-11,Eastern Asia,Unknown,3.0,238.33,15.26,5.0,4.0,Late delivery,0,1.0,1,9,5.477843352706524,0,0,0,1
1835,2016-05-11,2016-05-15,Oceania,18720,5.0,245.94,-21.22,4.0,4.0,Shipping on time,0,0.0,0,5,5.509145392139597,0,0,0,1
1836,2016-10-28,2016-10-29,South Asia,84432,2.0,151.34,-9.72,1.0,2.0,Shipping on time,1,-1.0,0,10,5.026114864944642,0,0,1,0
1837,2015-03-19,2015-03-22,Central America,82525,2.0,194.76,24.84,3.0,2.0,Late delivery,0,1.0,1,3,5.276889419134416,0,0,1,0
1838,2015-01-23,2015-01-26,Eastern Asia,13256,5.0,312.7,85.17,3.0,4.0,Shipping on time,0,-1.0,0,1,5.748437115196633,0,0,0,1
1839,2016-08-26,2016-08-30,South Asia,41694,2.0,112.68,32.33,4.0,2.0,Late delivery,0,2.0,1,8,4.733387483788845,0,0,1,0
1840,2017-07-31,2017-08-05,West Europe,76579,4.0,185.4,54.44,5.0,4.0,Late delivery,0,1.0,1,7,5.2278949022514904,0,0,0,1
1841,2016-08-05,2016-08-10,Oceania,30960,4.0,102.65,18.26,5.0,4.0,Late delivery,0,1.0,1,8,4.641019838881789,0,0,0,1
1842,2016-04-18,2016-04-23,West Europe,63543,3.0,164.79,62.03,5.0,4.0,Late delivery,0,1.0,1,4,5.110721927251374,0,0,0,1
1843,2016-12-12,2016-12-16,West Europe,19879,2.0,423.84,56.04,4.0,4.0,Shipping on time,0,0.0,0,12,6.051712627453338,0,0,0,1
1844,2017-04-10,2017-04-13,Eastern Asia,43312,3.0,165.4,20.11,3.0,4.0,Shipping on time,0,-1.0,0,4,5.114394528387108,0,0,0,1
1845,2015-08-31,2015-09-02,Central America,60220,3.0,83.33,30.65,2.0,2.0,Shipping on time,0,0.0,0,8,4.43473767358655,0,0,1,0
1846,2015-10-12,2015-10-16,Central America,38407,4.0,183.49,51.23,4.0,4.0,Shipping on time,0,0.0,0,10,5.217595261469674,0,0,0,1
1847,2015-02-10,2015-02-16,South Asia,21074,3.0,169.69,49.26,6.0,4.0,Late delivery,0,2.0,1,2,5.139849045776241,0,0,0,1
1848,2016-07-22,2016-07-27,US Center,13751,5.0,291.71,7.69,5.0,2.0,Late delivery,0,3.0,1,7,5.679182357787968,0,0,1,0
1849,2016-12-08,2016-12-14,Central America,99529,2.0,65.26,8.72,6.0,4.0,Late delivery,0,2.0,1,12,4.1935863968717495,0,0,0,1
1850,2016-11-28,2016-11-28,West Europe,91842,3.0,85.88,-11.74,0.0,0.0,Shipping on time,0,0.0,0,11,4.464527856185625,0,1,0,0
1851,2016-01-04,2016-01-08,Oceania,39096,3.0,142.22,41.44,4.0,4.0,Late delivery,0,0.0,0,1,4.964381909578794,0,0,0,1
1852,2017-02-14,2017-02-21,West Europe,51894,5.0,58.53,-2.05,7.0,4.0,Late delivery,0,3.0,1,2,4.086480387165299,0,0,0,1
1853,2016-08-20,2016-08-27,Central America,26791,1.0,295.32,56.24,7.0,4.0,Late delivery,0,3.0,1,8,5.691439951457815,0,0,0,1
1854,2015-10-12,2015-10-15,US Center,77956,1.0,44.08,-7.95,3.0,0.0,Late delivery,0,3.0,1,10,3.8084386891715756,0,1,0,0
1855,2015-09-28,2015-10-01,Eastern Asia,17062,5.0,90.44,0.88,3.0,4.0,Shipping on time,0,-1.0,0,9,4.515683019486556,0,0,0,1
1856,2015-09-01,2015-09-04,Eastern Asia,15958,4.0,61.3,-7.14,3.0,2.0,Late delivery,0,1.0,1,9,4.131961425793407,0,0,1,0
1857,2015-12-15,2015-12-15,West Europe,73640,4.0,100.48,2.88,1.0,0.0,Shipping on time,0,1.0,1,12,4.6198617347310815,0,1,0,0
1858,2016-01-20,2016-01-20,Central America,64772,4.0,241.4,43.25,0.0,0.0,Shipping on time,0,0.0,0,1,5.490589254195159,0,1,0,0
1859,2015-09-20,2015-09-25,Central America,21803,4.0,214.19,25.2,5.0,4.0,Late delivery,0,1.0,1,9,5.3715213588064525,0,0,0,1
1860,2016-08-07,2016-08-14,Oceania,29902,1.0,260.28,-43.79,7.0,4.0,Late delivery,0,3.0,1,8,5.565592629222155,0,0,0,1
1861,2016-05-07,2016-05-12,US Center,72623,4.0,214.33,22.83,5.0,2.0,Late delivery,0,3.0,1,5,5.372171735118517,0,0,1,0
1863,2016-10-09,2016-10-14,Eastern Asia,30943,4.0,178.74,11.62,5.0,4.0,Late delivery,0,1.0,1,10,5.191511362230227,0,0,0,1
1864,2015-05-20,2015-05-27,South Asia,77925,1.0,49.11,13.42,7.0,4.0,Late delivery,0,3.0,1,5,3.914220588971633,0,0,0,1
1865,2015-08-24,2015-08-30,South Asia,63408,5.0,110.15,15.89,6.0,4.0,Late delivery,0,2.0,1,8,4.710880640410205,0,0,0,1
1866,2015-09-01,2015-09-05,US Center,85306,5.0,117.73,2.96,4.0,4.0,Shipping on time,0,0.0,0,9,4.776852007677701,0,0,0,1
1867,2015-11-13,2015-11-20,Oceania,50498,2.0,107.49,20.11,7.0,4.0,Late delivery,0,3.0,1,11,4.686658002834359,0,0,0,1
1868,2017-04-15,2017-04-20,South Asia,29033,3.0,200.41,28.56,5.0,4.0,Late delivery,0,1.0,1,4,5.30534263148479,0,0,0,1
1869,2016-04-07,2016-04-11,West Europe,48991,3.0,91.63,3.17,4.0,4.0,Shipping on time,0,0.0,0,4,4.5286130632659365,0,0,0,1
1870,2016-02-17,2016-02-23,Eastern Asia,73123,1.0,422.53,14.85,6.0,4.0,Late delivery,0,2.0,1,2,6.048624349835855,0,0,0,1
1871,2016-11-27,2016-11-30,South Asia,75771,1.0,213.67,43.82,3.0,4.0,Shipping on time,0,-1.0,0,11,5.3691019652659975,0,0,0,1
1872,2016-01-20,2016-01-23,Eastern Asia,28608,4.0,303.37,55.23,3.0,4.0,Shipping on time,0,-1.0,0,1,5.718244066597205,0,0,0,1
1873,2016-01-05,2016-01-07,Eastern Asia,42596,5.0,235.31,44.62,2.0,1.0,Late delivery,0,1.0,1,1,5.4651445023833425,1,0,0,0
1874,2017-03-07,2017-03-10,US Center,92762,2.0,255.15,-30.74,3.0,4.0,Shipping on time,0,-1.0,0,3,5.5457632103852115,0,0,0,1
1875,2015-03-04,2015-03-09,Oceania,74720,1.0,145.37,52.74,5.0,4.0,Late delivery,0,1.0,1,3,4.986137662495856,0,0,0,1
1876,2015-02-27,2015-03-03,Eastern Asia,41363,1.0,485.94,156.55,4.0,2.0,Late delivery,0,2.0,1,2,6.188140912207021,0,0,1,0
1877,2016-06-02,2016-06-05,Central America,31615,3.0,79.18,-8.21,3.0,4.0,Shipping on time,0,-1.0,0,6,4.384274107214361,0,0,0,1
1878,2015-08-18,2015-08-21,US Center,29875,3.0,196.83,51.01,3.0,4.0,Shipping on time,0,-1.0,0,8,5.287408076040001,0,0,0,1
1879,2016-03-30,2016-03-30,West Europe,50357,1.0,149.5,2.78,0.0,0.0,Shipping on time,0,0.0,0,3,5.01396308418893,0,1,0,0
1880,2015-07-02,2015-07-02,West Europe,59679,4.0,130.36,37.62,0.0,1.0,Shipping on time,0,-1.0,0,7,4.8779416457041185,1,0,0,0
1881,2017-09-23,2017-09-27,West Europe,62365,1.0,180.59,18.67,4.0,2.0,Late delivery,0,2.0,1,9,5.201751398571705,0,0,1,0
1882,2016-05-21,2016-05-26,South Asia,70581,4.0,95.02,17.31,5.0,4.0,Late delivery,0,1.0,1,5,4.564556503102795,0,0,0,1
1883,2016-08-03,2016-08-10,Oceania,12029,4.0,251.53,41.8,7.0,4.0,Late delivery,0,3.0,1,8,5.53153005353903,0,0,0,1
1884,2016-04-10,2016-04-13,US Center,80304,5.0,239.17,44.5,3.0,4.0,Shipping on time,0,-1.0,0,4,5.481347005925672,0,0,0,1
1886,2015-07-12,2015-07-18,South Asia,80649,4.0,232.44,43.97,6.0,4.0,Late delivery,0,2.0,1,7,5.452925084774476,0,0,0,1
1887,2016-10-05,2016-10-09,Central America,53374,5.0,79.87,7.06,5.0,4.0,Shipping on time,0,1.0,1,10,4.392842927107731,0,0,0,1
1888,2017-07-05,2017-07-09,Eastern Asia,63746,2.0,50.27,5.54,4.0,2.0,Late delivery,0,2.0,1,7,3.9371057857956093,0,0,1,0
1889,2015-03-24,2015-03-29,Eastern Asia,49567,5.0,105.24,-12.07,5.0,4.0,Late delivery,0,1.0,1,3,4.665700685728123,0,0,0,1
1890,2015-07-18,2015-07-21,West Europe,35529,2.0,129.37,22.71,3.0,4.0,Shipping on time,0,-1.0,0,7,4.8703765616746875,0,0,0,1
1891,2016-01-08,2016-01-12,Oceania,43661,1.0,667.74,19.92,4.0,1.0,Late delivery,0,3.0,1,1,6.505395344827387,1,0,0,0
1892,2015-10-08,2015-10-11,Eastern Asia,68692,2.0,130.05,-21.7,3.0,4.0,Shipping on time,0,-1.0,0,10,4.875578929769415,0,0,0,1
1893,2015-02-05,2015-02-12,Central America,37794,1.0,277.48,73.91,7.0,4.0,Late delivery,0,3.0,1,2,5.629346243503184,0,0,0,1
1894,2017-08-10,2017-08-17,West Europe,37750,5.0,248.03,49.59,7.0,4.0,Late delivery,0,3.0,1,8,5.517573371135054,0,0,0,1
1895,2016-08-23,2016-08-25,South Asia,13796,4.0,530.48,12.31,2.0,2.0,Shipping on time,0,0.0,0,8,6.275665567723107,0,0,1,0
1896,2015-10-22,2015-10-27,US Center,46676,1.0,160.02,31.98,5.0,2.0,Late delivery,0,3.0,1,10,5.081528580871835,0,0,1,0
1897,2015-06-22,2015-06-29,US Center,91337,2.0,221.03,87.64,7.0,4.0,Late delivery,0,3.0,1,6,5.402812507877485,0,0,0,1
1898,2016-04-02,2016-04-03,Eastern Asia,22069,1.0,132.8,-14.98,1.0,2.0,Shipping on time,0,-1.0,0,4,4.896346147694128,0,0,1,0
1899,2017-08-02,2017-08-08,US Center,22503,3.0,88.71,21.76,6.0,4.0,Late delivery,0,2.0,1,8,4.496582245571192,0,0,0,1
1900,2017-01-04,2017-01-08,Eastern Asia,87763,5.0,81.56,32.52,4.0,4.0,Shipping on time,0,0.0,0,1,4.4135253017332525,0,0,0,1
1901,2015-07-13,2015-07-16,South Asia,30048,4.0,93.14,-12.4,3.0,4.0,Shipping on time,0,-1.0,0,7,4.544783035972996,0,0,0,1
1902,2016-02-25,2016-02-25,Oceania,92862,1.0,352.17,-22.68,0.0,0.0,Shipping on time,0,0.0,0,2,5.866949527410049,0,1,0,0
1903,2017-08-26,2017-08-28,Eastern Asia,63700,3.0,177.15,-0.78,2.0,1.0,Late delivery,0,1.0,1,8,5.182625892051845,1,0,0,0
1904,2017-09-21,2017-09-24,Eastern Asia,62431,3.0,136.02,51.47,3.0,2.0,Late delivery,0,1.0,1,9,4.920126900574753,0,0,1,0
1905,2017-07-02,2017-07-05,Central America,32561,2.0,150.8,-29.46,3.0,4.0,Shipping on time,0,-1.0,0,7,5.02256386496153,0,0,0,1
1906,2016-05-10,2016-05-16,Eastern Asia,33781,5.0,106.3,12.93,6.0,4.0,Late delivery,0,2.0,1,5,4.675628649636653,0,0,0,1
1907,2016-06-01,2016-06-03,Central America,11424,4.0,146.23,-7.51,2.0,1.0,Late delivery,0,1.0,1,6,4.991995989877317,1,0,0,0
1908,2015-08-31,2015-09-06,Oceania,82255,3.0,145.66,-16.0,6.0,4.0,Late delivery,0,2.0,1,8,4.9881169826656535,0,0,0,1
1909,2016-04-09,2016-04-14,US Center,64910,1.0,220.79,-42.9,5.0,4.0,Late delivery,0,1.0,1,4,5.4017309882371185,0,0,0,1
1910,2017-01-06,2017-01-09,Eastern Asia,96202,3.0,258.07,10.39,3.0,2.0,Late delivery,0,1.0,1,1,5.557098295453378,0,0,1,0
1911,2016-01-25,2016-01-28,Eastern Asia,20193,2.0,55.84,-0.76,3.0,1.0,Late delivery,0,2.0,1,1,4.0402403032289,1,0,0,0
1912,2017-07-10,2017-07-11,Oceania,63427,1.0,171.58,2.8,1.0,2.0,Shipping on time,0,-1.0,0,7,5.150860897080162,0,0,1,0
1913,2017-01-19,2017-01-23,Central America,45888,4.0,341.06,95.13,4.0,4.0,Shipping on time,0,0.0,0,1,5.834986160271545,0,0,0,1
1914,2015-07-29,2015-08-04,Eastern Asia,75238,4.0,80.8,4.5,6.0,4.0,Late delivery,0,2.0,1,7,4.404277243608702,0,0,0,1
1915,2015-07-07,2015-07-13,South Asia,89978,1.0,128.41,3.86,6.0,4.0,Late delivery,0,2.0,1,7,4.862985658833579,0,0,0,1
1916,2016-06-14,2016-06-15,US Center,89904,4.0,165.18,20.12,1.0,1.0,Shipping on time,0,0.0,0,6,5.113071538236835,1,0,0,0
1917,2015-12-21,2015-12-23,South Asia,96294,2.0,289.22,27.38,2.0,0.0,Late delivery,0,2.0,1,12,5.670639256062947,0,1,0,0
1919,2015-02-28,2015-03-02,Oceania,78690,2.0,130.86,21.68,2.0,1.0,Late delivery,0,1.0,1,2,4.881740753685154,1,0,0,0
1920,2017-01-29,2017-02-05,South Asia,82041,2.0,201.64,11.41,7.0,4.0,Late delivery,0,3.0,1,1,5.31143100569342,0,0,0,1
1921,2016-03-03,2016-03-09,Oceania,63175,5.0,278.34,110.44,6.0,4.0,Late delivery,0,2.0,1,3,5.632429677877625,0,0,0,1
1922,2017-04-20,2017-04-26,Central America,21435,4.0,188.76,71.3,6.0,4.0,Late delivery,0,2.0,1,4,5.245760115809361,0,0,0,1
1923,2015-07-11,2015-07-16,West Europe,62090,3.0,456.06,88.29,5.0,4.0,Late delivery,0,1.0,1,7,6.124814673304738,0,0,0,1
1924,2015-11-20,2015-11-26,South Asia,65867,4.0,192.53,56.1,6.0,4.0,Late delivery,0,2.0,1,11,5.26543253921226,0,0,0,1
1925,2017-07-08,2017-07-14,Oceania,55647,4.0,79.45,-7.75,6.0,4.0,Late delivery,0,2.0,1,7,4.387635873438392,0,0,0,1
1926,2015-05-14,2015-05-15,Eastern Asia,95915,5.0,93.24,33.9,1.0,2.0,Shipping on time,0,-1.0,0,5,4.545844719903276,0,0,1,0
1927,2016-03-26,2016-03-31,US Center,32241,3.0,137.77,44.96,5.0,4.0,Late delivery,0,1.0,1,3,4.932817886382919,0,0,0,1
1928,2017-08-18,2017-08-19,Central America,49299,1.0,131.88,14.94,1.0,1.0,Shipping on time,0,0.0,0,8,4.889446465305039,1,0,0,0
1929,2015-08-11,2015-08-15,Oceania,Unknown,4.0,216.93,-11.79,4.0,1.0,Late delivery,0,3.0,1,8,5.3841739103077195,1,0,0,0
1930,2016-10-29,2016-11-02,Eastern Asia,75842,5.0,184.79,24.02,4.0,4.0,Shipping on time,0,0.0,0,10,5.2246170036180795,0,0,0,1
1931,2015-10-01,2015-10-04,Central America,56045,1.0,418.56,102.57,3.0,4.0,Shipping on time,0,-1.0,0,10,6.039206543093403,0,0,0,1
1932,2016-10-07,2016-10-11,Oceania,31858,4.0,145.37,28.59,4.0,1.0,Late delivery,1,3.0,1,10,4.986137662495856,1,0,0,0
1933,2015-06-28,2015-07-05,US Center,53093,1.0,364.7,50.27,7.0,4.0,Late delivery,0,3.0,1,6,5.901813325155335,0,0,0,1
1934,2016-02-12,2016-02-19,Eastern Asia,24471,3.0,94.49,3.54,7.0,4.0,Late delivery,0,3.0,1,2,4.559021529962111,0,0,0,1
1935,2015-03-31,2015-04-06,Eastern Asia,19814,3.0,115.63,20.76,6.0,4.0,Late delivery,0,2.0,1,3,4.759006530702958,0,0,0,1
1936,2015-09-01,2015-09-02,Eastern Asia,30368,4.0,225.54,63.15,1.0,0.0,Late delivery,0,1.0,1,9,5.422921529772568,0,1,0,0
1937,2015-02-23,2015-02-26,West Europe,10891,1.0,158.02,46.68,3.0,4.0,Shipping on time,0,-1.0,0,2,5.069029980473338,0,0,0,1
1938,2015-04-07,2015-04-11,Eastern Asia,13406,4.0,218.0,-16.13,4.0,4.0,Shipping on time,0,0.0,0,4,5.389071729816501,0,0,0,1
1939,2016-12-17,2016-12-23,US Center,35754,2.0,173.85,53.33,6.0,4.0,Late delivery,0,2.0,1,12,5.163928463509385,0,0,0,1
1940,2015-04-29,2015-05-03,South Asia,35709,3.0,103.05,19.26,4.0,4.0,Shipping on time,0,0.0,0,4,4.644871552839644,0,0,0,1
1942,2016-08-20,2016-08-23,Eastern Asia,83636,5.0,297.08,94.14,3.0,0.0,Late delivery,0,3.0,1,8,5.697361906853279,0,1,0,0
1943,2017-04-21,2017-04-23,West Europe,32314,1.0,58.85,-4.13,2.0,1.0,Late delivery,0,1.0,1,4,4.091841432003982,1,0,0,0
1944,2016-03-08,2016-03-12,Central America,17841,5.0,103.35,-12.04,4.0,4.0,Shipping on time,0,0.0,0,3,4.647750633523209,0,0,0,1
1945,2017-08-25,2017-08-30,US Center,45547,2.0,151.78,38.58,5.0,4.0,Late delivery,0,1.0,1,8,5.028998978113214,0,0,0,1
1946,2017-07-24,2017-07-31,Central America,72332,5.0,225.18,87.46,7.0,4.0,Late delivery,0,3.0,1,7,5.421331142443181,0,0,0,1
1947,2017-07-03,2017-07-06,South Asia,25784,2.0,143.41,-1.64,3.0,1.0,Late delivery,0,2.0,1,7,4.972656476138474,1,0,0,0
1948,2015-04-10,2015-04-13,West Europe,62473,2.0,66.11,6.98,3.0,2.0,Late delivery,0,1.0,1,4,4.206333064170148,0,0,1,0
1949,2015-06-26,2015-06-29,West Europe,50333,2.0,246.69,1.54,3.0,2.0,Late delivery,0,1.0,1,6,5.51217796426333,0,0,1,0
1950,2017-04-06,2017-04-12,Central America,27278,2.0,132.27,22.68,6.0,4.0,Late delivery,0,2.0,1,4,4.892377145591635,0,0,0,1
1951,2017-03-03,2017-03-09,Oceania,38910,2.0,308.49,98.05,6.0,4.0,Late delivery,0,2.0,1,3,5.73492578142496,0,0,0,1
1952,2017-04-26,2017-04-30,South Asia,44641,5.0,179.73,58.99,4.0,1.0,Late delivery,0,3.0,1,4,5.1970042048475475,1,0,0,0
1953,2016-08-20,2016-08-24,South Asia,56748,3.0,273.45,55.87,4.0,4.0,Shipping on time,0,0.0,0,8,5.614769094995898,0,0,0,1
1954,2017-08-12,2017-08-15,Eastern Asia,89855,3.0,247.55,53.82,3.0,2.0,Late delivery,0,1.0,1,8,5.515644032540681,0,0,1,0
1955,2017-08-03,2017-08-06,Oceania,63675,1.0,254.76,0.43,3.0,4.0,Shipping on time,0,-1.0,0,8,5.544239504751586,0,0,0,1
1956,2015-04-15,2015-04-21,Oceania,46452,1.0,110.54,5.61,6.0,4.0,Late delivery,0,2.0,1,4,4.714383270961408,0,0,0,1
1957,2015-10-21,2015-10-23,South Asia,32822,5.0,278.12,-48.08,1.0,0.0,Late delivery,0,1.0,1,10,5.631641796878519,0,1,0,0
1958,2016-07-08,2016-07-11,Eastern Asia,73575,5.0,169.57,-17.34,3.0,4.0,Shipping on time,0,-1.0,0,7,5.139145769652782,0,0,0,1
1959,2016-08-28,2016-09-04,Central America,Unknown,3.0,71.01,-5.36,7.0,4.0,Late delivery,0,3.0,1,8,4.276804998260776,0,0,0,1
1960,2015-05-29,2015-06-04,US Center,81573,1.0,118.46,20.7,6.0,4.0,Late delivery,0,2.0,1,5,4.7829815873041595,0,0,0,1
1961,2016-09-08,2016-09-09,Oceania,58690,1.0,122.61,21.53,1.0,2.0,Shipping on time,0,-1.0,0,9,4.817131447899731,0,0,1,0
1962,2017-09-07,2017-09-14,West Europe,84730,5.0,198.92,-35.91,7.0,4.0,Late delivery,0,3.0,1,9,5.297917286526697,0,0,0,1
1963,2015-07-09,2015-07-16,Eastern Asia,40026,2.0,226.49,-10.96,7.0,4.0,Late delivery,0,3.0,1,7,5.427106281380954,0,0,0,1
1964,2017-07-12,2017-07-15,South Asia,56940,4.0,76.96,17.14,3.0,4.0,Shipping on time,0,-1.0,0,7,4.35619587463936,0,0,0,1
1965,2016-08-23,2016-08-27,Central America,10812,2.0,232.04,71.75,4.0,4.0,Shipping on time,0,0.0,0,8,5.451210112651179,0,0,0,1
1966,2015-11-10,2015-11-16,Eastern Asia,47146,5.0,144.52,30.69,6.0,4.0,Late delivery,0,2.0,1,11,4.980313534209867,0,0,0,1
1967,2016-12-26,2017-01-01,South Asia,93541,2.0,79.78,9.69,6.0,4.0,Late delivery,0,2.0,1,12,4.391729410135267,0,0,0,1
1968,2015-12-12,2015-12-17,US Center,33605,2.0,247.73,-45.24,5.0,4.0,Late delivery,0,1.0,1,12,5.516367970796237,0,0,0,1
1969,2017-03-17,2017-03-19,Oceania,66792,2.0,95.25,8.3,2.0,2.0,Shipping on time,0,0.0,0,3,4.566948973167894,0,0,1,0
1970,2016-10-04,2016-10-11,Central America,45604,5.0,73.55,29.37,7.0,4.0,Late delivery,0,3.0,1,10,4.311470041210748,0,0,0,1
1971,2017-05-05,2017-05-08,Eastern Asia,23700,2.0,236.67,-24.32,3.0,1.0,Late delivery,0,2.0,1,5,5.470883156893275,1,0,0,0
1972,2016-03-13,2016-03-13,Eastern Asia,21950,2.0,257.89,-15.1,0.0,0.0,Shipping on time,0,0.0,0,3,5.556403261059811,0,1,0,0
1973,2015-01-27,2015-02-01,Eastern Asia,52184,5.0,101.31,29.03,5.0,4.0,Late delivery,0,1.0,1,1,4.6280074198908485,0,0,0,1
1974,2015-12-03,2015-12-06,West Europe,50469,1.0,283.47,77.57,3.0,4.0,Shipping on time,0,-1.0,0,12,5.650627799851681,0,0,0,1
1975,2017-01-28,2017-01-31,Eastern Asia,84228,4.0,274.39,78.89,3.0,1.0,Late delivery,0,2.0,1,1,5.618188274814676,1,0,0,0
1976,2015-01-21,2015-01-24,West Europe,91020,4.0,110.32,6.67,3.0,4.0,Shipping on time,0,-1.0,0,1,4.71240893665769,0,0,0,1
1977,2015-11-21,2015-11-22,Central America,36895,2.0,498.32,-61.534,1.0,1.0,Shipping on time,0,0.0,0,11,6.21324717278285,1,0,0,0
1978,2016-06-23,2016-06-27,West Europe,74827,5.0,145.39,39.41,4.0,4.0,Shipping on time,0,0.0,0,6,4.98627429318332,0,0,0,1
1979,2017-02-04,2017-02-06,Central America,Unknown,1.0,172.36,60.44,2.0,2.0,Shipping on time,0,0.0,0,2,5.1553703572281036,0,0,1,0
1980,2016-10-03,2016-10-08,Oceania,94759,5.0,36.216,4.59,5.0,4.0,Late delivery,0,1.0,1,10,3.6167387763362537,0,0,0,1
1981,2015-06-01,2015-06-05,Oceania,34158,5.0,220.49,7.68,4.0,2.0,Late delivery,0,2.0,1,6,5.400377441739184,0,0,1,0
1982,2015-01-07,2015-01-07,Eastern Asia,58230,1.0,103.98,-11.9,0.0,1.0,Shipping on time,0,-1.0,0,1,4.653769855824153,1,0,0,0
1983,2016-01-12,2016-01-15,US Center,52358,4.0,196.21,-6.11,3.0,4.0,Shipping on time,0,-1.0,0,1,5.284269150821977,0,0,0,1
1984,2015-12-11,2015-12-11,Central America,13101,3.0,54.11,6.2,0.0,1.0,Shipping on time,0,-1.0,0,12,4.009331187895144,1,0,0,0
1985,2016-02-11,2016-02-18,US Center,78114,2.0,301.34,79.11,7.0,4.0,Late delivery,0,3.0,1,2,5.711552211920561,0,0,0,1
1986,2016-11-14,2016-11-17,South Asia,44754,4.0,360.75,-49.74,3.0,4.0,Shipping on time,0,-1.0,0,11,5.890953365511593,0,0,0,1
1987,2016-11-26,2016-12-02,South Asia,13201,3.0,467.57,39.61,6.0,4.0,Late delivery,0,2.0,1,11,6.149685503537741,0,0,0,1
1988,2016-02-27,2016-03-05,Eastern Asia,91677,2.0,36.216,-4.85,7.0,4.0,Late delivery,0,3.0,1,2,3.6167387763362537,0,0,0,1
1989,2016-09-07,2016-09-14,Central America,81212,5.0,214.52,27.7,7.0,4.0,Late delivery,0,3.0,1,9,5.373053712662054,0,0,0,1
1990,2015-11-09,2015-11-12,Eastern Asia,74241,4.0,185.55,18.36,3.0,2.0,Late delivery,0,1.0,1,11,5.228699299667167,0,0,1,0
1991,2017-03-24,2017-03-27,South Asia,43342,3.0,36.216,2.23,3.0,4.0,Shipping on time,0,-1.0,0,3,3.6167387763362537,0,0,0,1
1992,2015-10-13,2015-10-17,Central America,30777,2.0,97.43,-4.82,4.0,2.0,Late delivery,0,2.0,1,10,4.58934563564112,0,0,1,0
1993,2015-01-07,2015-01-09,West Europe,98340,3.0,143.63,-16.82,2.0,0.0,Late delivery,0,2.0,1,1,4.974178757085641,0,1,0,0
1994,2015-07-29,2015-07-30,Central America,98239,5.0,354.35,116.5,1.0,0.0,Late delivery,0,1.0,1,7,5.873103219272904,0,1,0,0
1995,2015-10-12,2015-10-13,US Center,68344,2.0,91.82,33.62,1.0,1.0,Late delivery,0,0.0,0,10,4.5306621338130295,1,0,0,0
1996,2015-08-24,2015-08-28,West Europe,61367,3.0,145.37,22.16,4.0,1.0,Late delivery,1,3.0,1,8,4.986137662495856,1,0,0,0
1997,2017-01-05,2017-01-08,Oceania,54586,2.0,146.26,54.37,3.0,4.0,Shipping on time,0,-1.0,0,1,4.992199731940571,0,0,0,1
1998,2015-10-25,2015-10-26,Central America,42236,3.0,188.49,7.25,1.0,0.0,Late delivery,0,1.0,1,10,5.244336252681523,0,1,0,0
1999,2015-08-28,2015-09-02,Central America,99535,3.0,119.34,3.38,5.0,4.0,Late delivery,0,1.0,1,8,4.790321069792205,0,0,0,1
2000,2016-10-20,2016-10-22,Oceania,31461,3.0,258.64,4.97,2.0,1.0,Late delivery,0,1.0,1,10,5.559296056165268,1,0,0,0
2001,2017-04-23,2017-04-25,US Center,90891,4.0,271.32,-40.67,2.0,1.0,Late delivery,0,1.0,1,4,5.60697784538501,1,0,0,0
2002,2016-02-13,2016-02-16,Oceania,19036,3.0,67.1,0.22,3.0,2.0,Late delivery,0,1.0,1,2,4.220977213155467,0,0,1,0
2003,2015-11-07,2015-11-12,Eastern Asia,58961,3.0,149.29,15.85,5.0,4.0,Late delivery,1,1.0,1,11,5.012566760946003,0,0,0,1
2004,2016-12-11,2016-12-15,Eastern Asia,82545,3.0,96.97,21.6,4.0,4.0,Shipping on time,0,0.0,0,12,4.584661309356551,0,0,0,1
2005,2016-10-28,2016-11-02,Central America,82130,3.0,128.77,-2.16,5.0,4.0,Late delivery,0,1.0,1,10,4.8657636527491395,0,0,0,1
2006,2016-07-02,2016-07-08,West Europe,47251,4.0,297.77,9.73,6.0,4.0,Late delivery,0,2.0,1,7,5.6996740466116576,0,0,0,1
2007,2015-02-25,2015-02-28,Eastern Asia,89826,3.0,161.11,40.92,3.0,4.0,Shipping on time,0,-1.0,0,2,5.088275117153482,0,0,0,1
2008,2017-09-21,2017-09-28,Eastern Asia,58232,2.0,214.45,20.78,7.0,4.0,Late delivery,0,3.0,1,9,5.372728864061847,0,0,0,1
2009,2017-07-05,2017-07-08,Central America,60754,4.0,243.83,40.66,3.0,1.0,Late delivery,0,2.0,1,7,5.500564092149261,1,0,0,0
2010,2017-05-20,2017-05-23,US Center,37421,1.0,217.69,11.36,3.0,1.0,Late delivery,0,2.0,1,5,5.387655201900231,1,0,0,0
2011,2015-04-23,2015-04-27,Oceania,21404,1.0,110.23,-9.33,4.0,4.0,Shipping on time,0,0.0,0,4,4.711600129603938,0,0,0,1
2012,2016-02-29,2016-03-07,Eastern Asia,13192,4.0,86.08,3.62,7.0,4.0,Late delivery,0,3.0,1,2,4.466827236366346,0,0,0,1
2013,2016-02-16,2016-02-20,Oceania,23670,2.0,229.0,30.34,4.0,4.0,Shipping on time,0,0.0,0,2,5.438079308923196,0,0,0,1
2014,2017-06-07,2017-06-14,Eastern Asia,81017,3.0,239.85,76.06,7.0,4.0,Late delivery,0,3.0,1,6,5.48417433307623,0,0,0,1
2015,2016-01-25,2016-01-31,South Asia,15139,1.0,188.74,4.63,6.0,4.0,Late delivery,0,2.0,1,1,5.245654713964731,0,0,0,1
2016,2016-10-31,2016-11-07,Eastern Asia,52724,5.0,136.13,-16.82,7.0,4.0,Late delivery,0,3.0,1,10,4.920929381011763,0,0,0,1
2017,2015-10-31,2015-11-06,Oceania,Unknown,5.0,254.72,-46.78,6.0,4.0,Late delivery,0,2.0,1,10,5.544083095898526,0,0,0,1
2018,2017-05-04,2017-05-11,Eastern Asia,64422,1.0,149.29,58.2,7.0,4.0,Late delivery,1,3.0,1,5,5.012566760946003,0,0,0,1
2019,2016-06-20,2016-06-26,Oceania,58918,3.0,67.23,11.71,6.0,4.0,Late delivery,0,2.0,1,6,4.222884350827332,0,0,0,1
2020,2015-10-21,2015-10-24,Eastern Asia,95366,4.0,180.62,53.56,3.0,2.0,Late delivery,0,1.0,1,10,5.201916592261682,0,0,1,0
2021,2016-06-08,2016-06-15,Oceania,36425,2.0,206.48,59.22,7.0,4.0,Late delivery,0,3.0,1,6,5.335034949483199,0,0,0,1
2022,2016-06-04,2016-06-09,Eastern Asia,38361,2.0,242.78,33.01,5.0,4.0,Late delivery,0,1.0,1,6,5.496266179227691,0,0,0,1
2023,2017-03-05,2017-03-12,West Europe,98895,1.0,89.57,-6.78,7.0,4.0,Late delivery,0,3.0,1,3,4.506123032386857,0,0,0,1
2024,2015-06-18,2015-06-18,West Europe,29932,5.0,97.52,8.84,0.0,1.0,Shipping on time,0,-1.0,0,6,4.590259573252337,1,0,0,0
2025,2017-08-30,2017-09-03,Central America,88219,5.0,149.29,-27.32,4.0,4.0,Shipping on time,1,0.0,0,8,5.012566760946003,0,0,0,1
2026,2015-03-28,2015-03-31,South Asia,21286,2.0,117.09,15.58,3.0,2.0,Late delivery,0,1.0,1,3,4.77144704561319,0,0,1,0
2027,2017-03-11,2017-03-18,West Europe,60198,3.0,147.06,52.43,7.0,4.0,Late delivery,0,3.0,1,3,4.997617597014952,0,0,0,1
2028,2015-03-04,2015-03-06,Central America,92619,1.0,268.52,14.02,2.0,1.0,Late delivery,0,1.0,1,3,5.596642599098297,1,0,0,0
2029,2016-12-24,2016-12-29,South Asia,Unknown,5.0,193.94,17.8,5.0,4.0,Late delivery,0,1.0,1,12,5.272691818909064,0,0,0,1
2030,2016-05-17,2016-05-21,US Center,20588,4.0,456.87,-17.3,4.0,4.0,Shipping on time,0,0.0,0,5,6.126585301028435,0,0,0,1
2031,2015-07-17,2015-07-19,US Center,46008,4.0,182.58,54.06,2.0,1.0,Late delivery,0,1.0,1,7,5.212650539790945,1,0,0,0
2032,2016-07-03,2016-07-08,West Europe,91586,2.0,427.1,143.27,5.0,2.0,Late delivery,0,3.0,1,7,6.059356813150901,0,0,1,0
2033,2015-08-01,2015-08-05,Oceania,46674,5.0,290.47,40.84,4.0,4.0,Shipping on time,0,0.0,0,8,5.674937084542365,0,0,0,1
2034,2017-09-05,2017-09-12,West Europe,91605,4.0,705.23,42.29,7.0,4.0,Late delivery,0,3.0,1,9,6.559940963475602,0,0,0,1
2035,2015-01-13,2015-01-13,West Europe,19646,5.0,155.54,-17.81,0.0,0.0,Shipping on time,0,0.0,0,1,5.053311568376692,0,1,0,0
2036,2015-02-04,2015-02-09,West Europe,Unknown,3.0,146.49,24.76,5.0,4.0,Late delivery,0,1.0,1,2,4.993760376871411,0,0,0,1
2037,2015-04-03,2015-04-08,Eastern Asia,72031,3.0,336.91,-30.98,5.0,4.0,Late delivery,0,1.0,1,4,5.822779587836936,0,0,0,1
2038,2016-11-27,2016-11-30,Central America,72354,5.0,113.52,-3.53,3.0,0.0,Late delivery,0,3.0,1,11,4.740749480229915,0,1,0,0
2039,2017-02-21,2017-02-24,South Asia,63161,3.0,117.18,0.36,3.0,4.0,Shipping on time,0,-1.0,0,2,4.772208885917529,0,0,0,1
2040,2016-03-20,2016-03-23,West Europe,72251,4.0,179.37,-8.24,3.0,4.0,Shipping on time,0,-1.0,0,3,5.195010296682108,0,0,0,1
2041,2015-02-26,2015-03-04,South Asia,59320,4.0,193.97,41.59,6.0,4.0,Late delivery,0,2.0,1,2,5.272845700574368,0,0,0,1
2042,2017-05-29,2017-06-03,Eastern Asia,17614,3.0,67.05,11.18,5.0,4.0,Late delivery,0,1.0,1,5,4.220242729097475,0,0,0,1
2043,2015-09-27,2015-10-01,Oceania,53339,5.0,180.65,57.09,4.0,4.0,Shipping on time,0,0.0,0,9,5.202081758667211,0,0,0,1
2044,2015-10-07,2015-10-14,West Europe,86426,4.0,129.02,33.93,7.0,4.0,Late delivery,0,3.0,1,10,4.867688284776323,0,0,0,1
2045,2016-01-19,2016-01-25,Central America,41287,2.0,152.92,43.56,6.0,4.0,Late delivery,0,2.0,1,1,5.036432986917396,0,0,0,1
2046,2015-07-07,2015-07-10,West Europe,27256,1.0,172.74,-9.1,3.0,4.0,Shipping on time,0,-1.0,0,7,5.157559928831774,0,0,0,1
2047,2015-06-07,2015-06-10,West Europe,32244,2.0,138.85,20.82,3.0,1.0,Late delivery,0,2.0,1,6,4.940570419647969,1,0,0,0
2048,2016-07-02,2016-07-04,Central America,10160,1.0,295.51,92.54,2.0,1.0,Late delivery,0,1.0,1,7,5.6920809446818605,1,0,0,0
2049,2015-12-06,2015-12-12,Oceania,29875,3.0,208.47,33.18,6.0,4.0,Late delivery,0,2.0,1,12,5.344580531017675,0,0,0,1
2050,2016-06-23,2016-06-26,Eastern Asia,80740,2.0,139.5,-6.12,3.0,4.0,Shipping on time,0,-1.0,0,6,4.945207488773801,0,0,0,1
2051,2015-09-10,2015-09-13,West Europe,Unknown,3.0,163.39,38.29,3.0,4.0,Shipping on time,0,-1.0,0,9,5.102241653521419,0,0,0,1
2052,2017-07-20,2017-07-23,West Europe,16480,3.0,290.58,4.04,3.0,2.0,Late delivery,0,1.0,1,7,5.675314410676676,0,0,1,0
2053,2016-02-14,2016-02-19,South Asia,62479,2.0,249.9,44.41,5.0,4.0,Late delivery,0,1.0,1,2,5.525054453372377,0,0,0,1
2054,2015-07-03,2015-07-06,West Europe,Unknown,5.0,333.25,99.99,3.0,1.0,Late delivery,0,2.0,1,7,5.8118892159820525,1,0,0,0
2056,2015-12-20,2015-12-23,West Europe,83252,1.0,170.16,12.97,3.0,4.0,Shipping on time,0,-1.0,0,12,5.142598791548616,0,0,0,1
2057,2015-01-26,2015-02-01,West Europe,55959,5.0,520.96,43.2,6.0,4.0,Late delivery,0,2.0,1,1,6.257590956594046,0,0,0,1
2058,2017-04-14,2017-04-21,Oceania,56466,2.0,153.46,28.32,7.0,4.0,Late delivery,0,3.0,1,4,5.039935163141118,0,0,0,1
2059,2017-06-27,2017-07-01,Central America,29052,5.0,151.34,149.22,4.0,2.0,Late delivery,1,2.0,1,6,5.026114864944642,0,0,1,0
2060,2016-12-30,2016-12-31,West Europe,12143,1.0,259.97,25.08,1.0,2.0,Shipping on time,0,-1.0,0,12,5.564405458187559,0,0,1,0
2061,2017-01-12,2017-01-17,Oceania,78670,2.0,121.74,22.33,5.0,4.0,Late delivery,0,1.0,1,1,4.810068296960951,0,0,0,1
2062,2015-06-12,2015-06-15,US Center,42466,5.0,68.32,14.38,3.0,0.0,Late delivery,0,3.0,1,6,4.238733464847405,0,1,0,0
2063,2017-02-09,2017-02-13,US Center,84607,4.0,229.82,62.86,4.0,2.0,Late delivery,0,2.0,1,2,5.441638185992259,0,0,1,0
2064,2017-02-15,2017-02-19,US Center,86397,5.0,103.41,-14.67,4.0,4.0,Shipping on time,0,0.0,0,2,4.648325456302019,0,0,0,1
2065,2015-09-12,2015-09-15,South Asia,30651,2.0,103.22,13.87,3.0,4.0,Shipping on time,0,-1.0,0,9,4.646504049481068,0,0,0,1
2066,2016-10-27,2016-10-30,West Europe,73054,3.0,56.15,-7.32,3.0,2.0,Late delivery,0,1.0,1,10,4.04567939024082,0,0,1,0
2067,2017-07-28,2017-08-04,US Center,22880,2.0,319.65,-58.51,7.0,4.0,Late delivery,0,3.0,1,7,5.770350185594872,0,0,0,1
2068,2016-05-15,2016-05-17,Central America,82743,2.0,167.56,-18.05,2.0,2.0,Shipping on time,0,0.0,0,5,5.127291769495933,0,0,1,0
2069,2017-04-13,2017-04-18,Eastern Asia,33010,3.0,160.08,62.38,5.0,2.0,Late delivery,0,3.0,1,4,5.081901135983253,0,0,1,0
2070,2017-08-30,2017-09-04,Eastern Asia,40707,5.0,199.54,32.04,5.0,4.0,Late delivery,0,1.0,1,8,5.301013728095779,0,0,0,1
2071,2016-02-13,2016-02-17,Central America,13447,4.0,182.37,49.23,4.0,1.0,Late delivery,0,3.0,1,2,5.211505969561073,1,0,0,0
2072,2015-08-04,2015-08-08,West Europe,98081,2.0,167.01,24.86,4.0,4.0,Shipping on time,0,0.0,0,8,5.124023501441311,0,0,0,1
2073,2015-10-17,2015-10-24,South Asia,43445,5.0,214.74,38.17,7.0,4.0,Late delivery,0,3.0,1,10,5.374073978947283,0,0,0,1
2074,2016-06-08,2016-06-12,South Asia,45019,4.0,133.96,1.36,4.0,4.0,Shipping on time,0,0.0,0,6,4.904978438237713,0,0,0,1
2075,2017-03-04,2017-03-06,West Europe,11935,3.0,36.216,6.72,2.0,1.0,Late delivery,0,1.0,1,3,3.6167387763362537,1,0,0,0
2076,2016-12-30,2017-01-02,Eastern Asia,54683,4.0,245.18,-8.4,3.0,4.0,Shipping on time,0,-1.0,0,12,5.506062975682149,0,0,0,1
2077,2015-01-21,2015-01-26,Central America,77186,4.0,203.48,26.05,5.0,2.0,Late delivery,0,3.0,1,1,5.32047017118917,0,0,1,0
2078,2016-12-05,2016-12-10,Eastern Asia,60002,2.0,160.17,17.92,5.0,4.0,Late delivery,0,1.0,1,12,5.082459708534627,0,0,0,1
2079,2016-07-26,2016-07-28,US Center,80702,3.0,407.1,48.9,2.0,1.0,Late delivery,0,1.0,1,7,6.01151224241176,1,0,0,0
2080,2015-02-11,2015-02-11,Central America,72962,2.0,68.78,-8.63,0.0,1.0,Shipping on time,0,-1.0,0,2,4.245347435758628,1,0,0,0
2081,2017-05-17,2017-05-21,Central America,96114,5.0,36.216,3.03,4.0,4.0,Shipping on time,0,0.0,0,5,3.6167387763362537,0,0,0,1
2082,2015-12-14,2015-12-15,West Europe,77951,1.0,383.48,-13.18,1.0,0.0,Late delivery,0,1.0,1,12,5.9518917719881586,0,1,0,0
2083,2017-07-01,2017-07-04,South Asia,51289,4.0,202.26,-37.97,3.0,2.0,Late delivery,0,1.0,1,7,5.3144859477096205,0,0,1,0
2084,2016-09-23,2016-09-26,Eastern Asia,38791,5.0,59.37,15.14,3.0,4.0,Shipping on time,0,-1.0,0,9,4.100492292808335,0,0,0,1
2085,2017-07-13,2017-07-20,Central America,42578,4.0,123.94,-15.54,7.0,4.0,Late delivery,0,3.0,1,7,4.827833622065424,0,0,0,1
2086,2017-07-15,2017-07-20,South Asia,26546,1.0,228.54,84.49,5.0,4.0,Late delivery,0,1.0,1,7,5.436077306252522,0,0,0,1
2087,2016-03-04,2016-03-10,Eastern Asia,67915,4.0,76.69,8.02,6.0,4.0,Late delivery,0,2.0,1,3,4.3527265489623295,0,0,0,1
2088,2016-09-18,2016-09-21,Oceania,86222,5.0,219.94,4.25,3.0,4.0,Shipping on time,0,-1.0,0,9,5.397891171444129,0,0,0,1
2089,2015-01-16,2015-01-23,Oceania,Unknown,4.0,558.15,-61.534,7.0,4.0,Late delivery,0,3.0,1,1,6.326417773474197,0,0,0,1
2090,2017-01-25,2017-01-28,Eastern Asia,Unknown,5.0,361.71,-61.534,3.0,4.0,Shipping on time,0,-1.0,0,1,5.893603616904096,0,0,0,1
2091,2015-12-16,2015-12-17,Central America,28854,1.0,155.14,32.41,1.0,2.0,Shipping on time,0,-1.0,0,12,5.050753040692145,0,0,1,0
2092,2016-02-15,2016-02-17,Eastern Asia,33200,3.0,191.56,41.58,2.0,1.0,Late delivery,0,1.0,1,2,5.260407793474816,1,0,0,0
2093,2015-09-28,2015-10-02,West Europe,68362,4.0,89.82,1.18,4.0,1.0,Late delivery,0,3.0,1,9,4.508879525669805,1,0,0,0
2094,2017-02-01,2017-02-08,Oceania,13114,1.0,170.97,53.47,7.0,4.0,Late delivery,0,3.0,1,2,5.147320042996108,0,0,0,1
2095,2016-08-01,2016-08-08,Central America,24995,3.0,129.65,-3.04,7.0,4.0,Late delivery,0,3.0,1,8,4.872521991966622,0,0,0,1
2096,2016-03-08,2016-03-13,Central America,12384,4.0,87.4,10.03,5.0,4.0,Late delivery,0,1.0,1,3,4.481871969643598,0,0,0,1
2097,2016-12-26,2016-12-31,Central America,92392,4.0,71.0,-8.11,5.0,4.0,Late delivery,0,1.0,1,12,4.276666119016055,0,0,0,1
2098,2016-04-06,2016-04-07,Oceania,21122,1.0,499.08,6.12,1.0,0.0,Late delivery,0,1.0,1,4,6.2147680856235565,0,1,0,0
2099,2017-09-06,2017-09-13,Eastern Asia,97822,1.0,166.34,39.07,7.0,4.0,Late delivery,0,3.0,1,9,5.120027670867453,0,0,0,1
2100,2016-11-15,2016-11-19,Central America,39438,3.0,85.94,5.24,4.0,1.0,Late delivery,0,3.0,1,11,4.465218225560646,1,0,0,0
2101,2015-11-16,2015-11-17,Eastern Asia,96214,3.0,122.93,-4.61,1.0,2.0,Shipping on time,0,-1.0,0,11,4.819716890076783,0,0,1,0
2102,2017-01-02,2017-01-07,Eastern Asia,23260,2.0,383.2,39.35,5.0,4.0,Late delivery,0,1.0,1,1,5.9511632503344565,0,0,0,1
2103,2015-12-29,2015-12-31,Eastern Asia,48771,2.0,414.87,126.01,2.0,2.0,Shipping on time,0,0.0,0,12,6.030372711422963,0,0,1,0
2104,2017-04-28,2017-05-04,South Asia,83528,4.0,109.54,16.52,6.0,4.0,Late delivery,0,2.0,1,4,4.705377446405117,0,0,0,1
2105,2015-03-28,2015-03-28,Oceania,95707,4.0,177.5,-7.06,0.0,1.0,Shipping on time,0,-1.0,0,3,5.184588601219693,1,0,0,0
2106,2016-02-16,2016-02-21,Oceania,48480,4.0,268.6,89.98,5.0,4.0,Late delivery,0,1.0,1,2,5.596939379038152,0,0,0,1
2107,2017-04-12,2017-04-18,West Europe,81525,1.0,128.51,-17.2,6.0,4.0,Late delivery,0,2.0,1,4,4.863758098235496,0,0,0,1
2108,2015-10-19,2015-10-24,US Center,99849,4.0,151.34,19.73,5.0,2.0,Late delivery,1,3.0,1,10,5.026114864944642,0,0,1,0
2109,2016-05-13,2016-05-20,Eastern Asia,96699,4.0,88.36,5.95,7.0,4.0,Late delivery,0,3.0,1,5,4.492673154760945,0,0,0,1
2110,2016-10-27,2016-11-02,West Europe,15331,3.0,149.29,18.58,6.0,4.0,Late delivery,1,2.0,1,10,5.012566760946003,0,0,0,1
2111,2015-08-22,2015-08-29,West Europe,22210,2.0,99.7,-4.52,7.0,4.0,Late delivery,0,3.0,1,8,4.612145799724517,0,0,0,1
2112,2015-06-04,2015-06-07,Central America,60341,4.0,72.99,-3.17,3.0,4.0,Shipping on time,0,-1.0,0,6,4.303929948937459,0,0,0,1
2113,2016-05-17,2016-05-20,Eastern Asia,38525,4.0,137.2,-14.71,3.0,4.0,Shipping on time,0,-1.0,0,5,4.92870191133357,0,0,0,1
2114,2017-09-04,2017-09-07,West Europe,99876,1.0,275.06,34.97,3.0,2.0,Late delivery,0,1.0,1,9,5.620618233395432,0,0,1,0
2115,2016-04-29,2016-05-02,Central America,23422,3.0,237.11,55.37,3.0,1.0,Late delivery,0,2.0,1,4,5.472732751770894,1,0,0,0
2117,2017-03-28,2017-04-02,Central America,65279,5.0,491.82,-14.89,5.0,4.0,Late delivery,0,1.0,1,3,6.200143995811369,0,0,0,1
2118,2016-11-20,2016-11-23,South Asia,46008,1.0,98.85,9.18,3.0,0.0,Late delivery,0,3.0,1,11,4.603669059861824,0,1,0,0
2119,2015-08-18,2015-08-22,Central America,60333,3.0,150.9,57.58,4.0,4.0,Shipping on time,0,0.0,0,8,5.023222409601727,0,0,0,1
2120,2015-06-24,2015-06-26,Eastern Asia,89664,1.0,69.97,7.15,2.0,2.0,Shipping on time,0,0.0,0,6,4.262257252536892,0,0,1,0
2121,2016-05-21,2016-05-28,Central America,32548,5.0,250.79,32.42,7.0,4.0,Late delivery,0,3.0,1,5,5.528595406762846,0,0,0,1
2122,2017-06-27,2017-06-30,South Asia,99579,3.0,146.45,17.83,3.0,1.0,Late delivery,0,2.0,1,6,4.993489135261285,1,0,0,0
2123,2016-03-20,2016-03-25,West Europe,99138,2.0,57.93,-5.76,5.0,4.0,Late delivery,0,1.0,1,3,4.076350298849822,0,0,0,1
2124,2015-07-28,2015-07-28,US Center,23413,1.0,96.33,11.23,0.0,1.0,Shipping on time,0,-1.0,0,7,4.578107266438402,1,0,0,0
2125,2015-04-11,2015-04-12,Eastern Asia,62359,5.0,459.73,-47.67,1.0,2.0,Shipping on time,0,-1.0,0,4,6.132812188120009,0,0,1,0
2126,2015-10-03,2015-10-05,West Europe,54382,5.0,242.43,67.34,2.0,1.0,Late delivery,0,1.0,1,10,5.494829426861329,1,0,0,0
2127,2015-05-19,2015-05-23,Oceania,61692,5.0,168.41,45.21,4.0,4.0,Shipping on time,0,0.0,0,5,5.132321812352855,0,0,0,1
2128,2017-08-12,2017-08-13,Oceania,12746,1.0,263.75,68.73,1.0,2.0,Shipping on time,0,-1.0,0,8,5.578785984481516,0,0,1,0
2129,2015-08-29,2015-09-04,Eastern Asia,75846,5.0,60.86,-4.09,6.0,4.0,Late delivery,0,2.0,1,8,4.124873767256924,0,0,0,1
2130,2015-10-26,2015-11-02,South Asia,25716,5.0,96.27,5.72,7.0,4.0,Late delivery,0,3.0,1,10,4.577490616881349,0,0,0,1
2131,2016-03-10,2016-03-17,US Center,74917,3.0,71.52,-10.44,7.0,4.0,Late delivery,0,3.0,1,3,4.283862385886651,0,0,0,1
2132,2015-07-08,2015-07-12,West Europe,46858,4.0,96.22,14.27,4.0,4.0,Shipping on time,0,0.0,0,7,4.576976451617309,0,0,0,1
2133,2016-07-09,2016-07-10,South Asia,63804,5.0,125.39,-9.96,1.0,2.0,Shipping on time,0,-1.0,0,7,4.8393723646590345,0,0,1,0
2134,2016-09-13,2016-09-14,US Center,12126,3.0,215.8,63.32,1.0,1.0,Shipping on time,0,0.0,0,9,5.378975269565491,1,0,0,0
2135,2017-01-15,2017-01-20,West Europe,62331,1.0,286.75,35.99,5.0,4.0,Late delivery,0,1.0,1,1,5.662092047601992,0,0,0,1
2136,2015-05-07,2015-05-13,Central America,73790,3.0,281.95,-18.92,6.0,4.0,Late delivery,0,2.0,1,5,5.645270203588533,0,0,0,1
2137,2017-06-29,2017-07-02,West Europe,76350,2.0,778.64,112.94,3.0,4.0,Shipping on time,0,-1.0,0,6,6.65883227468044,0,0,0,1
2138,2016-07-14,2016-07-16,US Center,82668,4.0,117.27,4.98,2.0,1.0,Late delivery,0,1.0,1,7,4.772970146263026,1,0,0,0
2139,2015-04-02,2015-04-09,Central America,42655,5.0,155.53,30.95,7.0,4.0,Late delivery,0,3.0,1,4,5.053247684900132,0,0,0,1
2140,2017-08-17,2017-08-22,US Center,58176,2.0,212.91,70.98,5.0,4.0,Late delivery,0,1.0,1,8,5.365555365813714,0,0,0,1
2141,2017-08-31,2017-09-01,West Europe,21796,5.0,96.03,-17.95,1.0,2.0,Shipping on time,0,-1.0,0,8,4.575020209037208,0,0,1,0
2142,2016-01-04,2016-01-05,Eastern Asia,21425,5.0,132.5,-5.36,1.0,2.0,Shipping on time,0,-1.0,0,1,4.894101477840304,0,0,1,0
2143,2016-02-17,2016-02-24,Central America,69953,2.0,200.51,64.53,7.0,4.0,Late delivery,0,3.0,1,2,5.305839007946883,0,0,0,1
2144,2016-11-13,2016-11-19,Central America,76312,3.0,92.9,-11.68,6.0,4.0,Late delivery,0,2.0,1,11,4.542230386214217,0,0,0,1
2145,2017-02-19,2017-02-24,US Center,76935,5.0,207.95,29.22,5.0,4.0,Late delivery,0,1.0,1,2,5.342094988893924,0,0,0,1
2146,2016-10-25,2016-10-27,Eastern Asia,Unknown,5.0,325.89,121.77,2.0,1.0,Late delivery,0,1.0,1,10,5.7896237228676535,1,0,0,0
2147,2015-11-29,2015-12-05,Oceania,65875,4.0,80.84,-5.59,6.0,4.0,Late delivery,0,2.0,1,11,4.404766121643371,0,0,0,1
2148,2015-07-20,2015-07-25,Eastern Asia,64560,3.0,40.29,13.74,5.0,4.0,Late delivery,0,1.0,1,7,3.720620339897999,0,0,0,1
2149,2016-12-31,2017-01-06,South Asia,78876,1.0,164.98,-6.77,6.0,4.0,Late delivery,0,2.0,1,12,5.111867299170302,0,0,0,1
2150,2016-03-14,2016-03-19,West Europe,14716,5.0,84.44,12.14,5.0,4.0,Late delivery,0,1.0,1,3,4.447814375211885,0,0,0,1
2151,2016-11-16,2016-11-21,West Europe,53392,3.0,173.95,35.01,5.0,4.0,Late delivery,0,1.0,1,11,5.164500218813697,0,0,0,1
2152,2015-11-10,2015-11-14,South Asia,19102,4.0,120.04,-18.3,4.0,4.0,Shipping on time,0,0.0,0,11,4.7961210694801,0,0,0,1
2153,2015-01-20,2015-01-21,US Center,65928,3.0,187.96,58.73,1.0,0.0,Late delivery,0,1.0,1,1,5.241535352449052,0,1,0,0
2154,2017-06-05,2017-06-08,South Asia,76430,4.0,307.64,91.46,3.0,4.0,Shipping on time,0,-1.0,0,6,5.732175549157419,0,0,0,1
2155,2017-05-21,2017-05-25,Central America,66782,4.0,255.05,-47.17,4.0,4.0,Shipping on time,0,0.0,0,5,5.54537273790856,0,0,0,1
2156,2015-06-07,2015-06-08,Oceania,78323,2.0,126.62,11.36,1.0,2.0,Shipping on time,0,-1.0,0,6,4.849057098440201,0,0,1,0
2157,2015-02-13,2015-02-14,Eastern Asia,50460,1.0,78.06,27.71,1.0,1.0,Shipping on time,0,0.0,0,2,4.37020705786854,1,0,0,0
2158,2016-02-04,2016-02-06,Eastern Asia,37321,5.0,36.216,0.41,2.0,2.0,Shipping on time,0,0.0,0,2,3.6167387763362537,0,0,1,0
2159,2016-05-07,2016-05-10,Eastern Asia,60618,1.0,42.87,2.78,3.0,4.0,Shipping on time,0,-1.0,0,5,3.7812307151781224,0,0,0,1
2160,2016-12-18,2016-12-22,Oceania,54857,1.0,97.34,-0.69,4.0,1.0,Late delivery,0,3.0,1,12,4.5884308619837935,1,0,0,0
2161,2015-08-06,2015-08-10,South Asia,77449,1.0,165.43,-26.13,4.0,4.0,Shipping on time,0,0.0,0,8,5.114574800598636,0,0,0,1
2162,2017-01-22,2017-01-24,Central America,65510,1.0,104.26,-14.75,2.0,0.0,Late delivery,0,2.0,1,1,4.656433479925633,0,1,0,0
2163,2016-08-14,2016-08-20,Central America,92583,1.0,109.17,21.97,6.0,4.0,Late delivery,0,2.0,1,8,4.702024627351974,0,0,0,1
2164,2016-02-20,2016-02-23,US Center,97964,2.0,60.03,-2.27,3.0,4.0,Shipping on time,0,-1.0,0,2,4.111365546556404,0,0,0,1
2165,2015-07-02,2015-07-04,US Center,83129,2.0,58.1,21.6,2.0,1.0,Late delivery,0,1.0,1,7,4.079230924412053,1,0,0,0
2166,2016-02-15,2016-02-21,Eastern Asia,86286,5.0,55.49,18.92,6.0,4.0,Late delivery,0,2.0,1,2,4.034063631337171,0,0,0,1
2168,2015-05-15,2015-05-19,US Center,86097,2.0,47.48,4.72,4.0,2.0,Late delivery,0,2.0,1,5,3.881151341761059,0,0,1,0
2169,2017-02-08,2017-02-13,Eastern Asia,99165,3.0,230.63,59.5,5.0,4.0,Late delivery,0,1.0,1,2,5.4451412709888345,0,0,0,1
2170,2015-03-31,2015-04-07,Oceania,77739,1.0,89.81,-17.29,7.0,4.0,Late delivery,0,3.0,1,3,4.508769411701737,0,0,0,1
2171,2016-08-16,2016-08-21,Eastern Asia,43942,5.0,211.23,77.82,5.0,2.0,Late delivery,0,3.0,1,8,5.357670592247549,0,0,1,0
2172,2015-08-05,2015-08-11,Eastern Asia,70817,2.0,176.61,68.04,6.0,4.0,Late delivery,0,2.0,1,8,5.179590135279236,0,0,0,1
2173,2017-04-17,2017-04-20,West Europe,92654,3.0,239.54,37.4,3.0,0.0,Late delivery,0,3.0,1,4,5.4828863958824705,0,1,0,0
2174,2016-03-16,2016-03-17,Eastern Asia,54534,4.0,309.62,43.53,1.0,1.0,Shipping on time,0,0.0,0,3,5.738570300141865,1,0,0,0
2175,2016-01-17,2016-01-21,Oceania,94418,1.0,95.46,23.61,4.0,4.0,Shipping on time,0,0.0,0,1,4.569128414640826,0,0,0,1
2176,2017-06-04,2017-06-11,US Center,Unknown,4.0,85.2,-16.94,7.0,4.0,Late delivery,0,3.0,1,6,4.456670177669648,0,0,0,1
2177,2016-10-30,2016-11-01,US Center,Unknown,1.0,116.76,25.48,2.0,1.0,Late delivery,0,1.0,1,10,4.7686486549805664,1,0,0,0
2178,2015-08-22,2015-08-29,South Asia,21376,1.0,95.49,2.5,7.0,4.0,Late delivery,0,3.0,1,8,4.569439376032292,0,0,0,1
2179,2016-03-23,2016-03-30,Oceania,42823,1.0,223.91,-44.19,7.0,4.0,Late delivery,0,3.0,1,3,5.41570032218308,0,0,0,1
2180,2017-06-07,2017-06-12,Eastern Asia,72739,3.0,140.91,8.65,5.0,4.0,Late delivery,0,1.0,1,6,4.955193053846446,0,0,0,1
2181,2017-07-04,2017-07-08,Central America,29801,1.0,151.0,53.61,4.0,4.0,Shipping on time,0,0.0,0,7,5.0238805208462765,0,0,0,1
2182,2016-07-08,2016-07-12,US Center,65993,3.0,192.67,29.6,4.0,4.0,Shipping on time,0,0.0,0,7,5.26615567973964,0,0,0,1
2183,2015-04-05,2015-04-09,Eastern Asia,59413,1.0,113.29,-4.78,4.0,2.0,Late delivery,0,2.0,1,4,4.738739077909506,0,0,1,0
2184,2017-05-27,2017-05-27,Oceania,12498,1.0,288.65,29.21,0.0,1.0,Shipping on time,0,-1.0,0,5,5.668673297542633,1,0,0,0
2185,2017-05-19,2017-05-22,US Center,98728,4.0,50.07,14.81,3.0,1.0,Late delivery,0,2.0,1,5,3.9331972406595526,1,0,0,0
2186,2015-03-24,2015-03-28,West Europe,88825,1.0,172.07,-19.29,4.0,4.0,Shipping on time,0,0.0,0,3,5.153696136936908,0,0,0,1
2187,2015-01-14,2015-01-20,West Europe,57018,4.0,201.48,75.74,6.0,4.0,Late delivery,0,2.0,1,1,5.3106411162368685,0,0,0,1
2188,2015-08-19,2015-08-23,West Europe,60551,2.0,94.58,-10.05,4.0,4.0,Shipping on time,0,0.0,0,8,4.559963593150012,0,0,0,1
2189,2017-05-05,2017-05-06,South Asia,72224,5.0,98.81,-11.95,1.0,0.0,Late delivery,0,1.0,1,5,4.603268378698495,0,1,0,0
2190,2015-03-30,2015-04-06,Central America,86310,2.0,255.88,-47.01,7.0,4.0,Late delivery,0,3.0,1,3,5.548609049781258,0,0,0,1
2191,2015-03-27,2015-04-02,South Asia,26997,4.0,123.34,41.05,6.0,4.0,Late delivery,0,2.0,1,3,4.823019748841191,0,0,0,1
2192,2017-07-14,2017-07-14,Oceania,78257,4.0,47.4,8.1,0.0,1.0,Shipping on time,0,-1.0,0,7,3.879499813722586,1,0,0,0
2193,2016-11-28,2016-12-02,Central America,69177,2.0,66.63,12.64,4.0,4.0,Shipping on time,0,0.0,0,11,4.214051671586849,0,0,0,1
2194,2015-11-22,2015-11-27,South Asia,21037,4.0,271.61,11.08,5.0,4.0,Late delivery,0,1.0,1,11,5.6080422023753655,0,0,0,1
2195,2015-04-12,2015-04-19,Central America,55441,1.0,88.02,-12.07,7.0,4.0,Late delivery,0,3.0,1,4,4.488861063587708,0,0,0,1
2196,2017-06-25,2017-06-30,Central America,46294,4.0,325.16,7.15,5.0,4.0,Late delivery,0,1.0,1,6,5.787388058510998,0,0,0,1
2197,2017-02-19,2017-02-21,Oceania,76634,1.0,336.75,-33.72,2.0,1.0,Late delivery,0,1.0,1,2,5.822305976840308,1,0,0,0
2198,2017-05-26,2017-05-30,West Europe,92258,3.0,131.89,19.04,4.0,4.0,Shipping on time,0,0.0,0,5,4.889521718343416,0,0,0,1
2199,2015-08-11,2015-08-15,US Center,Unknown,2.0,205.57,40.21,4.0,4.0,Shipping on time,0,0.0,0,8,5.330639338010161,0,0,0,1
2200,2017-04-10,2017-04-15,South Asia,95984,1.0,90.73,10.97,5.0,4.0,Late delivery,0,1.0,1,4,4.518849479521564,0,0,0,1
2202,2016-03-08,2016-03-14,Central America,55069,3.0,97.87,-4.23,6.0,4.0,Late delivery,0,2.0,1,3,4.593805855909042,0,0,0,1
2203,2017-05-20,2017-05-23,West Europe,43047,3.0,210.99,43.99,3.0,1.0,Late delivery,0,2.0,1,5,5.356539103748161,1,0,0,0
2204,2015-12-29,2015-12-30,South Asia,27856,1.0,69.02,-6.32,1.0,1.0,Shipping on time,0,0.0,0,12,4.2487809155265195,1,0,0,0
2205,2016-07-30,2016-08-03,South Asia,98820,2.0,137.17,49.12,4.0,1.0,Late delivery,0,3.0,1,7,4.928484811068578,1,0,0,0
2206,2016-05-24,2016-05-30,Central America,59636,4.0,152.79,15.37,6.0,4.0,Late delivery,0,2.0,1,5,5.035588035451832,0,0,0,1
2207,2017-04-27,2017-05-03,Central America,67820,2.0,201.86,24.44,6.0,4.0,Late delivery,0,2.0,1,4,5.312516085947849,0,0,0,1
2208,2016-06-25,2016-07-02,US Center,67850,1.0,41.76,13.01,7.0,4.0,Late delivery,0,3.0,1,6,3.7556030861568446,0,0,0,1
2209,2017-03-02,2017-03-03,South Asia,39886,3.0,50.95,-6.55,1.0,0.0,Late delivery,0,1.0,1,3,3.9502817175452365,0,1,0,0
2210,2016-07-16,2016-07-21,South Asia,87864,3.0,87.59,30.75,5.0,2.0,Late delivery,0,3.0,1,7,4.484018984423941,0,0,1,0
2211,2015-04-05,2015-04-09,South Asia,26163,4.0,129.53,43.65,4.0,4.0,Shipping on time,0,0.0,0,4,4.871603085400698,0,0,0,1
2212,2016-03-12,2016-03-17,South Asia,75825,2.0,160.8,4.06,5.0,2.0,Late delivery,0,3.0,1,3,5.086361004624392,0,0,1,0
2213,2015-04-07,2015-04-09,West Europe,20274,2.0,165.91,-16.27,2.0,1.0,Late delivery,0,1.0,1,4,5.117454744990326,1,0,0,0
2214,2017-04-25,2017-04-27,Central America,14444,2.0,492.71,137.17,2.0,0.0,Late delivery,0,2.0,1,4,6.201948300275401,0,1,0,0
2215,2016-12-15,2016-12-17,West Europe,63564,1.0,218.43,-37.91,2.0,2.0,Shipping on time,0,0.0,0,12,5.3910332750477785,0,0,1,0
2216,2016-08-14,2016-08-17,Eastern Asia,46137,4.0,209.8,52.69,3.0,1.0,Late delivery,0,2.0,1,8,5.350909816667207,1,0,0,0
2217,2017-04-25,2017-04-28,US Center,25324,1.0,110.4,26.02,2.0,1.0,Late delivery,0,1.0,1,4,4.713127327493184,1,0,0,0
2218,2017-03-07,2017-03-10,US Center,89931,4.0,235.63,-28.06,3.0,4.0,Shipping on time,0,-1.0,0,3,5.46649773978696,0,0,0,1
2219,2015-06-30,2015-07-07,West Europe,97443,5.0,222.95,-44.4,7.0,4.0,Late delivery,0,3.0,1,6,5.411422812653309,0,0,0,1
2220,2016-02-19,2016-02-23,Oceania,23084,3.0,220.17,-28.82,4.0,2.0,Late delivery,0,2.0,1,2,5.39893163658063,0,0,1,0
2221,2017-06-05,2017-06-10,US Center,96996,4.0,137.93,31.02,5.0,4.0,Late delivery,0,1.0,1,6,4.93397020916077,0,0,0,1
2222,2016-06-19,2016-06-25,South Asia,20766,4.0,213.96,12.89,6.0,4.0,Late delivery,0,2.0,1,6,5.370451964307236,0,0,0,1
2223,2015-01-27,2015-01-27,Oceania,53968,3.0,366.15,139.91,0.0,0.0,Shipping on time,0,0.0,0,1,5.905770483897619,0,1,0,0
2224,2017-01-02,2017-01-08,Eastern Asia,79854,4.0,91.68,-11.04,6.0,4.0,Late delivery,0,2.0,1,1,4.529152699564175,0,0,0,1
2225,2017-02-07,2017-02-10,Central America,90353,4.0,40.66,15.31,3.0,4.0,Shipping on time,0,-1.0,0,2,3.729541435832826,0,0,0,1
2226,2015-04-23,2015-04-24,Eastern Asia,22819,4.0,240.31,91.1,1.0,1.0,Shipping on time,0,0.0,0,4,5.48608241396043,1,0,0,0
2227,2016-09-19,2016-09-26,Central America,17006,2.0,228.21,-3.39,7.0,4.0,Late delivery,0,3.0,1,9,5.434638613906275,0,0,0,1
2228,2016-11-21,2016-11-24,Oceania,32150,1.0,128.37,-20.95,3.0,0.0,Late delivery,0,3.0,1,11,4.86267651592981,0,1,0,0
2229,2016-01-21,2016-01-22,Eastern Asia,76446,4.0,113.07,33.93,1.0,1.0,Shipping on time,0,0.0,0,1,4.736812295039806,1,0,0,0
2230,2015-03-18,2015-03-24,West Europe,83436,2.0,762.17,144.88,6.0,4.0,Late delivery,0,2.0,1,3,6.637480811185389,0,0,0,1
2231,2016-01-18,2016-01-24,Oceania,72740,4.0,111.63,25.51,6.0,4.0,Late delivery,0,2.0,1,1,4.724108110059605,0,0,0,1
2232,2016-05-28,2016-06-03,Oceania,19897,4.0,71.19,-6.48,6.0,4.0,Late delivery,0,2.0,1,5,4.279301532151069,0,0,0,1
2233,2015-11-04,2015-11-08,Oceania,96147,4.0,110.76,-18.6,4.0,1.0,Late delivery,0,3.0,1,11,4.716353714948706,1,0,0,0
2234,2016-05-04,2016-05-08,West Europe,84581,5.0,198.5,-6.63,4.0,4.0,Shipping on time,0,0.0,0,5,5.295814236329918,0,0,0,1
2235,2016-04-20,2016-04-27,US Center,74625,4.0,102.22,32.99,7.0,4.0,Late delivery,0,3.0,1,4,4.6368626327205815,0,0,0,1
2236,2016-02-12,2016-02-14,West Europe,27921,4.0,116.69,-22.35,2.0,1.0,Late delivery,0,1.0,1,2,4.768054048889571,1,0,0,0
2237,2016-05-15,2016-05-20,Central America,22693,5.0,176.5,50.75,5.0,4.0,Late delivery,0,1.0,1,5,5.178970608915471,0,0,0,1
2238,2016-06-27,2016-06-30,US Center,93646,5.0,113.9,-9.6,3.0,2.0,Late delivery,0,1.0,1,6,4.74406218485471,0,0,1,0
2239,2015-06-15,2015-06-20,West Europe,76556,5.0,158.66,-2.69,5.0,2.0,Late delivery,0,3.0,1,6,5.073046554217653,0,0,1,0
2240,2016-07-05,2016-07-12,US Center,91010,1.0,143.41,20.12,7.0,4.0,Late delivery,0,3.0,1,7,4.972656476138474,0,0,0,1
2241,2015-01-14,2015-01-19,Oceania,45188,3.0,78.05,26.15,5.0,4.0,Late delivery,0,1.0,1,1,4.370080563655481,0,0,0,1
2242,2015-10-31,2015-11-03,US Center,52049,1.0,153.43,20.11,3.0,4.0,Shipping on time,0,-1.0,0,10,5.03974091923491,0,0,0,1
2243,2016-06-10,2016-06-17,West Europe,70574,3.0,73.58,9.99,7.0,4.0,Late delivery,0,3.0,1,6,4.311872374750675,0,0,0,1
2244,2015-01-13,2015-01-16,Eastern Asia,88866,5.0,256.16,65.99,3.0,4.0,Shipping on time,0,-1.0,0,1,5.549698459273486,0,0,0,1
2245,2015-07-10,2015-07-14,Eastern Asia,53039,5.0,84.29,18.66,4.0,2.0,Late delivery,0,2.0,1,7,4.446057214331018,0,0,1,0
2246,2015-05-12,2015-05-14,South Asia,66718,2.0,127.47,39.42,2.0,2.0,Shipping on time,0,0.0,0,5,4.8556954140435185,0,0,1,0
2247,2015-04-09,2015-04-10,US Center,76238,5.0,49.73,-0.64,1.0,2.0,Shipping on time,0,-1.0,0,4,3.9265174515785985,0,0,1,0
2248,2015-10-05,2015-10-12,Central America,30972,2.0,112.56,41.86,7.0,4.0,Late delivery,0,3.0,1,10,4.732331331604771,0,0,0,1
2249,2015-09-10,2015-09-17,Oceania,28378,4.0,69.76,26.6,7.0,4.0,Late delivery,0,3.0,1,9,4.259293869291585,0,0,0,1
2250,2016-07-03,2016-07-04,US Center,90515,4.0,357.33,83.46,1.0,1.0,Shipping on time,0,0.0,0,7,5.881454349524805,1,0,0,0
2251,2015-05-25,2015-05-28,US Center,42452,3.0,136.6,-22.83,3.0,4.0,Shipping on time,0,-1.0,0,5,4.924350925499243,0,0,0,1
2252,2015-04-15,2015-04-21,West Europe,74239,3.0,200.33,6.3,6.0,4.0,Late delivery,0,2.0,1,4,5.304945352838257,0,0,0,1
2253,2017-05-15,2017-05-22,Central America,17166,1.0,51.78,14.29,7.0,4.0,Late delivery,0,3.0,1,5,3.966132331075178,0,0,0,1
2254,2016-02-13,2016-02-14,US Center,12117,5.0,70.14,-4.72,1.0,1.0,Shipping on time,0,0.0,0,2,4.264649766520309,1,0,0,0
2255,2015-10-18,2015-10-21,Central America,Unknown,4.0,132.59,12.01,3.0,4.0,Shipping on time,0,-1.0,0,10,4.8947754080017205,0,0,0,1
2256,2016-11-13,2016-11-16,Central America,27111,2.0,65.38,-0.29,3.0,4.0,Shipping on time,0,-1.0,0,11,4.195395806291828,0,0,0,1
2257,2016-10-09,2016-10-15,Oceania,90034,2.0,289.43,-29.68,6.0,4.0,Late delivery,0,2.0,1,10,5.67136258340009,0,0,0,1
2259,2015-01-10,2015-01-10,Central America,13256,1.0,160.23,2.85,0.0,1.0,Shipping on time,0,-1.0,0,1,5.082831916975648,1,0,0,0
2260,2016-08-06,2016-08-07,South Asia,99862,1.0,175.51,51.27,1.0,2.0,Shipping on time,0,-1.0,0,8,5.1733775319921875,0,0,1,0
2261,2016-10-23,2016-10-28,US Center,68401,1.0,134.0,-19.72,5.0,4.0,Late delivery,0,1.0,1,10,4.90527477843843,0,0,0,1
2262,2015-04-10,2015-04-15,Eastern Asia,87961,4.0,232.18,78.55,5.0,4.0,Late delivery,0,1.0,1,4,5.451810687505145,0,0,0,1
2263,2017-08-12,2017-08-14,Oceania,64647,5.0,98.14,2.59,2.0,2.0,Shipping on time,0,0.0,0,8,4.596532992592428,0,0,1,0
2264,2017-05-23,2017-05-23,Eastern Asia,56386,4.0,160.44,43.3,0.0,0.0,Shipping on time,1,0.0,0,5,5.084133556605299,0,1,0,0
2265,2017-01-25,2017-02-01,West Europe,43958,1.0,298.35,-20.74,5.0,4.0,Late delivery,0,1.0,1,1,5.701613457371361,0,0,0,1
2267,2017-02-02,2017-02-06,South Asia,95945,2.0,157.63,-26.88,4.0,4.0,Shipping on time,0,0.0,0,2,5.066574446420364,0,0,0,1
2268,2016-05-01,2016-05-05,Central America,69883,2.0,120.12,-4.99,4.0,4.0,Shipping on time,0,0.0,0,5,4.796781789689138,0,0,0,1
2269,2016-02-22,2016-02-28,Central America,60832,1.0,151.45,-10.54,6.0,4.0,Late delivery,0,2.0,1,2,5.026836673434263,0,0,0,1
2270,2016-06-26,2016-06-29,Eastern Asia,81212,1.0,218.45,39.18,3.0,2.0,Late delivery,0,1.0,1,6,5.391124416134243,0,0,1,0
2271,2016-04-22,2016-04-25,Central America,89306,2.0,126.5,21.56,3.0,0.0,Late delivery,0,3.0,1,4,4.848116364598481,0,1,0,0
2272,2016-10-16,2016-10-21,Oceania,97333,4.0,53.94,18.42,5.0,2.0,Late delivery,0,3.0,1,10,4.006241680667128,0,0,1,0
2273,2017-06-20,2017-06-23,Central America,Unknown,2.0,161.22,27.45,3.0,4.0,Shipping on time,0,-1.0,0,6,5.088953438642199,0,0,0,1
2274,2017-09-05,2017-09-07,Oceania,83332,5.0,133.85,18.11,2.0,2.0,Shipping on time,0,0.0,0,9,4.904163049585739,0,0,1,0
2275,2015-08-25,2015-08-31,South Asia,77234,1.0,193.16,-8.04,6.0,4.0,Late delivery,0,2.0,1,8,5.268682561418346,0,0,0,1
2276,2017-04-28,2017-05-01,Eastern Asia,30160,2.0,149.75,-26.96,3.0,4.0,Shipping on time,0,-1.0,0,4,5.015622835607295,0,0,0,1
2277,2016-05-20,2016-05-23,Eastern Asia,42020,3.0,371.6,63.49,3.0,4.0,Shipping on time,0,-1.0,0,5,5.920505458167488,0,0,0,1
2278,2015-05-31,2015-06-04,US Center,79027,2.0,71.7,-7.14,4.0,4.0,Shipping on time,0,0.0,0,5,4.286341384539473,0,0,0,1
2279,2016-12-30,2017-01-05,Central America,41404,1.0,82.29,32.76,6.0,4.0,Late delivery,0,2.0,1,12,4.42232849394725,0,0,0,1
2280,2015-12-17,2015-12-24,Oceania,78570,4.0,215.16,44.84,7.0,4.0,Late delivery,0,3.0,1,12,5.376018874211889,0,0,0,1
2281,2015-12-04,2015-12-11,West Europe,60404,3.0,79.5,-14.31,7.0,4.0,Late delivery,0,3.0,1,12,4.388257184424518,0,0,0,1
2282,2016-04-20,2016-04-24,Eastern Asia,12408,5.0,177.25,10.99,4.0,4.0,Shipping on time,0,0.0,0,4,5.183187059294405,0,0,0,1
2283,2016-04-16,2016-04-19,Central America,91657,5.0,144.73,-20.8,3.0,4.0,Shipping on time,0,-1.0,0,4,4.981755594545605,0,0,0,1
2284,2016-08-20,2016-08-20,Eastern Asia,43392,1.0,45.72,-9.14,0.0,1.0,Shipping on time,0,-1.0,0,8,3.8441723385199715,1,0,0,0
2285,2015-02-05,2015-02-09,West Europe,33929,4.0,216.75,8.06,4.0,1.0,Late delivery,0,3.0,1,2,5.383347615732612,1,0,0,0
2286,2016-04-20,2016-04-26,Eastern Asia,29510,2.0,328.44,116.95,6.0,4.0,Late delivery,0,2.0,1,4,5.797394243279479,0,0,0,1
2287,2016-11-13,2016-11-16,West Europe,60518,1.0,151.34,-20.07,3.0,2.0,Late delivery,1,1.0,1,11,5.026114864944642,0,0,1,0
2288,2016-11-04,2016-11-06,Eastern Asia,56625,4.0,63.84,25.12,2.0,1.0,Late delivery,0,1.0,1,11,4.171922696867475,1,0,0,0
2289,2015-06-17,2015-06-21,Oceania,65663,2.0,232.62,15.88,4.0,4.0,Shipping on time,0,0.0,0,6,5.45369586372755,0,0,0,1
2290,2016-01-03,2016-01-09,US Center,11554,4.0,78.94,-1.43,6.0,4.0,Late delivery,0,2.0,1,1,4.3812763532831775,0,0,0,1
2291,2015-09-16,2015-09-23,Eastern Asia,81910,5.0,135.93,48.72,7.0,4.0,Late delivery,0,3.0,1,9,4.919469846344143,0,0,0,1
2292,2015-03-01,2015-03-05,West Europe,24739,2.0,186.32,-2.19,4.0,2.0,Late delivery,0,2.0,1,3,5.232818384315341,0,0,1,0
2293,2015-08-13,2015-08-13,Eastern Asia,25504,5.0,92.13,-10.06,0.0,0.0,Shipping on time,0,0.0,0,8,4.533996366533566,0,1,0,0
2294,2015-04-04,2015-04-08,Eastern Asia,70342,4.0,53.74,18.77,4.0,4.0,Shipping on time,0,0.0,0,4,4.002594703612533,0,0,0,1
2295,2016-12-19,2016-12-19,Eastern Asia,18450,2.0,134.17,47.38,0.0,0.0,Shipping on time,0,0.0,0,12,4.906533245495736,0,1,0,0
2296,2017-07-23,2017-07-27,South Asia,67306,4.0,932.5600000000057,174.0700000000001,4.0,2.0,Late delivery,0,2.0,1,7,6.839005235153027,0,0,1,0
2297,2016-02-04,2016-02-06,Central America,29576,5.0,88.15,22.96,2.0,2.0,Shipping on time,0,0.0,0,2,4.49032034430915,0,0,1,0
2298,2015-12-09,2015-12-12,Eastern Asia,38149,3.0,92.05,7.2,3.0,2.0,Late delivery,0,1.0,1,12,4.5331369830882595,0,0,1,0
2299,2017-09-20,2017-09-24,Eastern Asia,66084,1.0,225.6,70.03,4.0,1.0,Late delivery,0,3.0,1,9,5.423186348593906,1,0,0,0
2300,2016-08-15,2016-08-22,South Asia,72607,3.0,138.21,6.07,7.0,4.0,Late delivery,0,3.0,1,8,4.935983584400476,0,0,0,1
2301,2017-03-10,2017-03-15,Oceania,26200,5.0,110.55,9.71,5.0,2.0,Late delivery,0,3.0,1,3,4.714472920878541,0,0,1,0
2302,2015-08-19,2015-08-22,West Europe,40756,2.0,102.6,-10.72,3.0,4.0,Shipping on time,0,-1.0,0,8,4.640537329825382,0,0,0,1
2303,2017-07-12,2017-07-17,South Asia,82833,1.0,160.97,19.12,5.0,4.0,Late delivery,0,1.0,1,7,5.087411132898305,0,0,0,1
2304,2015-06-22,2015-06-24,South Asia,36277,3.0,153.96,35.22,2.0,2.0,Shipping on time,0,0.0,0,6,5.043167019098741,0,0,1,0
2305,2016-11-18,2016-11-23,West Europe,91234,1.0,131.62,-5.72,5.0,4.0,Late delivery,0,1.0,1,11,4.887487895940722,0,0,0,1
2306,2016-11-16,2016-11-21,West Europe,71170,1.0,64.32,-7.61,5.0,4.0,Late delivery,0,1.0,1,11,4.179298268102264,0,0,0,1
2308,2017-04-12,2017-04-14,Eastern Asia,19171,3.0,100.68,8.41,2.0,1.0,Late delivery,0,1.0,1,4,4.621830626881199,1,0,0,0
2309,2015-11-20,2015-11-25,Eastern Asia,37560,4.0,151.4,-20.48,5.0,2.0,Late delivery,0,3.0,1,11,5.026508643252546,0,0,1,0
2310,2016-10-01,2016-10-07,Central America,41823,1.0,286.88,15.24,6.0,4.0,Late delivery,0,2.0,1,10,5.662543726639604,0,0,0,1
2311,2015-12-30,2015-12-31,West Europe,13965,3.0,254.27,42.18,1.0,2.0,Shipping on time,0,-1.0,0,12,5.542321808529576,0,0,1,0
2312,2015-03-29,2015-04-02,South Asia,36863,1.0,212.13,-34.84,4.0,4.0,Shipping on time,0,0.0,0,3,5.361902308173147,0,0,0,1
2313,2015-07-22,2015-07-26,Central America,30974,2.0,155.36,42.63,4.0,2.0,Late delivery,0,2.0,1,7,5.052161040924754,0,0,1,0
2314,2015-09-26,2015-10-02,US Center,44133,5.0,120.37,-17.22,6.0,4.0,Late delivery,0,2.0,1,9,4.798843731118271,0,0,0,1
2315,2016-04-11,2016-04-16,Eastern Asia,41247,1.0,177.14,-22.77,5.0,2.0,Late delivery,0,3.0,1,4,5.182569758003724,0,0,1,0
2316,2016-01-10,2016-01-15,South Asia,35766,1.0,110.08,21.2,5.0,4.0,Late delivery,0,1.0,1,1,4.7102506624385985,0,0,0,1
2317,2017-03-02,2017-03-07,US Center,70550,4.0,119.13,43.45,5.0,4.0,Late delivery,0,1.0,1,3,4.788574489733284,0,0,0,1
2319,2016-06-05,2016-06-10,Eastern Asia,46847,1.0,140.89,31.01,5.0,4.0,Late delivery,0,1.0,1,6,4.9550521095192215,0,0,0,1
2320,2017-03-29,2017-03-30,South Asia,12169,5.0,138.98,11.44,1.0,2.0,Shipping on time,0,-1.0,0,3,4.941499555261394,0,0,1,0
2321,2015-06-16,2015-06-23,Oceania,93929,2.0,427.38,-33.41,7.0,4.0,Late delivery,0,3.0,1,6,6.060010652142997,0,0,0,1
2322,2016-11-09,2016-11-14,Oceania,56374,1.0,200.94,28.34,5.0,4.0,Late delivery,0,1.0,1,11,5.307970623576175,0,0,0,1
2323,2017-01-02,2017-01-07,West Europe,70447,5.0,116.6,6.7,5.0,4.0,Late delivery,0,1.0,1,1,4.767289035464526,0,0,0,1
2324,2016-10-07,2016-10-11,US Center,41752,3.0,228.75,6.67,4.0,2.0,Late delivery,0,2.0,1,10,5.436991761235796,0,0,1,0
2325,2017-08-23,2017-08-24,US Center,79037,2.0,110.3,35.33,1.0,1.0,Shipping on time,0,0.0,0,8,4.712229258281499,1,0,0,0
2326,2015-05-15,2015-05-19,Central America,28651,3.0,262.42,35.56,4.0,1.0,Late delivery,0,3.0,1,5,5.573749716570901,1,0,0,0
2327,2016-04-19,2016-04-26,South Asia,52296,3.0,229.04,65.31,7.0,4.0,Late delivery,0,3.0,1,4,5.438253206845554,0,0,0,1
2328,2017-04-29,2017-04-30,South Asia,79621,3.0,788.3,-61.534,1.0,2.0,Shipping on time,0,-1.0,0,4,6.671146476714357,0,0,1,0
2329,2015-05-22,2015-05-27,Central America,Unknown,4.0,77.23,28.26,5.0,4.0,Late delivery,0,1.0,1,5,4.359653205696989,0,0,0,1
2330,2017-04-02,2017-04-03,West Europe,98716,4.0,139.27,-8.91,1.0,2.0,Shipping on time,0,-1.0,0,4,4.94356913673158,0,0,1,0
2331,2016-12-31,2017-01-06,Eastern Asia,84074,2.0,135.95,14.65,6.0,4.0,Late delivery,0,2.0,1,12,4.919615895709087,0,0,0,1
2332,2015-03-21,2015-03-26,South Asia,95630,3.0,172.84,-27.65,5.0,4.0,Late delivery,0,1.0,1,3,5.158135335948174,0,0,0,1
2333,2016-06-23,2016-06-27,US Center,99255,5.0,220.18,-16.23,4.0,4.0,Shipping on time,0,0.0,0,6,5.398976849647214,0,0,0,1
2334,2016-10-27,2016-10-30,Central America,54866,5.0,82.33,7.19,3.0,4.0,Shipping on time,0,-1.0,0,10,4.422808628394115,0,0,0,1
2335,2017-03-19,2017-03-23,US Center,44676,2.0,95.26,23.83,4.0,2.0,Late delivery,0,2.0,1,3,4.567052863874963,0,0,1,0
2336,2015-06-14,2015-06-15,Oceania,88982,4.0,173.38,45.7,1.0,2.0,Shipping on time,0,-1.0,0,6,5.161236825999669,0,0,1,0
2337,2016-08-28,2016-08-30,Oceania,99345,3.0,255.54,21.04,2.0,2.0,Shipping on time,0,0.0,0,8,5.5472845978717045,0,0,1,0
2338,2017-01-09,2017-01-14,West Europe,87017,1.0,75.65,-3.89,5.0,4.0,Late delivery,0,1.0,1,1,4.339249605317823,0,0,0,1
2340,2016-08-18,2016-08-22,South Asia,88008,3.0,282.91,6.3,4.0,4.0,Shipping on time,0,0.0,0,8,5.648657286528893,0,0,0,1
2341,2015-01-15,2015-01-18,West Europe,12339,2.0,237.37,-24.14,3.0,2.0,Late delivery,0,1.0,1,1,5.473824088346638,0,0,1,0
2342,2015-08-20,2015-08-26,US Center,54514,1.0,273.49,70.27,6.0,4.0,Late delivery,0,2.0,1,8,5.614914830413506,0,0,0,1
2343,2016-10-12,2016-10-19,US Center,66356,4.0,82.63,22.5,7.0,4.0,Late delivery,0,3.0,1,10,4.426402307393435,0,0,0,1
2344,2016-12-19,2016-12-26,Central America,Unknown,2.0,129.44,-12.67,7.0,4.0,Late delivery,0,3.0,1,12,4.870913350921119,0,0,0,1
2345,2016-08-24,2016-08-29,West Europe,85040,4.0,149.29,-29.31,5.0,4.0,Late delivery,1,1.0,1,8,5.012566760946003,0,0,0,1
2346,2017-06-24,2017-06-27,US Center,78753,5.0,187.83,45.97,3.0,4.0,Shipping on time,0,-1.0,0,6,5.240847139393487,0,0,0,1
2347,2017-02-17,2017-02-24,Eastern Asia,37101,4.0,135.65,38.41,7.0,4.0,Late delivery,0,3.0,1,2,4.917422912374077,0,0,0,1
2348,2015-01-04,2015-01-10,West Europe,91672,1.0,141.24,-22.16,6.0,4.0,Late delivery,0,2.0,1,1,4.957515771765594,0,0,0,1
2349,2015-08-07,2015-08-10,US Center,26317,3.0,261.58,9.63,3.0,2.0,Late delivery,0,1.0,1,8,5.570555797505964,0,0,1,0
2350,2015-06-09,2015-06-12,US Center,63647,2.0,112.99,24.44,3.0,1.0,Late delivery,0,2.0,1,6,4.736110725248687,1,0,0,0
2351,2016-08-08,2016-08-14,Central America,84030,3.0,105.83,-0.02,5.0,4.0,Late delivery,0,1.0,1,8,4.671238785957796,0,0,0,1
2352,2015-01-26,2015-01-29,Eastern Asia,57156,1.0,113.28,30.96,3.0,4.0,Shipping on time,0,-1.0,0,1,4.738651577362572,0,0,0,1
2353,2015-09-25,2015-09-27,Eastern Asia,17928,2.0,108.15,-19.01,2.0,2.0,Shipping on time,0,0.0,0,9,4.692723082995953,0,0,1,0
2354,2015-03-19,2015-03-26,US Center,67623,5.0,156.88,21.46,7.0,4.0,Late delivery,0,3.0,1,3,5.061835250794647,0,0,0,1
2355,2017-01-24,2017-01-26,West Europe,70861,4.0,128.82,-9.17,2.0,1.0,Late delivery,0,1.0,1,1,4.866148875605322,1,0,0,0
2356,2017-04-17,2017-04-20,West Europe,34684,1.0,112.78,25.76,3.0,4.0,Shipping on time,0,-1.0,0,4,4.734266759322502,0,0,0,1
2357,2015-03-21,2015-03-27,South Asia,39008,4.0,331.19,-61.534,6.0,4.0,Late delivery,0,2.0,1,3,5.805707094378127,0,0,0,1
2358,2016-11-30,2016-12-04,South Asia,16179,3.0,173.13,38.62,4.0,4.0,Shipping on time,0,0.0,0,11,5.159802146691291,0,0,0,1
2359,2015-06-07,2015-06-10,Eastern Asia,36049,1.0,119.64,8.81,3.0,4.0,Shipping on time,0,-1.0,0,6,4.792810904259646,0,0,0,1
2360,2017-07-05,2017-07-08,Oceania,85668,3.0,301.93,65.82,3.0,4.0,Shipping on time,0,-1.0,0,7,5.713501755717111,0,0,0,1
2361,2017-08-03,2017-08-08,West Europe,73764,2.0,105.76,-13.86,5.0,4.0,Late delivery,0,1.0,1,8,4.670583324536324,0,0,0,1
2362,2016-06-16,2016-06-18,Oceania,18327,5.0,145.28,43.64,2.0,2.0,Shipping on time,0,0.0,0,6,4.98552259328118,0,0,1,0
2363,2017-01-07,2017-01-10,Oceania,74238,2.0,137.76,26.61,3.0,0.0,Late delivery,0,3.0,1,1,4.932745822101549,0,1,0,0
2364,2017-01-05,2017-01-09,Eastern Asia,27220,1.0,104.37,-18.63,4.0,4.0,Shipping on time,0,0.0,0,1,4.657477965611436,0,0,0,1
2365,2015-09-10,2015-09-12,Eastern Asia,89191,5.0,116.51,37.5,2.0,2.0,Shipping on time,0,0.0,0,9,4.7665234363458495,0,0,1,0
2366,2016-01-12,2016-01-15,West Europe,11317,1.0,152.62,-15.21,3.0,4.0,Shipping on time,0,-1.0,0,1,5.034482020570536,0,0,0,1
2367,2015-11-09,2015-11-14,South Asia,99966,4.0,63.61,1.9,5.0,4.0,Late delivery,0,1.0,1,11,4.168369197570074,0,0,0,1
2368,2017-09-09,2017-09-13,US Center,70286,5.0,116.16,1.26,4.0,4.0,Shipping on time,0,0.0,0,9,4.763540521959532,0,0,0,1
2369,2016-03-10,2016-03-17,Oceania,72746,5.0,167.9,44.23,7.0,4.0,Late delivery,0,3.0,1,3,5.129306823813755,0,0,0,1
2370,2015-09-12,2015-09-15,West Europe,55208,1.0,170.44,43.39,3.0,1.0,Late delivery,0,2.0,1,9,5.1442333511653215,1,0,0,0
2371,2015-08-22,2015-08-25,US Center,45933,2.0,172.6,-25.75,3.0,2.0,Late delivery,0,1.0,1,8,5.15675380222625,0,0,1,0
2372,2015-02-28,2015-03-07,Eastern Asia,20470,3.0,559.47,174.0700000000001,7.0,4.0,Late delivery,0,3.0,1,2,6.328775717440166,0,0,0,1
2373,2015-05-21,2015-05-24,West Europe,52945,3.0,213.22,-22.24,3.0,4.0,Shipping on time,0,-1.0,0,5,5.367003524336484,0,0,0,1
2374,2016-02-18,2016-02-18,Eastern Asia,34383,5.0,133.88,30.78,0.0,1.0,Shipping on time,0,-1.0,0,2,4.904385494253545,1,0,0,0
2375,2017-08-27,2017-08-28,Central America,90802,5.0,135.58,-16.98,1.0,0.0,Late delivery,0,1.0,1,8,4.916910523532943,0,1,0,0
2376,2016-06-24,2016-06-25,South Asia,46067,2.0,145.18,6.64,1.0,2.0,Shipping on time,0,-1.0,0,6,4.984838739052246,0,0,1,0
2377,2015-07-31,2015-08-02,Oceania,20350,5.0,186.68,-25.08,2.0,1.0,Late delivery,0,1.0,1,7,5.234738384905166,1,0,0,0
2378,2015-02-20,2015-02-20,Eastern Asia,76855,2.0,122.59,24.65,0.0,0.0,Shipping on time,0,0.0,0,2,4.8169696356016445,0,1,0,0
2379,2017-01-17,2017-01-22,West Europe,35611,2.0,345.48,13.96,5.0,2.0,Late delivery,0,3.0,1,1,5.847825096906371,0,0,1,0
2380,2016-11-19,2016-11-23,Oceania,23840,5.0,77.12,10.6,4.0,2.0,Late delivery,0,2.0,1,11,4.358246106008478,0,0,1,0
2382,2015-03-26,2015-04-02,South Asia,86280,5.0,193.93,57.15,7.0,4.0,Late delivery,0,3.0,1,3,5.2726405197580535,0,0,0,1
2383,2017-01-05,2017-01-09,South Asia,91088,5.0,75.46,-6.03,4.0,2.0,Late delivery,0,2.0,1,1,4.336767728268267,0,0,1,0
2384,2015-10-07,2015-10-08,Central America,64700,5.0,208.34,12.57,1.0,1.0,Shipping on time,0,0.0,0,10,5.343959724426738,1,0,0,0
2385,2015-10-31,2015-11-04,Eastern Asia,37910,5.0,199.83,28.23,5.0,4.0,Shipping on time,0,1.0,1,10,5.302458779048587,0,0,0,1
2386,2017-07-08,2017-07-14,Eastern Asia,84732,4.0,149.29,0.21,6.0,4.0,Late delivery,1,2.0,1,7,5.012566760946003,0,0,0,1
2387,2015-08-11,2015-08-18,Eastern Asia,43488,3.0,546.99,-61.534,7.0,4.0,Late delivery,0,3.0,1,8,6.306257038606333,0,0,0,1
2388,2016-09-28,2016-09-30,Eastern Asia,10090,3.0,218.26,1.97,2.0,2.0,Shipping on time,0,0.0,0,9,5.390258240246394,0,0,1,0
2390,2015-04-18,2015-04-23,South Asia,96486,2.0,110.51,-8.94,5.0,2.0,Late delivery,0,3.0,1,4,4.7141142729772705,0,0,1,0
2391,2017-09-22,2017-09-25,US Center,89813,3.0,932.5600000000057,-61.534,3.0,4.0,Shipping on time,0,-1.0,0,9,6.839005235153027,0,0,0,1
2392,2016-01-29,2016-01-31,Eastern Asia,25989,4.0,168.41,-22.83,2.0,2.0,Shipping on time,0,0.0,0,1,5.132321812352855,0,0,1,0
2393,2016-01-24,2016-01-28,West Europe,74031,4.0,150.47,46.04,4.0,2.0,Late delivery,0,2.0,1,1,5.020387585538934,0,0,1,0
2394,2015-06-28,2015-07-02,Eastern Asia,80960,3.0,64.81,4.72,4.0,4.0,Shipping on time,0,0.0,0,6,4.186771802468027,0,0,0,1
2395,2015-08-07,2015-08-14,Oceania,40466,3.0,80.15,19.01,7.0,4.0,Late delivery,0,3.0,1,8,4.396299293960601,0,0,0,1
2396,2016-05-25,2016-05-30,Eastern Asia,47167,3.0,96.54,25.73,5.0,4.0,Late delivery,0,1.0,1,5,4.5802625502819065,0,0,0,1
2397,2016-05-23,2016-05-27,Oceania,77216,2.0,115.36,36.02,4.0,2.0,Late delivery,0,2.0,1,5,4.756688833627001,0,0,1,0
2398,2015-10-25,2015-10-29,Oceania,69044,3.0,118.09,18.0,4.0,4.0,Shipping on time,0,0.0,0,10,4.779879509779905,0,0,0,1
2399,2015-07-09,2015-07-16,US Center,76745,4.0,99.17,30.43,7.0,4.0,Late delivery,0,3.0,1,7,4.606868742623673,0,0,0,1
2400,2017-08-01,2017-08-06,Oceania,88492,1.0,209.38,-24.75,5.0,4.0,Late delivery,0,1.0,1,8,5.348915419311128,0,0,0,1
2401,2015-12-13,2015-12-17,Oceania,58972,3.0,249.57,-21.7,4.0,4.0,Shipping on time,0,0.0,0,12,5.523738322606287,0,0,0,1
2402,2016-02-16,2016-02-20,Central America,65318,5.0,151.48,28.47,4.0,1.0,Late delivery,0,3.0,1,2,5.027033439905892,1,0,0,0
2403,2017-01-05,2017-01-07,Central America,Unknown,1.0,41.46,1.06,2.0,1.0,Late delivery,0,1.0,1,1,3.74856245627511,1,0,0,0
2404,2017-07-29,2017-07-31,South Asia,98595,2.0,132.72,-11.32,2.0,1.0,Late delivery,0,1.0,1,7,4.895748061551898,1,0,0,0
2405,2015-08-31,2015-09-02,US Center,16140,2.0,199.89,4.58,2.0,1.0,Late delivery,0,1.0,1,8,5.302757494574058,1,0,0,0
2406,2015-12-07,2015-12-09,Eastern Asia,87410,5.0,138.61,5.19,2.0,2.0,Shipping on time,0,0.0,0,12,4.938852821000557,0,0,1,0
2407,2016-03-24,2016-03-28,South Asia,96183,5.0,169.54,56.56,4.0,4.0,Shipping on time,0,0.0,0,3,5.138969873313903,0,0,0,1
2408,2015-01-23,2015-01-24,Eastern Asia,84781,4.0,153.87,9.04,1.0,1.0,Shipping on time,0,0.0,0,1,5.0425860553280835,1,0,0,0
2409,2016-10-05,2016-10-09,West Europe,84555,5.0,61.93,20.81,4.0,2.0,Late delivery,0,2.0,1,10,4.1420229975388425,0,0,1,0
2410,2017-06-07,2017-06-09,US Center,88229,4.0,36.216,-2.65,2.0,2.0,Shipping on time,0,0.0,0,6,3.6167387763362537,0,0,1,0
2412,2016-02-01,2016-02-04,Oceania,12148,2.0,107.74,31.74,3.0,1.0,Late delivery,0,2.0,1,2,4.688959711717774,1,0,0,0
2413,2015-05-25,2015-05-31,Eastern Asia,52922,5.0,183.8,-17.11,6.0,4.0,Late delivery,0,2.0,1,5,5.2192741592075835,0,0,0,1
2414,2015-08-20,2015-08-22,South Asia,54177,4.0,121.97,31.74,2.0,2.0,Shipping on time,0,0.0,0,8,4.811940423184356,0,0,1,0
2415,2017-08-22,2017-08-28,South Asia,11345,5.0,131.64,36.46,6.0,4.0,Late delivery,0,2.0,1,8,4.887638691386985,0,0,0,1
2416,2016-08-11,2016-08-18,Eastern Asia,96090,2.0,316.69,86.72,7.0,4.0,Late delivery,0,3.0,1,8,5.761076064544641,0,0,0,1
2417,2017-05-17,2017-05-23,South Asia,82126,4.0,73.26,24.86,6.0,4.0,Late delivery,0,2.0,1,5,4.307572448748934,0,0,0,1
2418,2015-12-29,2016-01-04,South Asia,81780,5.0,144.19,10.51,6.0,4.0,Late delivery,0,2.0,1,12,4.978043229495596,0,0,0,1
2419,2017-06-03,2017-06-06,Eastern Asia,19253,2.0,77.76,7.39,3.0,4.0,Shipping on time,0,-1.0,0,6,4.366405253770925,0,0,0,1
2420,2016-04-15,2016-04-19,Oceania,67564,2.0,149.29,-7.32,4.0,4.0,Shipping on time,1,0.0,0,4,5.012566760946003,0,0,0,1
2421,2016-07-26,2016-07-29,Oceania,18881,1.0,190.22,18.84,3.0,4.0,Shipping on time,0,-1.0,0,7,5.2534245976573,0,0,0,1
2422,2015-02-28,2015-02-28,Oceania,50803,5.0,210.21,74.54,0.0,1.0,Shipping on time,0,-1.0,0,2,5.3528528991960505,1,0,0,0
2423,2016-05-19,2016-05-24,Central America,20675,2.0,157.99,28.03,5.0,2.0,Late delivery,0,3.0,1,5,5.068841307160618,0,0,1,0
2424,2015-04-04,2015-04-05,Oceania,16014,1.0,66.04,18.74,1.0,2.0,Shipping on time,0,-1.0,0,4,4.205289456173828,0,0,1,0
2425,2015-04-19,2015-04-21,US Center,97429,3.0,166.68,53.48,2.0,0.0,Late delivery,0,2.0,1,4,5.122057401132677,0,1,0,0
2426,2016-05-06,2016-05-10,West Europe,Unknown,5.0,241.18,40.15,4.0,4.0,Shipping on time,0,0.0,0,5,5.48968125132622,0,0,0,1
2427,2015-08-29,2015-09-01,US Center,31647,1.0,255.63,33.59,3.0,4.0,Shipping on time,0,-1.0,0,8,5.547635358831709,0,0,0,1
2428,2015-01-24,2015-01-30,Oceania,89583,3.0,491.33,-35.89,6.0,4.0,Late delivery,0,2.0,1,1,6.199149223359647,0,0,0,1
2429,2015-04-23,2015-04-26,West Europe,62365,5.0,199.81,29.84,3.0,4.0,Shipping on time,0,-1.0,0,4,5.3023591873743685,0,0,0,1
2430,2015-03-06,2015-03-09,Oceania,66061,4.0,81.16,13.94,3.0,0.0,Late delivery,0,3.0,1,3,4.408668565620303,0,1,0,0
2431,2016-06-16,2016-06-21,Oceania,77880,3.0,107.83,-18.39,5.0,4.0,Late delivery,0,1.0,1,6,4.68978703170797,0,0,0,1
2432,2017-01-05,2017-01-10,US Center,25442,4.0,152.22,-30.03,5.0,2.0,Late delivery,0,3.0,1,1,5.031874797088675,0,0,1,0
2433,2016-03-11,2016-03-11,Oceania,23105,1.0,263.33,101.51,0.0,1.0,Shipping on time,0,-1.0,0,3,5.577198322546748,1,0,0,0
2434,2015-06-17,2015-06-24,Oceania,92018,5.0,75.64,-12.75,7.0,4.0,Late delivery,0,3.0,1,6,4.339119133662605,0,0,0,1
2435,2015-06-22,2015-06-27,Central America,42417,3.0,244.03,69.64,5.0,2.0,Late delivery,0,3.0,1,6,5.501380652028055,0,0,1,0
2436,2016-07-02,2016-07-09,Oceania,10828,4.0,210.19,36.73,7.0,4.0,Late delivery,0,3.0,1,7,5.352758202226283,0,0,0,1
2437,2015-04-09,2015-04-13,South Asia,14209,1.0,88.37,26.59,4.0,4.0,Shipping on time,0,0.0,0,4,4.492785055393301,0,0,0,1
2438,2015-08-02,2015-08-07,South Asia,21732,5.0,205.05,25.99,5.0,4.0,Late delivery,0,1.0,1,8,5.328118857784826,0,0,0,1
2439,2016-07-28,2016-08-04,West Europe,40856,1.0,93.85,12.47,7.0,4.0,Late delivery,0,3.0,1,7,4.552296696381023,0,0,0,1
2440,2015-01-02,2015-01-05,US Center,78388,4.0,144.69,-9.74,3.0,4.0,Shipping on time,0,-1.0,0,1,4.981481076665904,0,0,0,1
2441,2015-05-22,2015-05-28,Central America,23465,3.0,122.04,19.07,6.0,4.0,Late delivery,0,2.0,1,5,4.812509505757334,0,0,0,1
2442,2017-01-30,2017-01-31,US Center,75906,3.0,165.95,55.68,1.0,0.0,Late delivery,0,1.0,1,1,5.117694366389664,0,1,0,0
2443,2015-01-13,2015-01-18,Eastern Asia,57514,4.0,74.06,-4.66,5.0,4.0,Late delivery,0,1.0,1,1,4.318287793706875,0,0,0,1
2444,2015-11-13,2015-11-18,West Europe,31112,5.0,195.7,69.53,5.0,4.0,Late delivery,0,1.0,1,11,5.281679725395013,0,0,0,1
2445,2015-08-14,2015-08-17,Eastern Asia,83873,4.0,42.11,-2.07,3.0,1.0,Late delivery,0,2.0,1,8,3.763754988759043,1,0,0,0
2446,2016-05-24,2016-05-30,Eastern Asia,52958,4.0,115.07,21.35,6.0,4.0,Late delivery,0,2.0,1,5,4.754193457380532,0,0,0,1
2447,2017-03-13,2017-03-15,Oceania,79978,4.0,105.1,36.7,2.0,0.0,Late delivery,0,2.0,1,3,4.664382045619937,0,1,0,0
2448,2016-11-20,2016-11-20,West Europe,34747,4.0,355.89,104.5,0.0,1.0,Shipping on time,0,-1.0,0,11,5.877427611050618,1,0,0,0
2449,2016-10-19,2016-10-21,Eastern Asia,87637,3.0,196.89,-2.71,2.0,2.0,Shipping on time,0,0.0,0,10,5.287711320760812,0,0,1,0
2450,2015-09-15,2015-09-20,Eastern Asia,14320,5.0,109.89,15.09,5.0,4.0,Late delivery,0,1.0,1,9,4.708538718965125,0,0,0,1
2451,2016-06-01,2016-06-06,Oceania,75339,1.0,87.19,24.07,5.0,4.0,Late delivery,0,1.0,1,6,4.479493577900089,0,0,0,1
2452,2016-04-10,2016-04-15,South Asia,88791,1.0,147.9,57.42,5.0,4.0,Late delivery,0,1.0,1,4,5.003274939689963,0,0,0,1
2453,2015-08-14,2015-08-17,Oceania,70543,1.0,101.34,24.66,3.0,4.0,Shipping on time,0,-1.0,0,8,4.628300603376946,0,0,0,1
2454,2015-08-12,2015-08-17,South Asia,86547,1.0,517.87,174.0700000000001,5.0,4.0,Late delivery,0,1.0,1,8,6.251653370094541,0,0,0,1
2455,2016-04-12,2016-04-15,US Center,52308,4.0,36.216,3.29,3.0,4.0,Shipping on time,0,-1.0,0,4,3.6167387763362537,0,0,0,1
2456,2015-10-12,2015-10-12,Eastern Asia,61214,4.0,150.53,25.73,0.0,1.0,Shipping on time,0,-1.0,0,10,5.020783625148071,1,0,0,0
2457,2015-01-10,2015-01-17,US Center,84798,1.0,149.29,-1.72,7.0,4.0,Late delivery,1,3.0,1,1,5.012566760946003,0,0,0,1
2458,2016-12-04,2016-12-07,Central America,61270,2.0,261.88,9.51,3.0,0.0,Late delivery,0,3.0,1,12,5.571697654288958,0,1,0,0
2459,2015-11-22,2015-11-27,South Asia,65777,4.0,91.8,1.07,5.0,2.0,Late delivery,0,3.0,1,11,4.530446639792155,0,0,1,0
2460,2017-03-02,2017-03-06,Eastern Asia,56419,1.0,361.57,136.95,4.0,4.0,Shipping on time,0,0.0,0,3,5.893217559100934,0,0,0,1
2461,2016-04-24,2016-04-30,West Europe,35014,4.0,106.34,40.19,6.0,4.0,Late delivery,0,2.0,1,4,4.676001366748682,0,0,0,1
2462,2015-06-05,2015-06-08,Oceania,61042,2.0,268.64,97.39,3.0,4.0,Shipping on time,0,-1.0,0,6,5.597087735985238,0,0,0,1
2463,2015-04-02,2015-04-05,Eastern Asia,65644,3.0,162.86,8.03,3.0,4.0,Shipping on time,0,-1.0,0,4,5.099012404713669,0,0,0,1
2464,2016-11-21,2016-11-24,US Center,62377,1.0,284.41,106.56,3.0,1.0,Late delivery,0,2.0,1,11,5.653926742971297,1,0,0,0
2465,2016-08-03,2016-08-09,US Center,Unknown,3.0,146.97,27.37,6.0,4.0,Late delivery,0,2.0,1,8,4.997009550514443,0,0,0,1
2466,2017-06-04,2017-06-07,US Center,98032,5.0,36.216,-2.1,3.0,4.0,Shipping on time,0,-1.0,0,6,3.6167387763362537,0,0,0,1
2467,2016-03-18,2016-03-24,US Center,78273,1.0,96.05,8.38,6.0,4.0,Late delivery,0,2.0,1,3,4.57522630961502,0,0,0,1
2468,2016-05-13,2016-05-18,Eastern Asia,90274,1.0,59.74,-8.11,5.0,2.0,Late delivery,0,3.0,1,5,4.106602459617603,0,0,1,0
2469,2015-02-24,2015-03-01,West Europe,84170,4.0,248.64,29.58,5.0,4.0,Late delivery,0,1.0,1,2,5.520019880065842,0,0,0,1
2470,2016-02-08,2016-02-13,Eastern Asia,56411,1.0,197.03,73.05,5.0,4.0,Late delivery,0,1.0,1,2,5.288418534368789,0,0,0,1
2471,2015-05-28,2015-05-30,US Center,10527,4.0,145.59,7.23,2.0,2.0,Shipping on time,0,0.0,0,5,4.98763957430194,0,0,1,0
2472,2015-04-28,2015-05-05,Eastern Asia,88706,3.0,932.5600000000057,101.11,7.0,4.0,Late delivery,0,3.0,1,4,6.839005235153027,0,0,0,1
2473,2016-05-03,2016-05-07,US Center,85506,1.0,162.32,-25.15,4.0,2.0,Late delivery,0,2.0,1,5,5.095711466451375,0,0,1,0
2474,2016-01-22,2016-01-28,Central America,22727,2.0,104.79,9.72,6.0,4.0,Late delivery,0,2.0,1,1,4.661455996998683,0,0,0,1
2475,2017-06-16,2017-06-19,West Europe,38901,5.0,441.79,91.79,3.0,4.0,Shipping on time,0,-1.0,0,6,6.093095617020301,0,0,0,1
2476,2016-06-11,2016-06-17,Eastern Asia,61985,1.0,166.29,59.08,6.0,4.0,Late delivery,0,2.0,1,6,5.119728833343189,0,0,0,1
2477,2015-02-26,2015-03-01,Eastern Asia,92852,1.0,129.96,0.75,3.0,2.0,Late delivery,0,1.0,1,2,4.874891933062879,0,0,1,0
2478,2017-08-16,2017-08-18,Central America,25983,3.0,62.93,-3.13,2.0,0.0,Late delivery,0,2.0,1,8,4.157788734778635,0,1,0,0
2479,2016-07-16,2016-07-18,US Center,80083,5.0,101.86,36.87,2.0,2.0,Shipping on time,0,0.0,0,7,4.63336884034677,0,0,1,0
2480,2015-03-08,2015-03-11,US Center,65530,3.0,146.09,-20.24,3.0,4.0,Shipping on time,0,-1.0,0,3,4.991044644331252,0,0,0,1
2482,2015-01-16,2015-01-21,Eastern Asia,Unknown,2.0,110.6,10.3,5.0,4.0,Late delivery,0,1.0,1,1,4.71492104994721,0,0,0,1
2483,2016-01-24,2016-01-29,Eastern Asia,12454,4.0,140.97,51.9,5.0,4.0,Late delivery,0,1.0,1,1,4.955615767675482,0,0,0,1
2484,2017-01-20,2017-01-23,Oceania,78152,4.0,76.51,12.35,3.0,4.0,Shipping on time,0,-1.0,0,1,4.35040696029342,0,0,0,1
2485,2017-07-11,2017-07-16,West Europe,47956,4.0,145.78,47.36,5.0,4.0,Late delivery,0,1.0,1,7,4.9889348671169165,0,0,0,1
2486,2015-06-20,2015-06-22,Eastern Asia,89162,1.0,60.11,20.5,2.0,0.0,Late delivery,0,2.0,1,6,4.1126755189068245,0,1,0,0
2487,2016-09-21,2016-09-26,US Center,10938,4.0,88.88,22.37,5.0,2.0,Late delivery,0,3.0,1,9,4.498475447317128,0,0,1,0
2488,2015-06-11,2015-06-11,Central America,95509,3.0,95.27,26.2,0.0,1.0,Shipping on time,0,-1.0,0,6,4.567156743789875,1,0,0,0
2489,2015-10-12,2015-10-17,Eastern Asia,11186,5.0,238.13,-18.46,5.0,2.0,Late delivery,0,3.0,1,10,5.477007337107941,0,0,1,0
2490,2016-10-23,2016-10-27,US Center,55757,5.0,191.74,55.43,4.0,4.0,Shipping on time,0,0.0,0,10,5.261342130423142,0,0,0,1
2491,2016-03-27,2016-04-02,US Center,31283,1.0,151.42,42.42,6.0,4.0,Late delivery,0,2.0,1,3,5.026639868237972,0,0,0,1
2492,2015-09-22,2015-09-25,US Center,86936,2.0,75.35,-0.56,3.0,4.0,Shipping on time,0,-1.0,0,9,4.335328031664641,0,0,0,1
2493,2017-09-08,2017-09-14,Eastern Asia,29471,5.0,115.58,-8.85,6.0,4.0,Late delivery,0,2.0,1,9,4.758577732617404,0,0,0,1
2494,2015-04-11,2015-04-18,South Asia,36314,4.0,228.99,-9.16,7.0,4.0,Late delivery,0,3.0,1,4,5.438035829717119,0,0,0,1
2495,2017-05-17,2017-05-20,Eastern Asia,20593,1.0,296.35,91.31,3.0,2.0,Late delivery,0,1.0,1,5,5.694909896152603,0,0,1,0
2496,2015-04-03,2015-04-09,Central America,41014,2.0,62.66,13.77,6.0,4.0,Late delivery,0,2.0,1,4,4.1535564218539465,0,0,0,1
2497,2016-03-01,2016-03-05,West Europe,21053,5.0,113.56,9.93,4.0,4.0,Shipping on time,0,0.0,0,3,4.7410987032123355,0,0,0,1
2498,2016-02-26,2016-02-29,Central America,95759,2.0,154.35,-22.78,3.0,4.0,Shipping on time,0,-1.0,0,2,5.045680635839056,0,0,0,1
2499,2016-06-13,2016-06-18,US Center,73155,4.0,177.2,59.59,5.0,2.0,Late delivery,0,3.0,1,6,5.182906515036709,0,0,1,0
2500,2015-12-12,2015-12-17,Eastern Asia,85685,2.0,145.88,-28.13,5.0,2.0,Late delivery,0,3.0,1,12,4.9896159268721805,0,0,1,0
2501,2016-04-03,2016-04-04,West Europe,78412,1.0,212.58,-15.87,1.0,2.0,Shipping on time,0,-1.0,0,4,5.364011469743399,0,0,1,0
2502,2015-11-15,2015-11-21,Central America,39740,1.0,63.7,21.75,6.0,4.0,Late delivery,0,2.0,1,11,4.169761201506855,0,0,0,1
2503,2015-05-31,2015-06-05,Eastern Asia,87331,4.0,352.87,39.6,5.0,4.0,Late delivery,0,1.0,1,5,5.868929614049305,0,0,0,1
2504,2016-05-04,2016-05-10,South Asia,67970,2.0,932.5600000000057,10.13,6.0,4.0,Late delivery,0,2.0,1,5,6.839005235153027,0,0,0,1
2505,2017-08-25,2017-08-31,South Asia,87859,5.0,150.28,15.9,6.0,4.0,Late delivery,0,2.0,1,8,5.019132424350202,0,0,0,1
2506,2015-09-03,2015-09-08,Eastern Asia,22874,2.0,195.78,34.76,5.0,2.0,Late delivery,0,3.0,1,9,5.282086353437619,0,0,1,0
2507,2015-08-18,2015-08-18,South Asia,70759,1.0,282.72,59.86,0.0,0.0,Shipping on time,0,0.0,0,8,5.647987836333886,0,1,0,0
2508,2017-05-29,2017-05-30,West Europe,66127,5.0,243.56,31.06,1.0,2.0,Shipping on time,0,-1.0,0,5,5.499460677582579,0,0,1,0
2509,2015-08-08,2015-08-12,US Center,63593,3.0,239.23,-41.08,4.0,4.0,Shipping on time,0,0.0,0,8,5.481596797767104,0,0,0,1
2510,2015-08-31,2015-09-03,US Center,35590,5.0,301.64,-31.47,3.0,4.0,Shipping on time,0,-1.0,0,8,5.7125439803247735,0,0,0,1
2511,2015-04-21,2015-04-24,Central America,63540,4.0,133.47,-5.64,3.0,1.0,Late delivery,0,2.0,1,4,4.901341125835779,1,0,0,0
2512,2015-12-18,2015-12-20,Oceania,14195,4.0,223.36,17.76,2.0,1.0,Late delivery,0,1.0,1,12,5.413251904640136,1,0,0,0
2513,2017-07-30,2017-08-06,Oceania,87266,2.0,350.93,51.27,7.0,4.0,Late delivery,0,3.0,1,7,5.863432292185738,0,0,0,1
2514,2017-03-16,2017-03-23,Central America,41285,3.0,94.55,26.06,7.0,4.0,Late delivery,0,3.0,1,3,4.559649670686282,0,0,0,1
2515,2017-07-03,2017-07-07,Eastern Asia,83493,3.0,65.56,-4.88,4.0,4.0,Shipping on time,0,0.0,0,7,4.198103796512953,0,0,0,1
2516,2015-05-09,2015-05-14,West Europe,51720,1.0,932.5600000000057,-61.534,5.0,2.0,Late delivery,0,3.0,1,5,6.839005235153027,0,0,1,0
2517,2016-09-29,2016-10-01,Central America,47088,4.0,145.37,97.8,2.0,1.0,Late delivery,1,1.0,1,9,4.986137662495856,1,0,0,0
2518,2017-05-22,2017-05-29,Eastern Asia,23808,4.0,296.51,46.62,7.0,4.0,Late delivery,0,3.0,1,5,5.695447837866143,0,0,0,1
2519,2016-06-12,2016-06-18,Oceania,51873,1.0,118.96,3.22,6.0,4.0,Late delivery,0,2.0,1,6,4.787158353880808,0,0,0,1
2520,2015-07-05,2015-07-10,US Center,99059,3.0,167.85,-26.23,5.0,4.0,Late delivery,0,1.0,1,7,5.129010746831577,0,0,0,1
2521,2016-08-04,2016-08-09,US Center,35511,1.0,191.39,-16.22,5.0,4.0,Late delivery,0,1.0,1,8,5.259524561828881,0,0,0,1
2522,2015-01-17,2015-01-18,US Center,21061,5.0,145.37,74.44,1.0,1.0,Shipping on time,1,0.0,0,1,4.986137662495856,1,0,0,0
2523,2016-01-06,2016-01-09,Oceania,87328,5.0,49.83,5.61,3.0,2.0,Late delivery,0,1.0,1,1,3.928486731458811,0,0,1,0
2524,2016-06-16,2016-06-16,Oceania,93552,3.0,106.17,-19.98,0.0,0.0,Shipping on time,0,0.0,0,6,4.674416358724906,0,1,0,0
2526,2015-05-04,2015-05-07,South Asia,12487,1.0,175.4,10.95,3.0,4.0,Shipping on time,0,-1.0,0,5,5.172754143572691,0,0,0,1
2527,2016-07-11,2016-07-15,Central America,84212,3.0,152.69,39.17,4.0,2.0,Late delivery,0,2.0,1,7,5.034937586619221,0,0,1,0
2529,2017-05-05,2017-05-12,Central America,88542,1.0,172.67,6.55,7.0,4.0,Late delivery,0,3.0,1,5,5.157156946759023,0,0,0,1
2530,2017-03-03,2017-03-07,Eastern Asia,29914,1.0,36.216,11.77,4.0,4.0,Shipping on time,0,0.0,0,3,3.6167387763362537,0,0,0,1
2531,2016-11-25,2016-11-28,Central America,44262,1.0,849.8,174.0700000000001,3.0,2.0,Late delivery,0,1.0,1,11,6.746177083326082,0,0,1,0
2532,2017-08-19,2017-08-23,Central America,28004,5.0,234.36,44.7,4.0,2.0,Late delivery,0,2.0,1,8,5.461116256853128,0,0,1,0
2533,2016-11-09,2016-11-15,Oceania,24066,3.0,242.99,10.12,6.0,4.0,Late delivery,0,2.0,1,11,5.497127240846794,0,0,0,1
2534,2017-03-08,2017-03-13,Eastern Asia,83477,1.0,100.53,-4.99,5.0,4.0,Late delivery,0,1.0,1,3,4.6203543213131315,0,0,0,1
2535,2016-11-02,2016-11-02,Eastern Asia,73864,2.0,185.81,-26.82,0.0,0.0,Shipping on time,0,0.0,0,11,5.23009205755247,0,1,0,0
2537,2017-02-14,2017-02-15,Eastern Asia,64546,5.0,415.2,7.59,1.0,2.0,Shipping on time,0,-1.0,0,2,6.031165913959534,0,0,1,0
2538,2017-04-29,2017-05-02,Oceania,21422,1.0,153.06,9.66,3.0,4.0,Shipping on time,0,-1.0,0,4,5.03734213692482,0,0,0,1
2539,2017-03-24,2017-03-31,US Center,84604,5.0,72.06,21.93,7.0,4.0,Late delivery,0,3.0,1,3,4.291281021367136,0,0,0,1
2540,2016-02-28,2016-03-04,West Europe,60661,3.0,160.94,9.38,5.0,4.0,Late delivery,0,1.0,1,2,5.087225896257968,0,0,0,1
2541,2016-11-14,2016-11-18,West Europe,89916,4.0,123.51,23.16,4.0,4.0,Shipping on time,0,0.0,0,11,4.824386033964322,0,0,0,1
2542,2017-01-09,2017-01-16,Central America,27347,1.0,239.06,-23.96,7.0,4.0,Late delivery,0,3.0,1,1,5.480888892097199,0,0,0,1
2543,2015-11-17,2015-11-22,South Asia,91266,4.0,70.51,1.46,5.0,4.0,Late delivery,0,1.0,1,11,4.2698373000603045,0,0,0,1
2544,2017-03-04,2017-03-10,US Center,79205,5.0,131.75,47.31,6.0,4.0,Late delivery,0,2.0,1,3,4.888467660122048,0,0,0,1
2545,2015-09-21,2015-09-28,Eastern Asia,80759,4.0,171.34,-16.29,7.0,4.0,Late delivery,0,3.0,1,9,5.149469269811621,0,0,0,1
2546,2017-04-30,2017-05-04,US Center,25240,4.0,112.32,-15.03,4.0,4.0,Shipping on time,0,0.0,0,4,4.730215674962316,0,0,0,1
2547,2015-07-15,2015-07-15,Oceania,83555,1.0,268.8,-41.75,0.0,1.0,Shipping on time,0,-1.0,0,7,5.597680943773655,1,0,0,0
2548,2015-12-31,2016-01-03,US Center,51372,5.0,76.55,-15.13,3.0,4.0,Shipping on time,0,-1.0,0,12,4.350922889622548,0,0,0,1
2549,2017-05-05,2017-05-11,Eastern Asia,66757,4.0,72.33,-8.07,6.0,4.0,Late delivery,0,2.0,1,5,4.294969802105708,0,0,0,1
2550,2015-06-11,2015-06-14,Eastern Asia,90910,2.0,120.1,-17.73,3.0,1.0,Late delivery,0,2.0,1,6,4.796616650559047,1,0,0,0
2551,2016-04-30,2016-05-04,Eastern Asia,35215,2.0,236.39,-23.32,4.0,4.0,Shipping on time,0,0.0,0,4,5.469704358289212,0,0,0,1
2552,2017-06-26,2017-07-02,US Center,43255,2.0,123.43,5.62,6.0,4.0,Late delivery,0,2.0,1,6,4.82374330878754,0,0,0,1
2553,2015-01-01,2015-01-07,US Center,49661,1.0,104.59,23.14,6.0,4.0,Late delivery,0,2.0,1,1,4.659563669818423,0,0,0,1
2554,2016-08-28,2016-09-04,West Europe,22723,3.0,233.15,67.65,7.0,4.0,Late delivery,0,3.0,1,8,5.455961935629551,0,0,0,1
2555,2016-08-22,2016-08-29,South Asia,30210,2.0,167.05,24.01,7.0,4.0,Late delivery,0,3.0,1,8,5.124261554171115,0,0,0,1
2556,2015-10-12,2015-10-13,Eastern Asia,73138,1.0,108.58,-15.08,1.0,1.0,Shipping on time,0,0.0,0,10,4.696654876110269,1,0,0,0
2557,2017-05-13,2017-05-17,Eastern Asia,17849,1.0,157.69,46.24,4.0,1.0,Late delivery,0,3.0,1,5,5.066952613574751,1,0,0,0
2558,2016-10-13,2016-10-19,West Europe,64459,4.0,128.07,25.34,6.0,4.0,Late delivery,0,2.0,1,10,4.860354892847096,0,0,0,1
2559,2017-07-07,2017-07-13,US Center,90307,4.0,208.39,62.03,6.0,4.0,Late delivery,0,2.0,1,7,5.344198541804225,0,0,0,1
2560,2016-02-09,2016-02-13,Central America,50399,3.0,159.47,40.44,4.0,1.0,Late delivery,0,3.0,1,2,5.078107009211268,1,0,0,0
2561,2017-07-27,2017-08-01,West Europe,99044,1.0,92.87,-7.29,5.0,4.0,Late delivery,0,1.0,1,7,4.541910846348901,0,0,0,1
2562,2016-02-28,2016-02-29,Eastern Asia,25158,4.0,111.65,42.4,1.0,2.0,Shipping on time,0,-1.0,0,2,4.724285666878253,0,0,1,0
2563,2017-05-18,2017-05-20,US Center,91174,5.0,115.77,31.22,2.0,1.0,Late delivery,0,1.0,1,5,4.760206188087624,1,0,0,0
2564,2017-02-24,2017-03-01,Central America,69693,2.0,181.75,-0.83,5.0,2.0,Late delivery,0,3.0,1,2,5.208119098629888,0,0,1,0
2565,2015-06-26,2015-06-26,South Asia,21933,1.0,145.37,47.89,0.0,1.0,Shipping on time,1,-1.0,0,6,4.986137662495856,1,0,0,0
2566,2017-05-31,2017-06-04,Oceania,93430,1.0,91.13,4.86,4.0,4.0,Shipping on time,0,0.0,0,5,4.52320062312084,0,0,0,1
2567,2016-05-30,2016-05-30,Central America,10233,4.0,131.72,-18.12,0.0,1.0,Shipping on time,0,-1.0,0,5,4.888241645882189,1,0,0,0
2568,2015-07-03,2015-07-10,Oceania,97659,4.0,175.35,31.33,7.0,4.0,Late delivery,0,3.0,1,7,5.172470656682061,0,0,0,1
2569,2016-12-09,2016-12-15,US Center,23634,3.0,275.92,109.29,6.0,4.0,Late delivery,0,2.0,1,12,5.623728655809825,0,0,0,1
2570,2015-10-14,2015-10-19,Central America,27309,5.0,169.57,33.71,5.0,4.0,Late delivery,0,1.0,1,10,5.139145769652782,0,0,0,1
2571,2016-10-05,2016-10-08,US Center,18461,2.0,450.34,157.91,3.0,4.0,Shipping on time,0,-1.0,0,10,6.112220935743764,0,0,0,1
2572,2015-02-24,2015-03-01,Central America,82108,3.0,149.02,-12.1,5.0,2.0,Late delivery,0,3.0,1,2,5.010768618541491,0,0,1,0
2573,2015-12-25,2015-12-29,Central America,84325,2.0,224.0,22.88,4.0,1.0,Late delivery,0,3.0,1,12,5.41610040220442,1,0,0,0
2574,2015-12-07,2015-12-11,Central America,93413,3.0,149.29,-2.32,4.0,4.0,Late delivery,1,0.0,0,12,5.012566760946003,0,0,0,1
2575,2015-02-07,2015-02-10,South Asia,61013,4.0,82.94,30.33,3.0,4.0,Shipping on time,0,-1.0,0,2,4.430102257905445,0,0,0,1
2576,2017-08-22,2017-08-29,West Europe,48032,2.0,156.09,-17.16,7.0,4.0,Late delivery,0,3.0,1,8,5.056818889511848,0,0,0,1
2577,2017-06-12,2017-06-18,Central America,30819,2.0,193.78,-35.7,6.0,4.0,Late delivery,0,2.0,1,6,5.271870716533053,0,0,0,1
2578,2016-04-12,2016-04-12,Central America,33233,2.0,176.84,21.35,0.0,0.0,Shipping on time,0,0.0,0,4,5.180884269655941,0,1,0,0
2579,2017-02-17,2017-02-19,South Asia,19058,2.0,159.61,7.93,2.0,1.0,Late delivery,0,1.0,1,2,5.0789790660748055,1,0,0,0
2580,2015-05-05,2015-05-07,Oceania,96157,4.0,121.31,-8.71,2.0,0.0,Late delivery,0,2.0,1,5,4.806558805499272,0,1,0,0
2581,2017-05-16,2017-05-20,Central America,20836,1.0,91.68,32.51,4.0,2.0,Late delivery,0,2.0,1,5,4.529152699564175,0,0,1,0
2582,2015-03-01,2015-03-02,West Europe,41944,3.0,123.52,-3.15,1.0,2.0,Shipping on time,0,-1.0,0,3,4.824466345573407,0,0,1,0
2583,2016-01-21,2016-01-27,Central America,61227,1.0,192.12,-11.12,6.0,4.0,Late delivery,0,2.0,1,1,5.263311757349221,0,0,0,1
2584,2016-07-07,2016-07-11,Eastern Asia,31740,5.0,254.15,52.41,4.0,4.0,Shipping on time,0,0.0,0,7,5.54185160750998,0,0,0,1
2585,2015-09-06,2015-09-10,Eastern Asia,88931,4.0,36.216,8.5,4.0,4.0,Shipping on time,0,0.0,0,9,3.6167387763362537,0,0,0,1
2586,2016-06-10,2016-06-14,West Europe,32929,4.0,208.35,10.71,4.0,1.0,Late delivery,0,3.0,1,6,5.344007492465153,1,0,0,0
2587,2017-04-24,2017-05-01,West Europe,42081,2.0,273.41,69.91,7.0,4.0,Late delivery,0,3.0,1,4,5.614623338336383,0,0,0,1
2588,2017-08-16,2017-08-22,Eastern Asia,50515,1.0,303.34,-50.4,6.0,4.0,Late delivery,0,2.0,1,8,5.718145497491968,0,0,0,1
2589,2016-10-16,2016-10-22,US Center,53869,5.0,182.86,56.02,6.0,4.0,Late delivery,0,2.0,1,10,5.2141745984356085,0,0,0,1
2590,2015-08-31,2015-09-04,US Center,72811,2.0,215.7,26.58,4.0,4.0,Shipping on time,0,0.0,0,8,5.378513908542313,0,0,0,1
2591,2016-10-29,2016-11-01,South Asia,10487,3.0,113.69,21.5,3.0,2.0,Late delivery,0,1.0,1,10,4.742232836376431,0,0,1,0
2592,2016-02-03,2016-02-06,Central America,50312,4.0,139.54,11.22,3.0,4.0,Shipping on time,0,-1.0,0,2,4.945492145764051,0,0,0,1
2593,2015-02-04,2015-02-09,South Asia,94700,1.0,198.64,-37.67,5.0,4.0,Late delivery,0,1.0,1,2,5.296515744601408,0,0,0,1
2594,2017-08-26,2017-08-29,South Asia,48673,2.0,78.18,2.52,3.0,1.0,Late delivery,0,2.0,1,8,4.371723741677985,1,0,0,0
2595,2015-04-18,2015-04-19,South Asia,26959,1.0,93.17,-9.56,1.0,1.0,Shipping on time,0,0.0,0,4,4.545101659521972,1,0,0,0
2596,2017-01-22,2017-01-26,Oceania,28180,4.0,164.38,-15.1,4.0,2.0,Late delivery,0,2.0,1,1,5.108245856294021,0,0,1,0
2597,2017-02-08,2017-02-15,South Asia,35923,5.0,68.18,20.4,7.0,4.0,Late delivery,0,3.0,1,2,4.2367118035090225,0,0,0,1
2598,2015-12-13,2015-12-17,Eastern Asia,43751,4.0,151.28,1.31,4.0,4.0,Shipping on time,0,0.0,0,12,5.0257209315142966,0,0,0,1
2599,2017-06-02,2017-06-03,Eastern Asia,38824,4.0,62.54,18.46,1.0,1.0,Shipping on time,0,0.0,0,6,4.15166962884137,1,0,0,0
2600,2015-09-08,2015-09-11,Eastern Asia,97268,4.0,164.17,42.51,3.0,2.0,Late delivery,0,1.0,1,9,5.106975246532999,0,0,1,0
2601,2015-12-20,2015-12-24,South Asia,35051,4.0,149.14,32.45,4.0,4.0,Shipping on time,0,0.0,0,12,5.011568192144856,0,0,0,1
2602,2016-12-18,2016-12-23,Central America,30631,4.0,106.22,9.23,5.0,4.0,Late delivery,0,1.0,1,12,4.674882798399391,0,0,0,1
2603,2017-05-22,2017-05-27,US Center,73848,1.0,85.39,-13.6,5.0,4.0,Late delivery,0,1.0,1,5,4.458871928370793,0,0,0,1
2604,2015-05-23,2015-05-28,Central America,19055,3.0,109.65,31.85,5.0,4.0,Late delivery,0,1.0,1,5,4.7063720664970585,0,0,0,1
2605,2015-06-29,2015-07-06,South Asia,91477,4.0,40.49,-7.41,7.0,4.0,Late delivery,0,3.0,1,6,3.725452434344777,0,0,0,1
2606,2015-07-13,2015-07-20,South Asia,23024,3.0,116.81,3.48,7.0,4.0,Late delivery,0,3.0,1,7,4.769073157258028,0,0,0,1
2608,2015-09-19,2015-09-24,West Europe,63144,2.0,293.41,74.12,5.0,4.0,Late delivery,0,1.0,1,9,5.684973353669147,0,0,0,1
2609,2015-12-16,2015-12-21,Eastern Asia,Unknown,1.0,109.53,16.34,5.0,4.0,Late delivery,0,1.0,1,12,4.705286977322864,0,0,0,1
2610,2016-09-22,2016-09-25,US Center,89652,1.0,132.7,23.63,3.0,4.0,Shipping on time,0,-1.0,0,9,4.895598484107897,0,0,0,1
2611,2016-06-17,2016-06-21,Eastern Asia,29420,1.0,326.27,117.61,4.0,4.0,Shipping on time,0,0.0,0,6,5.790785518277775,0,0,0,1
2612,2016-03-18,2016-03-22,Oceania,12988,5.0,398.35,104.94,4.0,4.0,Shipping on time,0,0.0,0,3,5.989838225363398,0,0,0,1
2613,2015-07-16,2015-07-20,Oceania,96821,3.0,110.87,13.92,4.0,2.0,Late delivery,0,2.0,1,7,4.717337482858839,0,0,1,0
2614,2016-07-14,2016-07-20,US Center,35248,4.0,268.06,6.17,6.0,4.0,Late delivery,0,2.0,1,7,5.594934403057397,0,0,0,1
2616,2016-06-22,2016-06-23,Eastern Asia,88929,3.0,197.44,59.02,1.0,2.0,Shipping on time,0,-1.0,0,6,5.290486787432848,0,0,1,0
2617,2016-04-06,2016-04-13,Eastern Asia,97087,2.0,83.21,22.99,7.0,4.0,Late delivery,0,3.0,1,4,4.433313679041901,0,0,0,1
2618,2017-09-21,2017-09-26,Central America,19840,4.0,85.38,16.06,5.0,4.0,Late delivery,0,1.0,1,9,4.458756167532555,0,0,0,1
2619,2016-08-02,2016-08-07,Oceania,62405,1.0,204.53,68.76,5.0,2.0,Late delivery,0,3.0,1,8,5.325592008682918,0,0,1,0
2620,2017-04-27,2017-04-29,South Asia,63099,1.0,561.53,-61.534,2.0,2.0,Shipping on time,0,0.0,0,4,6.332444465989737,0,0,1,0
2621,2015-07-24,2015-07-27,Oceania,17087,5.0,132.38,-18.3,3.0,1.0,Late delivery,0,2.0,1,7,4.89320219720416,1,0,0,0
2622,2016-10-09,2016-10-12,Central America,53723,3.0,361.7,57.98,3.0,1.0,Late delivery,0,2.0,1,10,5.893576046288857,1,0,0,0
2623,2016-08-28,2016-09-02,Central America,59648,5.0,436.55,174.0700000000001,5.0,2.0,Late delivery,0,3.0,1,8,6.08119098498184,0,0,1,0
2624,2017-06-15,2017-06-20,Eastern Asia,30977,5.0,71.53,25.75,5.0,2.0,Late delivery,0,3.0,1,6,4.284000269375321,0,0,1,0
2625,2015-07-31,2015-08-06,West Europe,84708,1.0,103.96,19.22,6.0,4.0,Late delivery,0,2.0,1,7,4.653579325195778,0,0,0,1
2626,2015-01-03,2015-01-04,Oceania,75365,3.0,349.94,-47.31,1.0,2.0,Shipping on time,0,-1.0,0,1,5.86061526868299,0,0,1,0
2627,2017-09-03,2017-09-10,South Asia,50659,3.0,257.32,33.49,7.0,4.0,Late delivery,0,3.0,1,9,5.55419912645002,0,0,0,1
2628,2017-07-18,2017-07-22,Central America,25793,5.0,201.26,34.24,4.0,4.0,Shipping on time,0,0.0,0,7,5.3095539984740245,0,0,0,1
2629,2015-08-30,2015-09-05,Central America,40446,1.0,145.78,39.1,6.0,4.0,Late delivery,0,2.0,1,8,4.9889348671169165,0,0,0,1
2630,2016-07-25,2016-07-30,West Europe,20563,1.0,210.88,82.2,5.0,4.0,Late delivery,0,1.0,1,7,5.356020076676326,0,0,0,1
2631,2015-04-20,2015-04-24,US Center,49530,1.0,149.29,27.11,4.0,4.0,Shipping on time,1,0.0,0,4,5.012566760946003,0,0,0,1
2632,2015-10-20,2015-10-25,US Center,15631,5.0,619.92,67.35,5.0,2.0,Late delivery,0,3.0,1,10,6.431202249158242,0,0,1,0
2633,2015-09-29,2015-10-03,Eastern Asia,38416,4.0,75.58,19.0,3.0,2.0,Late delivery,0,1.0,1,9,4.338335946049148,0,0,1,0
2634,2016-10-27,2016-10-29,South Asia,93919,2.0,151.34,0.65,2.0,2.0,Shipping on time,1,0.0,0,10,5.026114864944642,0,0,1,0
2635,2016-07-22,2016-07-28,Oceania,96924,4.0,159.88,12.68,6.0,4.0,Late delivery,0,2.0,1,7,5.0806587454643966,0,0,0,1
2636,2015-04-24,2015-04-29,Central America,27719,4.0,337.06,40.43,5.0,2.0,Late delivery,0,3.0,1,4,5.8232233945220315,0,0,1,0
2637,2016-03-22,2016-03-24,Eastern Asia,28776,2.0,110.55,2.38,2.0,1.0,Late delivery,0,1.0,1,3,4.714472920878541,1,0,0,0
2638,2017-04-11,2017-04-15,Central America,22974,5.0,142.28,55.29,4.0,4.0,Shipping on time,0,0.0,0,4,4.964800757752457,0,0,0,1
2639,2016-10-21,2016-10-24,US Center,39016,1.0,81.5,-2.25,3.0,4.0,Shipping on time,0,-1.0,0,10,4.412798293340635,0,0,0,1
2640,2015-06-05,2015-06-09,US Center,42349,3.0,140.62,26.32,4.0,4.0,Shipping on time,0,0.0,0,6,4.953147414223628,0,0,0,1
2641,2015-04-20,2015-04-24,West Europe,44668,3.0,81.71,-4.96,4.0,4.0,Shipping on time,0,0.0,0,4,4.415340513703815,0,0,0,1
2642,2016-12-23,2016-12-30,Central America,26610,2.0,82.37,32.83,7.0,4.0,Late delivery,0,3.0,1,12,4.423288532422522,0,0,0,1
2643,2016-02-17,2016-02-23,South Asia,70698,1.0,62.82,0.56,6.0,4.0,Late delivery,0,2.0,1,2,4.156066620850098,0,0,0,1
2644,2015-04-12,2015-04-17,South Asia,Unknown,5.0,107.01,17.47,5.0,4.0,Late delivery,0,1.0,1,4,4.682223815430383,0,0,0,1
2645,2016-07-10,2016-07-12,Eastern Asia,71402,4.0,428.96,154.09,2.0,2.0,Shipping on time,0,0.0,0,7,6.063692181104862,0,0,1,0
2646,2015-04-02,2015-04-08,Central America,16147,2.0,141.88,29.86,6.0,4.0,Late delivery,0,2.0,1,4,4.9620051171281885,0,0,0,1
2647,2017-09-01,2017-09-02,US Center,66519,5.0,163.97,24.45,1.0,2.0,Shipping on time,0,-1.0,0,9,5.105763639187833,0,0,1,0
2648,2016-06-03,2016-06-09,Eastern Asia,29099,4.0,531.69,-61.534,6.0,4.0,Late delivery,0,2.0,1,6,6.277939641454655,0,0,0,1
2649,2017-06-05,2017-06-10,South Asia,45254,5.0,101.84,5.43,5.0,2.0,Late delivery,0,3.0,1,6,4.633174382397689,0,0,1,0
2650,2015-11-14,2015-11-17,US Center,71932,3.0,82.57,5.5,3.0,2.0,Late delivery,0,1.0,1,11,4.425684604013345,0,0,1,0
2651,2016-07-25,2016-07-30,Central America,51768,1.0,198.22,43.01,5.0,2.0,Late delivery,0,3.0,1,7,5.294409741717019,0,0,1,0
2652,2015-11-18,2015-11-24,Eastern Asia,60706,3.0,72.16,6.56,6.0,4.0,Late delivery,0,2.0,1,11,4.292648823522665,0,0,0,1
2653,2015-10-28,2015-11-01,West Europe,14799,5.0,177.74,-6.57,4.0,1.0,Late delivery,0,3.0,1,10,5.185932235953246,1,0,0,0
2654,2017-09-19,2017-09-23,Oceania,89168,4.0,285.66,33.76,4.0,4.0,Shipping on time,0,0.0,0,9,5.658296844495069,0,0,0,1
2655,2015-04-25,2015-05-02,Eastern Asia,53308,5.0,78.72,2.13,7.0,4.0,Late delivery,0,3.0,1,4,4.378520495344594,0,0,0,1
2656,2015-12-27,2016-01-01,Central America,18668,5.0,108.65,31.57,5.0,4.0,Late delivery,0,1.0,1,12,4.697293474863897,0,0,0,1
2657,2016-09-24,2016-09-30,West Europe,72041,2.0,390.49,31.41,6.0,4.0,Late delivery,0,2.0,1,9,5.9699599723204715,0,0,0,1
2658,2017-01-14,2017-01-18,West Europe,66927,5.0,79.65,5.83,4.0,4.0,Shipping on time,0,0.0,0,1,4.390118804571218,0,0,0,1
2659,2016-07-17,2016-07-22,US Center,69365,5.0,99.06,22.48,5.0,4.0,Late delivery,0,1.0,1,7,4.605770006060059,0,0,0,1
2660,2015-09-13,2015-09-16,South Asia,52848,4.0,168.27,20.53,3.0,4.0,Shipping on time,0,-1.0,0,9,5.131495073201006,0,0,0,1
2661,2016-04-19,2016-04-25,Eastern Asia,85544,4.0,122.26,7.43,6.0,4.0,Late delivery,0,2.0,1,4,4.814295945534097,0,0,0,1
2662,2016-07-29,2016-08-03,Eastern Asia,37003,5.0,89.74,-13.52,5.0,2.0,Late delivery,0,3.0,1,7,4.507998274235818,0,0,1,0
2663,2016-12-21,2016-12-27,Central America,76846,3.0,369.05,28.16,6.0,4.0,Late delivery,0,2.0,1,12,5.913638131643475,0,0,0,1
2664,2017-05-06,2017-05-10,Oceania,45873,1.0,104.9,33.44,4.0,4.0,Shipping on time,0,0.0,0,5,4.662495252607361,0,0,0,1
2665,2016-04-10,2016-04-14,Central America,38873,4.0,177.6,67.93,4.0,4.0,Shipping on time,0,0.0,0,4,5.185148668442399,0,0,0,1
2666,2015-12-07,2015-12-14,Central America,86619,2.0,115.73,36.11,7.0,4.0,Late delivery,0,3.0,1,12,4.759863575664572,0,0,0,1
2667,2017-02-18,2017-02-22,US Center,56700,3.0,128.48,-17.44,4.0,4.0,Shipping on time,0,0.0,0,2,4.8635264290580436,0,0,0,1
2668,2015-05-14,2015-05-16,Eastern Asia,98716,3.0,66.42,21.93,2.0,0.0,Late delivery,0,2.0,1,5,4.2109417098059145,0,1,0,0
2669,2015-10-16,2015-10-22,Eastern Asia,55290,3.0,250.35,24.49,6.0,4.0,Late delivery,0,2.0,1,10,5.5268463901385845,0,0,0,1
2670,2017-07-16,2017-07-22,West Europe,63803,3.0,114.47,24.81,6.0,4.0,Late delivery,0,2.0,1,7,4.749010755963765,0,0,0,1
2671,2015-11-24,2015-11-30,Eastern Asia,64460,3.0,306.18,53.57,6.0,4.0,Late delivery,0,2.0,1,11,5.727433894987482,0,0,0,1
2672,2016-05-20,2016-05-27,US Center,66920,5.0,74.92,7.32,7.0,4.0,Late delivery,0,3.0,1,5,4.3296801543016725,0,0,0,1
2673,2017-07-01,2017-07-05,Central America,92743,4.0,110.95,-8.11,4.0,1.0,Late delivery,0,3.0,1,7,4.718052343044764,1,0,0,0
2674,2016-06-28,2016-06-29,Central America,16870,5.0,193.32,3.08,1.0,1.0,Shipping on time,0,0.0,0,6,5.269506284693917,1,0,0,0
2675,2016-08-02,2016-08-07,Oceania,17165,1.0,156.3,1.79,5.0,4.0,Late delivery,0,1.0,1,8,5.058154810064233,0,0,0,1
2676,2016-02-02,2016-02-06,South Asia,12858,3.0,100.42,26.24,4.0,4.0,Shipping on time,0,0.0,0,2,4.619270310366873,0,0,0,1
2677,2017-08-12,2017-08-17,Oceania,15818,3.0,135.59,-14.88,5.0,4.0,Late delivery,0,1.0,1,8,4.9169837380148005,0,0,0,1
2678,2017-09-26,2017-10-03,Eastern Asia,60456,5.0,69.37,-11.07,7.0,4.0,Late delivery,0,3.0,1,9,4.253767035978457,0,0,0,1
2679,2015-03-03,2015-03-04,West Europe,52904,2.0,151.4,46.96,1.0,2.0,Shipping on time,0,-1.0,0,3,5.026508643252546,0,0,1,0
2680,2017-09-09,2017-09-10,Oceania,16428,2.0,36.216,6.25,1.0,2.0,Shipping on time,0,-1.0,0,9,3.6167387763362537,0,0,1,0
2681,2017-07-13,2017-07-14,Oceania,43147,5.0,162.06,22.34,1.0,2.0,Shipping on time,0,-1.0,0,7,5.094118231234765,0,0,1,0
2682,2017-02-04,2017-02-06,South Asia,98040,4.0,320.92,-35.63,2.0,2.0,Shipping on time,0,0.0,0,2,5.77430306747132,0,0,1,0
2683,2015-02-27,2015-03-02,US Center,27742,1.0,245.69,-30.5,3.0,4.0,Shipping on time,0,-1.0,0,2,5.508132487650914,0,0,0,1
2684,2016-01-30,2016-02-05,Central America,20550,1.0,239.77,48.06,6.0,4.0,Late delivery,0,2.0,1,1,5.483842120955737,0,0,0,1
2685,2017-01-17,2017-01-22,Eastern Asia,74138,5.0,115.1,-12.45,5.0,4.0,Late delivery,0,1.0,1,1,4.754451888703846,0,0,0,1
2686,2016-10-22,2016-10-27,Eastern Asia,20810,5.0,932.5600000000057,174.0700000000001,5.0,2.0,Late delivery,0,3.0,1,10,6.839005235153027,0,0,1,0
2688,2015-11-28,2015-12-02,Eastern Asia,62735,3.0,139.19,24.23,4.0,4.0,Shipping on time,0,0.0,0,11,4.942998645380444,0,0,0,1
2689,2015-05-02,2015-05-02,Eastern Asia,51404,1.0,138.42,-8.0,0.0,1.0,Shipping on time,0,-1.0,0,5,4.937490960058253,1,0,0,0
2690,2016-09-06,2016-09-13,Oceania,53296,5.0,36.216,-0.26,7.0,4.0,Late delivery,0,3.0,1,9,3.6167387763362537,0,0,0,1
2691,2015-10-30,2015-11-02,US Center,36631,1.0,250.13,-1.19,3.0,4.0,Shipping on time,0,-1.0,0,10,5.525970733340075,0,0,0,1
2692,2017-05-13,2017-05-16,Eastern Asia,69164,2.0,190.76,-35.33,3.0,4.0,Shipping on time,0,-1.0,0,5,5.256244590126129,0,0,0,1
2693,2016-04-24,2016-04-26,Oceania,75848,1.0,238.53,12.28,2.0,0.0,Late delivery,0,2.0,1,4,5.478678669966805,0,1,0,0
2694,2015-02-05,2015-02-11,Oceania,72508,2.0,84.71,27.05,6.0,4.0,Late delivery,0,2.0,1,2,4.450969504910791,0,0,0,1
2695,2016-07-12,2016-07-16,West Europe,88456,3.0,218.9,21.76,4.0,4.0,Shipping on time,0,0.0,0,7,5.393172897560715,0,0,0,1
2696,2017-03-24,2017-03-29,West Europe,40517,2.0,193.68,-16.48,5.0,4.0,Late delivery,0,1.0,1,3,5.271357184965254,0,0,0,1
2697,2016-05-02,2016-05-03,Eastern Asia,12936,4.0,807.8,89.8,1.0,2.0,Shipping on time,0,-1.0,0,5,6.695551667706262,0,0,1,0
2698,2016-09-05,2016-09-09,US Center,29356,2.0,52.98,19.12,4.0,4.0,Shipping on time,0,0.0,0,9,3.9886136075898584,0,0,0,1
2699,2015-01-28,2015-02-01,South Asia,61441,1.0,151.16,11.96,4.0,1.0,Late delivery,0,3.0,1,1,5.02493259879708,1,0,0,0
2700,2015-01-14,2015-01-20,Oceania,55070,1.0,99.95,8.97,6.0,4.0,Late delivery,0,2.0,1,1,4.614625344758847,0,0,0,1
2701,2017-09-21,2017-09-22,Oceania,30593,2.0,145.26,38.15,1.0,2.0,Shipping on time,0,-1.0,0,9,4.985385859842805,0,0,1,0
2702,2015-01-28,2015-02-04,Eastern Asia,24719,4.0,149.29,-16.17,7.0,4.0,Late delivery,1,3.0,1,1,5.012566760946003,0,0,0,1
2704,2015-12-23,2015-12-27,South Asia,55507,3.0,48.96,1.81,4.0,4.0,Shipping on time,0,0.0,0,12,3.911222685257377,0,0,0,1
2705,2016-12-23,2016-12-27,South Asia,54175,2.0,66.75,-1.0,4.0,2.0,Late delivery,0,2.0,1,12,4.21582445975981,0,0,1,0
2706,2017-06-14,2017-06-15,West Europe,82322,3.0,83.44,10.72,1.0,1.0,Shipping on time,0,0.0,0,6,4.43604122298012,1,0,0,0
2707,2017-07-17,2017-07-23,US Center,96591,2.0,66.65,17.86,6.0,4.0,Late delivery,0,2.0,1,7,4.214347354616797,0,0,0,1
2708,2016-08-14,2016-08-17,Oceania,19460,2.0,105.01,4.77,3.0,4.0,Shipping on time,0,-1.0,0,8,4.663533429285006,0,0,0,1
2709,2017-09-01,2017-09-08,Eastern Asia,86785,1.0,144.08,39.05,7.0,4.0,Late delivery,0,3.0,1,9,4.977285314414702,0,0,0,1
2710,2017-06-20,2017-06-26,Oceania,64795,3.0,67.61,4.42,6.0,4.0,Late delivery,0,2.0,1,6,4.2284382967028,0,0,0,1
2711,2015-07-03,2015-07-08,Central America,94866,5.0,181.08,60.93,5.0,4.0,Late delivery,0,1.0,1,7,5.204446150937966,0,0,0,1
2712,2016-06-16,2016-06-21,Central America,12878,3.0,313.16,-1.34,5.0,2.0,Late delivery,0,3.0,1,6,5.749902410269755,0,0,1,0
2713,2017-06-11,2017-06-14,US Center,62867,4.0,276.1,18.28,3.0,4.0,Shipping on time,0,-1.0,0,6,5.624378451868933,0,0,0,1
2714,2015-04-25,2015-04-28,US Center,79738,1.0,467.69,98.84,3.0,4.0,Shipping on time,0,-1.0,0,4,6.149941569091921,0,0,0,1
2715,2016-05-27,2016-05-30,Central America,92549,5.0,282.72,-55.0,3.0,4.0,Shipping on time,0,-1.0,0,5,5.647987836333886,0,0,0,1
2716,2017-06-11,2017-06-16,South Asia,72953,2.0,144.23,47.83,5.0,4.0,Late delivery,0,1.0,1,6,4.9783186926197125,0,0,0,1
2717,2016-10-17,2016-10-23,Central America,22551,4.0,410.91,27.06,6.0,4.0,Late delivery,0,2.0,1,10,6.02080487888465,0,0,0,1
2718,2016-02-16,2016-02-20,Eastern Asia,82983,1.0,220.86,5.06,4.0,4.0,Shipping on time,0,0.0,0,2,5.402046552310513,0,0,0,1
2719,2015-09-03,2015-09-08,US Center,41002,1.0,434.16,-56.46,5.0,4.0,Late delivery,0,1.0,1,9,6.075713779552882,0,0,0,1
2720,2016-07-27,2016-08-03,West Europe,80320,2.0,131.5,-18.58,7.0,4.0,Late delivery,0,3.0,1,7,4.886582645426277,0,0,0,1
2721,2015-05-25,2015-05-29,West Europe,66430,1.0,43.64,3.64,4.0,4.0,Shipping on time,0,0.0,0,5,3.7986303180730556,0,0,0,1
2722,2017-03-16,2017-03-17,West Europe,72031,3.0,74.93,21.8,1.0,2.0,Shipping on time,0,-1.0,0,3,4.329811863225142,0,0,1,0
2723,2016-08-02,2016-08-05,Oceania,55937,4.0,163.16,26.57,3.0,4.0,Shipping on time,0,-1.0,0,8,5.100841561982405,0,0,0,1
2724,2017-02-09,2017-02-16,South Asia,66335,5.0,202.07,70.08,7.0,4.0,Late delivery,0,3.0,1,2,5.313550747188626,0,0,0,1
2725,2017-06-22,2017-06-26,Eastern Asia,42134,2.0,130.71,51.01,4.0,4.0,Shipping on time,0,0.0,0,6,4.880602536010955,0,0,0,1
2726,2017-05-25,2017-06-01,Central America,40293,2.0,149.29,28.57,7.0,4.0,Late delivery,1,3.0,1,5,5.012566760946003,0,0,0,1
2727,2016-02-23,2016-02-27,Central America,63650,1.0,75.79,-6.35,4.0,4.0,Shipping on time,0,0.0,0,2,4.3410744233424525,0,0,0,1
2728,2016-11-21,2016-11-27,Central America,24356,5.0,98.12,35.87,5.0,4.0,Late delivery,0,1.0,1,11,4.596331237320887,0,0,0,1
2729,2017-08-11,2017-08-15,South Asia,94068,1.0,260.8,-17.55,4.0,4.0,Shipping on time,0,0.0,0,8,5.5675808534758,0,0,0,1
2730,2016-08-23,2016-08-26,West Europe,93724,4.0,151.34,20.79,3.0,2.0,Late delivery,1,1.0,1,8,5.026114864944642,0,0,1,0
2731,2016-12-06,2016-12-06,US Center,52801,2.0,155.91,-12.25,0.0,0.0,Shipping on time,0,0.0,0,12,5.055672392570977,0,1,0,0
2732,2016-01-28,2016-01-29,US Center,94151,5.0,332.74,109.6,1.0,1.0,Shipping on time,0,0.0,0,1,5.810362246718757,1,0,0,0
2733,2015-01-19,2015-01-25,South Asia,78274,1.0,277.91,72.35,6.0,4.0,Late delivery,0,2.0,1,1,5.630889149135876,0,0,0,1
2734,2015-04-22,2015-04-27,Central America,39835,5.0,93.26,10.69,5.0,4.0,Late delivery,0,1.0,1,4,4.546056921495585,0,0,0,1
2735,2017-07-22,2017-07-27,South Asia,19495,4.0,165.82,53.34,5.0,4.0,Late delivery,0,1.0,1,7,5.116915386813465,0,0,0,1
2737,2015-04-23,2015-04-26,South Asia,66356,1.0,146.69,26.07,3.0,0.0,Late delivery,0,3.0,1,4,4.9951154824382185,0,1,0,0
2738,2015-06-24,2015-06-29,Central America,63290,1.0,185.22,37.98,5.0,4.0,Late delivery,0,1.0,1,6,5.2269287704603835,0,0,0,1
2739,2015-08-10,2015-08-15,South Asia,54522,2.0,54.28,18.18,5.0,4.0,Late delivery,0,1.0,1,8,4.012411179459415,0,0,0,1
2740,2017-01-14,2017-01-17,South Asia,26812,4.0,364.31,14.38,3.0,2.0,Late delivery,0,1.0,1,1,5.900746308187026,0,0,1,0
2741,2016-07-16,2016-07-20,Eastern Asia,78266,3.0,469.26,103.17,4.0,4.0,Late delivery,0,0.0,0,7,6.15328573323946,0,0,0,1
2742,2016-02-14,2016-02-17,West Europe,23317,2.0,196.99,2.55,3.0,4.0,Shipping on time,0,-1.0,0,2,5.2882165243686075,0,0,0,1
2743,2017-07-28,2017-08-01,US Center,60298,1.0,252.44,50.49,4.0,1.0,Late delivery,0,3.0,1,7,5.535127108626061,1,0,0,0
2744,2016-08-03,2016-08-06,South Asia,45835,2.0,352.36,41.89,3.0,4.0,Shipping on time,0,-1.0,0,8,5.8674873672882715,0,0,0,1
2745,2015-05-15,2015-05-21,West Europe,97827,4.0,133.97,33.5,6.0,4.0,Late delivery,0,2.0,1,5,4.905052531521191,0,0,0,1
2746,2015-01-16,2015-01-23,Eastern Asia,46198,1.0,270.35,35.11,7.0,4.0,Late delivery,0,3.0,1,1,5.6034095005094136,0,0,0,1
2747,2015-10-25,2015-10-29,South Asia,68362,1.0,184.99,17.97,4.0,1.0,Late delivery,0,3.0,1,10,5.225692908827035,1,0,0,0
2748,2016-04-05,2016-04-09,South Asia,34773,1.0,61.21,-8.9,4.0,4.0,Shipping on time,0,0.0,0,4,4.130515758526928,0,0,0,1
2750,2017-07-13,2017-07-13,Central America,43774,4.0,106.88,33.7,0.0,1.0,Shipping on time,0,-1.0,0,7,4.681019498271529,1,0,0,0
2751,2015-03-29,2015-04-02,Oceania,26577,3.0,275.3,19.48,4.0,1.0,Late delivery,0,3.0,1,3,5.621487231929371,1,0,0,0
2752,2015-03-22,2015-03-26,South Asia,35279,2.0,157.06,60.53,4.0,1.0,Late delivery,0,3.0,1,3,5.06297470777683,1,0,0,0
2753,2016-03-06,2016-03-09,South Asia,91512,3.0,262.41,18.02,3.0,1.0,Late delivery,0,2.0,1,3,5.5737117536606595,1,0,0,0
2754,2017-06-18,2017-06-21,Central America,99507,4.0,112.98,-16.19,3.0,4.0,Shipping on time,0,-1.0,0,6,4.736022994406854,0,0,0,1
2755,2016-07-29,2016-08-02,South Asia,55096,2.0,70.95,17.49,4.0,4.0,Shipping on time,0,0.0,0,7,4.2759714333333765,0,0,0,1
2756,2016-05-16,2016-05-23,Eastern Asia,17796,2.0,489.25,-4.07,7.0,4.0,Late delivery,0,3.0,1,5,6.1949154650764555,0,0,0,1
2757,2016-05-26,2016-05-30,South Asia,35051,4.0,716.57,124.71,4.0,4.0,Shipping on time,0,0.0,0,5,6.5758705038506235,0,0,0,1
2758,2015-11-27,2015-11-30,US Center,78346,4.0,185.29,-32.68,3.0,0.0,Late delivery,0,3.0,1,11,5.227304599301617,0,1,0,0
2759,2015-02-17,2015-02-20,US Center,79161,4.0,132.43,44.62,3.0,4.0,Shipping on time,0,-1.0,0,2,4.893576995754329,0,0,0,1
2760,2016-02-22,2016-02-27,Oceania,25695,4.0,295.02,-26.32,5.0,4.0,Late delivery,0,1.0,1,2,5.690427019609043,0,0,0,1
2761,2016-03-04,2016-03-07,West Europe,47735,2.0,78.33,1.7,3.0,4.0,Shipping on time,0,-1.0,0,3,4.373616367313912,0,0,0,1
2762,2015-03-23,2015-03-27,Eastern Asia,51346,2.0,131.68,6.58,4.0,4.0,Shipping on time,0,0.0,0,3,4.887940214078852,0,0,0,1
2763,2016-03-19,2016-03-22,US Center,25063,5.0,64.85,7.7,3.0,4.0,Shipping on time,0,-1.0,0,3,4.18737942818929,0,0,0,1
2764,2017-01-03,2017-01-10,US Center,34217,5.0,196.35,70.94,7.0,4.0,Late delivery,0,3.0,1,1,5.284978802108856,0,0,0,1
2765,2017-07-24,2017-07-25,West Europe,70845,3.0,171.39,55.09,1.0,1.0,Shipping on time,0,0.0,0,7,5.149759351906887,1,0,0,0
2767,2015-11-24,2015-11-29,Central America,94770,1.0,102.01,2.52,5.0,4.0,Late delivery,0,1.0,1,11,4.634826070895602,0,0,0,1
2768,2015-07-25,2015-07-26,Eastern Asia,75445,3.0,61.79,15.05,1.0,1.0,Shipping on time,0,0.0,0,7,4.139795825126018,1,0,0,0
2769,2016-09-25,2016-09-27,South Asia,38167,2.0,92.16,-0.07,2.0,2.0,Shipping on time,0,0.0,0,9,4.53431844501614,0,0,1,0
2770,2015-04-04,2015-04-08,Oceania,48863,4.0,302.46,-18.58,4.0,4.0,Shipping on time,0,0.0,0,4,5.715249806097095,0,0,0,1
2771,2016-05-02,2016-05-02,Central America,45861,1.0,121.2,44.12,0.0,1.0,Shipping on time,0,-1.0,0,5,4.805659046737495,1,0,0,0
2772,2016-01-01,2016-01-02,Oceania,62272,4.0,307.65,76.8,1.0,1.0,Shipping on time,0,0.0,0,1,5.732207948839905,1,0,0,0
2773,2017-02-17,2017-02-18,West Europe,71025,3.0,90.05,4.1,1.0,2.0,Shipping on time,0,-1.0,0,2,4.511408806173617,0,0,1,0
2774,2016-05-12,2016-05-15,Eastern Asia,76322,2.0,141.78,-11.07,3.0,4.0,Shipping on time,0,-1.0,0,5,4.961304984074315,0,0,0,1
2775,2016-08-27,2016-08-27,West Europe,14500,2.0,113.94,11.35,0.0,1.0,Shipping on time,0,-1.0,0,8,4.744410253079596,1,0,0,0
2776,2015-05-08,2015-05-10,South Asia,29818,4.0,127.83,6.85,2.0,1.0,Late delivery,0,1.0,1,5,4.858493705803434,1,0,0,0
2777,2017-09-19,2017-09-22,Eastern Asia,44920,1.0,231.85,-4.8,3.0,4.0,Shipping on time,0,-1.0,0,9,5.450394469428386,0,0,0,1
2778,2017-05-05,2017-05-09,Eastern Asia,97562,1.0,45.37,6.68,4.0,4.0,Shipping on time,0,0.0,0,5,3.8366526984033693,0,0,0,1
2779,2016-09-29,2016-09-30,Oceania,54882,2.0,227.96,-22.34,1.0,1.0,Shipping on time,0,0.0,0,9,5.43354731580814,1,0,0,0
2780,2016-08-21,2016-08-24,Eastern Asia,97863,5.0,221.97,-9.25,3.0,2.0,Late delivery,0,1.0,1,8,5.40703723326228,0,0,1,0
2781,2015-12-08,2015-12-14,South Asia,34447,5.0,148.82,19.76,6.0,4.0,Late delivery,0,2.0,1,12,5.009434573519737,0,0,0,1
2782,2016-06-20,2016-06-25,Oceania,56468,4.0,155.31,6.94,5.0,4.0,Late delivery,0,1.0,1,6,5.0518412149073795,0,0,0,1
2783,2016-02-25,2016-02-28,Oceania,91514,1.0,130.81,6.23,3.0,4.0,Shipping on time,0,-1.0,0,2,4.881361491724374,0,0,0,1
2784,2016-08-25,2016-08-29,US Center,18959,4.0,221.67,44.42,4.0,1.0,Late delivery,0,3.0,1,8,5.405690854816366,1,0,0,0
2785,2017-05-06,2017-05-13,Central America,60591,1.0,153.67,-23.92,7.0,4.0,Late delivery,0,3.0,1,5,5.041293815050048,0,0,0,1
2787,2016-01-04,2016-01-11,West Europe,87616,1.0,162.24,60.7,7.0,4.0,Late delivery,0,3.0,1,1,5.095221510537605,0,0,0,1
2788,2017-07-05,2017-07-09,Central America,67416,5.0,257.84,89.07,4.0,4.0,Shipping on time,0,0.0,0,7,5.556210110189065,0,0,0,1
2789,2017-07-15,2017-07-17,Eastern Asia,85219,5.0,184.05,60.83,2.0,0.0,Late delivery,0,2.0,1,7,5.220626058832165,0,1,0,0
2790,2016-11-01,2016-11-08,South Asia,47376,3.0,151.18,-26.05,7.0,4.0,Late delivery,0,3.0,1,11,5.025064030748377,0,0,0,1
2791,2016-03-16,2016-03-19,Central America,30038,3.0,167.28,-2.45,3.0,4.0,Shipping on time,0,-1.0,0,3,5.12562925872232,0,0,0,1
2793,2017-08-01,2017-08-04,South Asia,92794,1.0,113.93,-15.57,3.0,4.0,Shipping on time,0,-1.0,0,8,4.744323247380668,0,0,0,1
2794,2015-12-29,2016-01-05,West Europe,27637,1.0,50.12,-4.73,7.0,4.0,Late delivery,0,3.0,1,12,3.9341758100692794,0,0,0,1
2795,2015-05-31,2015-06-02,Eastern Asia,33895,3.0,133.7,-22.29,2.0,1.0,Late delivery,0,1.0,1,5,4.903050083416319,1,0,0,0
2796,2015-03-25,2015-03-30,Central America,20528,3.0,262.32,93.94,5.0,4.0,Late delivery,0,1.0,1,3,5.573370022599676,0,0,0,1
2797,2017-02-23,2017-02-27,Eastern Asia,10655,1.0,118.72,18.57,4.0,1.0,Late delivery,0,3.0,1,2,4.785155682984498,1,0,0,0
2798,2015-02-18,2015-02-20,South Asia,46277,1.0,88.16,-0.65,2.0,1.0,Late delivery,0,1.0,1,2,4.490432508517668,1,0,0,0
2799,2016-03-20,2016-03-27,West Europe,20123,4.0,249.28,-13.0,7.0,4.0,Late delivery,0,3.0,1,3,5.522580291130163,0,0,0,1
2800,2015-10-08,2015-10-15,Eastern Asia,27826,3.0,163.38,-32.24,5.0,4.0,Late delivery,0,1.0,1,10,5.102180820720354,0,0,0,1
2801,2015-08-15,2015-08-21,Oceania,88368,3.0,161.29,-29.29,6.0,4.0,Late delivery,0,2.0,1,8,5.089384858327791,0,0,0,1
2802,2016-04-14,2016-04-15,Eastern Asia,54886,1.0,195.03,36.59,1.0,2.0,Shipping on time,0,-1.0,0,4,5.278267708742333,0,0,1,0
2803,2016-08-13,2016-08-20,Eastern Asia,75061,4.0,222.3,19.39,7.0,4.0,Late delivery,0,3.0,1,8,5.408516158846112,0,0,0,1
2804,2016-01-06,2016-01-10,US Center,74922,4.0,145.02,-1.41,4.0,4.0,Shipping on time,0,0.0,0,1,4.98374359862794,0,0,0,1
2805,2015-03-01,2015-03-04,Central America,99144,1.0,92.05,7.41,3.0,4.0,Shipping on time,0,-1.0,0,3,4.5331369830882595,0,0,0,1
2806,2015-05-12,2015-05-15,US Center,75388,2.0,404.85,9.68,3.0,4.0,Shipping on time,0,-1.0,0,5,6.005983633207185,0,0,0,1
2807,2015-07-19,2015-07-24,West Europe,63801,5.0,153.56,34.23,5.0,4.0,Late delivery,0,1.0,1,7,5.040582370464208,0,0,0,1
2808,2017-01-24,2017-01-27,South Asia,97669,2.0,95.3,12.53,3.0,1.0,Late delivery,0,2.0,1,1,4.56746831880408,1,0,0,0
2809,2017-04-27,2017-04-29,Central America,46238,1.0,165.35,8.63,2.0,1.0,Late delivery,0,1.0,1,4,5.114094002464486,1,0,0,0
2810,2016-07-07,2016-07-12,Oceania,88099,5.0,295.13,-58.32,5.0,4.0,Late delivery,0,1.0,1,7,5.690798547097907,0,0,0,1
2811,2016-06-07,2016-06-09,US Center,47522,3.0,65.84,8.45,2.0,2.0,Shipping on time,0,0.0,0,6,4.202301703727193,0,0,1,0
2812,2017-07-01,2017-07-04,South Asia,33104,2.0,315.74,101.41,3.0,4.0,Shipping on time,0,-1.0,0,7,5.75808124806358,0,0,0,1
2814,2016-10-24,2016-10-30,Eastern Asia,37797,3.0,932.5600000000057,34.97,6.0,4.0,Late delivery,0,2.0,1,10,6.839005235153027,0,0,0,1
2815,2015-05-25,2015-05-26,Central America,98017,3.0,218.12,55.33,1.0,0.0,Late delivery,0,1.0,1,5,5.389619524954822,0,1,0,0
2816,2015-11-16,2015-11-22,Eastern Asia,54141,4.0,139.94,-14.42,6.0,4.0,Late delivery,0,2.0,1,11,4.948334267898876,0,0,0,1
2817,2015-06-10,2015-06-17,West Europe,44879,2.0,305.64,46.03,7.0,4.0,Late delivery,0,3.0,1,6,5.725674421072299,0,0,0,1
2818,2016-04-29,2016-04-30,US Center,67582,1.0,308.9,52.85,1.0,1.0,Shipping on time,0,0.0,0,4,5.736249664793703,1,0,0,0
2819,2015-08-18,2015-08-21,US Center,81647,5.0,121.6,33.39,3.0,4.0,Shipping on time,0,-1.0,0,8,4.808927023502111,0,0,0,1
2820,2017-06-23,2017-06-24,Central America,73346,2.0,170.04,57.11,1.0,1.0,Shipping on time,0,0.0,0,6,5.141897447276735,1,0,0,0
2822,2015-03-14,2015-03-18,South Asia,26971,5.0,251.9,-22.33,4.0,2.0,Late delivery,0,2.0,1,3,5.5329941536759195,0,0,1,0
2823,2015-01-21,2015-01-21,Oceania,63120,1.0,66.36,17.59,0.0,1.0,Late delivery,0,-1.0,0,1,4.210051369934071,1,0,0,0
2824,2017-08-10,2017-08-13,Eastern Asia,66750,4.0,134.41,21.38,3.0,1.0,Late delivery,0,2.0,1,8,4.908307212994733,1,0,0,0
2825,2015-07-25,2015-07-25,West Europe,27889,1.0,43.82,2.02,0.0,0.0,Shipping on time,0,0.0,0,7,3.802654468372781,0,1,0,0
2826,2016-10-01,2016-10-04,South Asia,76832,1.0,208.62,-35.86,3.0,2.0,Late delivery,0,1.0,1,10,5.345296367742031,0,0,1,0
2827,2016-03-04,2016-03-04,South Asia,86291,1.0,41.46,6.4,0.0,0.0,Late delivery,0,0.0,0,3,3.74856245627511,0,1,0,0
2828,2015-11-14,2015-11-20,US Center,66683,5.0,81.1,4.59,6.0,4.0,Late delivery,0,2.0,1,11,4.407938016458383,0,0,0,1
2829,2017-06-01,2017-06-05,Eastern Asia,35454,3.0,173.11,38.06,4.0,4.0,Shipping on time,0,0.0,0,6,5.159687283378507,0,0,0,1
2830,2016-08-09,2016-08-13,West Europe,86609,5.0,121.54,18.69,4.0,4.0,Shipping on time,0,0.0,0,8,4.8084375072975085,0,0,0,1
2831,2017-05-15,2017-05-22,US Center,31336,5.0,115.33,-13.35,7.0,4.0,Late delivery,0,3.0,1,5,4.756430979828675,0,0,0,1
2832,2015-07-16,2015-07-19,South Asia,23860,4.0,85.5,19.09,3.0,4.0,Shipping on time,0,-1.0,0,7,4.460144413937834,0,0,0,1
2833,2017-07-24,2017-07-26,West Europe,64190,1.0,113.8,-13.38,2.0,2.0,Shipping on time,0,0.0,0,7,4.743191483885466,0,0,1,0
2834,2015-03-08,2015-03-10,US Center,21643,1.0,54.49,-6.56,2.0,2.0,Shipping on time,0,0.0,0,3,4.01620282433781,0,0,1,0
2835,2015-08-14,2015-08-19,US Center,72873,5.0,178.94,36.05,5.0,4.0,Late delivery,0,1.0,1,8,5.192623461988973,0,0,0,1
2836,2016-05-29,2016-05-30,Eastern Asia,25344,3.0,235.95,81.84,1.0,1.0,Shipping on time,0,0.0,0,5,5.467849148413597,1,0,0,0
2837,2015-05-05,2015-05-08,South Asia,25517,1.0,230.23,52.92,3.0,4.0,Shipping on time,0,-1.0,0,5,5.443412886165876,0,0,0,1
2838,2015-02-10,2015-02-13,Eastern Asia,32478,2.0,145.65,53.24,3.0,4.0,Shipping on time,0,-1.0,0,2,4.9880487954234605,0,0,0,1
2839,2017-04-29,2017-04-30,Eastern Asia,21759,3.0,299.57,-33.63,1.0,1.0,Shipping on time,0,0.0,0,4,5.705680671939281,1,0,0,0
2840,2015-07-28,2015-07-31,US Center,83266,1.0,193.92,-28.15,3.0,1.0,Late delivery,0,2.0,1,7,5.272589217975305,1,0,0,0
2841,2016-11-29,2016-12-01,West Europe,92843,3.0,257.4,22.2,2.0,2.0,Shipping on time,0,0.0,0,11,5.554508771908447,0,0,1,0
2842,2016-12-19,2016-12-23,Eastern Asia,27179,4.0,186.31,-7.97,4.0,4.0,Shipping on time,0,0.0,0,12,5.232764998307801,0,0,0,1
2843,2015-09-04,2015-09-09,South Asia,56214,2.0,151.66,-5.16,5.0,4.0,Late delivery,0,1.0,1,9,5.028213226370324,0,0,0,1
2844,2017-05-23,2017-05-25,US Center,16727,2.0,96.34,-8.44,2.0,1.0,Late delivery,0,1.0,1,5,4.5782100044053085,1,0,0,0
2845,2016-03-09,2016-03-13,Eastern Asia,67745,2.0,36.216,-0.76,4.0,4.0,Shipping on time,0,0.0,0,3,3.6167387763362537,0,0,0,1
2846,2015-06-25,2015-06-26,West Europe,63745,4.0,215.1,52.31,1.0,1.0,Shipping on time,0,0.0,0,6,5.3757412635128405,1,0,0,0
2847,2017-07-13,2017-07-15,US Center,74411,5.0,139.33,6.01,2.0,2.0,Shipping on time,0,0.0,0,7,4.943996791763045,0,0,1,0
2848,2017-01-05,2017-01-08,Eastern Asia,15248,2.0,463.61,46.06,3.0,4.0,Shipping on time,0,-1.0,0,1,6.141198343996193,0,0,0,1
2849,2017-03-27,2017-03-29,South Asia,93282,3.0,47.88,-5.13,2.0,1.0,Late delivery,0,1.0,1,3,3.88936831486334,1,0,0,0
2850,2015-06-04,2015-06-09,Oceania,86849,5.0,240.78,43.36,5.0,4.0,Late delivery,0,1.0,1,6,5.488028221773845,0,0,0,1
2851,2017-07-25,2017-07-26,Eastern Asia,36532,3.0,151.34,18.68,1.0,2.0,Shipping on time,1,-1.0,0,7,5.026114864944642,0,0,1,0
2852,2017-08-13,2017-08-15,Eastern Asia,71907,2.0,148.51,1.27,2.0,2.0,Shipping on time,0,0.0,0,8,5.007363280225836,0,0,1,0
2854,2017-09-01,2017-09-06,West Europe,23691,1.0,181.68,-8.74,5.0,4.0,Late delivery,0,1.0,1,9,5.207735988316799,0,0,0,1
2855,2015-07-12,2015-07-13,Eastern Asia,87011,4.0,146.27,-22.01,1.0,2.0,Shipping on time,0,-1.0,0,7,4.992267636738071,0,0,1,0
2856,2016-01-18,2016-01-23,South Asia,63380,5.0,245.68,-24.93,5.0,4.0,Late delivery,0,1.0,1,1,5.508091950123292,0,0,0,1
2857,2016-06-23,2016-06-28,Oceania,95225,1.0,161.83,-31.83,5.0,4.0,Late delivery,0,1.0,1,6,5.092706711776129,0,0,0,1
2858,2016-12-25,2016-12-28,Central America,78458,2.0,195.62,66.69,3.0,0.0,Late delivery,0,3.0,1,12,5.281272931938778,0,1,0,0
2859,2015-04-24,2015-04-27,South Asia,36981,3.0,308.65,115.49,3.0,0.0,Late delivery,0,3.0,1,4,5.73544262738407,0,1,0,0
2860,2015-01-15,2015-01-18,Eastern Asia,51827,1.0,200.15,-20.69,3.0,4.0,Shipping on time,0,-1.0,0,1,5.304050898395797,0,0,0,1
2861,2015-04-28,2015-04-28,Oceania,31889,1.0,137.9,40.2,0.0,1.0,Shipping on time,0,-1.0,0,4,4.933754249760298,1,0,0,0
2862,2015-04-10,2015-04-16,West Europe,59964,5.0,302.24,44.34,6.0,4.0,Late delivery,0,2.0,1,4,5.714524571188103,0,0,0,1
2864,2017-01-30,2017-02-02,US Center,99322,2.0,187.99,30.29,3.0,1.0,Late delivery,0,2.0,1,1,5.241694103606946,1,0,0,0
2865,2015-09-09,2015-09-14,West Europe,76551,5.0,123.94,13.27,5.0,4.0,Late delivery,0,1.0,1,9,4.827833622065424,0,0,0,1
2866,2015-12-07,2015-12-08,Oceania,60446,4.0,101.97,2.09,1.0,2.0,Shipping on time,0,-1.0,0,12,4.63443768366866,0,0,1,0
2867,2015-06-13,2015-06-16,Oceania,33494,4.0,36.216,0.76,3.0,1.0,Late delivery,0,2.0,1,6,3.6167387763362537,1,0,0,0
2868,2017-08-02,2017-08-08,South Asia,88827,1.0,221.51,72.58,6.0,4.0,Late delivery,0,2.0,1,8,5.404972044416576,0,0,0,1
2869,2015-09-15,2015-09-19,Eastern Asia,66691,4.0,77.08,-1.87,4.0,4.0,Shipping on time,0,0.0,0,9,4.357733942104837,0,0,0,1
2870,2016-12-03,2016-12-03,Central America,16511,5.0,226.61,-23.78,0.0,1.0,Shipping on time,0,-1.0,0,12,5.427633638018094,1,0,0,0
2871,2016-11-26,2016-11-28,US Center,51875,4.0,417.41,164.94,2.0,2.0,Shipping on time,0,0.0,0,11,6.036461813038713,0,0,1,0
2872,2016-02-13,2016-02-13,Oceania,50914,5.0,70.19,-2.01,0.0,1.0,Shipping on time,0,-1.0,0,2,4.265352359115782,1,0,0,0
2873,2016-11-03,2016-11-09,South Asia,62190,3.0,245.96,-33.98,6.0,4.0,Late delivery,0,2.0,1,11,5.509226380193904,0,0,0,1
2875,2015-01-26,2015-01-28,Central America,12397,4.0,193.15,54.75,2.0,1.0,Late delivery,0,1.0,1,1,5.268631056177676,1,0,0,0
2876,2016-10-05,2016-10-10,Oceania,84808,2.0,75.31,20.47,5.0,4.0,Late delivery,0,1.0,1,10,4.334803991301542,0,0,0,1
2877,2017-05-08,2017-05-12,US Center,74777,1.0,151.62,50.58,4.0,4.0,Shipping on time,0,0.0,0,5,5.0279511718614875,0,0,0,1
2878,2016-07-29,2016-08-05,US Center,93788,1.0,162.97,55.37,7.0,4.0,Late delivery,0,3.0,1,7,5.099683484261777,0,0,0,1
2880,2017-04-02,2017-04-06,US Center,32518,3.0,506.92,-1.52,4.0,4.0,Late delivery,0,0.0,0,4,6.230323954862195,0,0,0,1
2881,2017-08-02,2017-08-09,Eastern Asia,72172,3.0,178.45,-11.4,7.0,4.0,Late delivery,0,3.0,1,8,5.189896617593616,0,0,0,1
2882,2016-12-17,2016-12-21,Eastern Asia,97502,3.0,121.11,44.54,4.0,4.0,Shipping on time,0,0.0,0,12,4.8049222778449305,0,0,0,1
2883,2015-08-06,2015-08-09,Eastern Asia,37702,5.0,529.19,174.0700000000001,3.0,2.0,Late delivery,0,1.0,1,8,6.273235432869815,0,0,1,0
2884,2017-06-12,2017-06-15,Central America,81605,5.0,140.43,15.78,3.0,4.0,Shipping on time,0,-1.0,0,6,4.951804895032408,0,0,0,1
2885,2016-12-31,2017-01-04,US Center,32462,4.0,144.51,-1.75,4.0,4.0,Shipping on time,0,0.0,0,12,4.980244812772187,0,0,0,1
2886,2016-02-13,2016-02-19,Eastern Asia,39080,2.0,158.16,-12.77,6.0,4.0,Late delivery,0,2.0,1,2,5.069909985558728,0,0,0,1
2887,2016-07-10,2016-07-16,US Center,70392,1.0,194.71,75.47,6.0,4.0,Late delivery,0,2.0,1,7,5.276633971716878,0,0,0,1
2888,2016-09-11,2016-09-16,West Europe,26529,3.0,151.34,41.08,5.0,2.0,Late delivery,1,3.0,1,9,5.026114864944642,0,0,1,0
2889,2016-12-07,2016-12-12,West Europe,57480,3.0,107.54,17.88,5.0,4.0,Late delivery,0,1.0,1,12,4.6871187686352584,0,0,0,1
2890,2016-01-29,2016-02-01,West Europe,92232,2.0,140.25,-12.42,3.0,4.0,Shipping on time,0,-1.0,0,1,4.9505313700265505,0,0,0,1
2891,2017-06-22,2017-06-25,Central America,43008,1.0,436.76,-39.22,3.0,4.0,Shipping on time,0,-1.0,0,6,6.081670814994131,0,0,0,1
2892,2015-01-14,2015-01-21,Eastern Asia,70588,2.0,372.84,19.35,5.0,4.0,Late delivery,0,1.0,1,1,5.923827898392171,0,0,0,1
2893,2015-03-23,2015-03-27,South Asia,58444,1.0,192.69,65.19,4.0,1.0,Late delivery,0,3.0,1,3,5.266258942854148,1,0,0,0
2894,2017-09-12,2017-09-19,US Center,72062,1.0,174.74,50.34,7.0,4.0,Late delivery,0,3.0,1,9,5.169005630067697,0,0,0,1
2895,2017-04-21,2017-04-24,US Center,Unknown,3.0,131.09,-5.43,3.0,4.0,Shipping on time,0,-1.0,0,4,4.883483508435773,0,0,0,1
2896,2015-09-05,2015-09-06,Oceania,98087,3.0,268.46,-43.15,1.0,2.0,Shipping on time,0,-1.0,0,9,5.5964199563277015,0,0,1,0
2897,2017-05-08,2017-05-14,US Center,20906,3.0,111.45,18.57,6.0,4.0,Late delivery,0,2.0,1,5,4.722508678405324,0,0,0,1
2898,2016-02-09,2016-02-12,Oceania,87277,2.0,160.56,39.05,3.0,0.0,Late delivery,0,3.0,1,2,5.084876590695212,0,1,0,0
2899,2016-10-07,2016-10-12,Oceania,52694,1.0,115.31,41.09,5.0,4.0,Late delivery,0,1.0,1,10,4.7562590403509475,0,0,0,1
2900,2016-02-17,2016-02-23,South Asia,60762,5.0,104.83,19.23,5.0,4.0,Late delivery,0,1.0,1,2,4.661834033105633,0,0,0,1
2901,2016-02-06,2016-02-10,Eastern Asia,25926,4.0,153.02,-7.31,4.0,2.0,Late delivery,0,2.0,1,2,5.037082464111104,0,0,1,0
2902,2016-08-17,2016-08-21,South Asia,71007,4.0,150.1,17.97,4.0,1.0,Late delivery,0,3.0,1,8,5.017941869278694,1,0,0,0
2903,2016-06-25,2016-06-28,Central America,87595,1.0,107.58,24.12,3.0,2.0,Late delivery,0,1.0,1,6,4.687487228477305,0,0,1,0
2904,2015-11-05,2015-11-09,Eastern Asia,68172,4.0,144.29,-11.85,4.0,1.0,Late delivery,0,3.0,1,11,4.978731745083247,1,0,0,0
2905,2015-05-21,2015-05-28,Oceania,89694,1.0,149.29,53.77,7.0,4.0,Late delivery,1,3.0,1,5,5.012566760946003,0,0,0,1
2906,2015-05-27,2015-06-02,US Center,10413,5.0,114.59,-12.9,6.0,4.0,Late delivery,0,2.0,1,5,4.750049447306176,0,0,0,1
2907,2017-01-14,2017-01-17,US Center,94415,3.0,103.08,-19.99,3.0,2.0,Late delivery,0,1.0,1,1,4.64515983420425,0,0,1,0
2908,2015-09-11,2015-09-11,Central America,21407,1.0,138.47,-3.51,0.0,1.0,Shipping on time,0,-1.0,0,9,4.937849524370603,1,0,0,0
2909,2016-07-05,2016-07-07,Oceania,75033,4.0,223.46,58.88,2.0,2.0,Shipping on time,0,0.0,0,7,5.41369751758811,0,0,1,0
2910,2017-07-21,2017-07-22,Oceania,17822,5.0,281.66,39.72,1.0,2.0,Shipping on time,0,-1.0,0,7,5.644244761940005,0,0,1,0
2911,2016-07-29,2016-08-04,US Center,15644,4.0,166.56,-5.19,6.0,4.0,Late delivery,0,2.0,1,7,5.121341496078834,0,0,0,1
2912,2015-09-06,2015-09-13,Eastern Asia,68901,5.0,128.43,-0.13,7.0,4.0,Late delivery,0,3.0,1,9,4.863140194454346,0,0,0,1
2913,2016-12-10,2016-12-17,Central America,67689,4.0,147.27,15.41,7.0,4.0,Late delivery,0,3.0,1,12,4.999034936029934,0,0,0,1
2914,2015-07-24,2015-07-25,US Center,97695,1.0,445.63,127.6,1.0,1.0,Shipping on time,0,0.0,0,7,6.101730511355077,1,0,0,0
2915,2015-04-12,2015-04-14,Eastern Asia,71021,5.0,252.46,96.95,2.0,1.0,Late delivery,0,1.0,1,4,5.535206019653918,1,0,0,0
2916,2017-04-23,2017-04-25,South Asia,73546,2.0,87.1,18.69,2.0,2.0,Shipping on time,0,0.0,0,4,4.478472532942134,0,0,1,0
2917,2015-02-17,2015-02-21,South Asia,51807,3.0,145.46,-16.75,4.0,1.0,Late delivery,0,3.0,1,2,4.986752353632924,1,0,0,0
2918,2016-09-27,2016-10-01,US Center,44133,1.0,110.78,35.77,4.0,4.0,Shipping on time,0,0.0,0,9,4.716532653841552,0,0,0,1
2919,2015-04-30,2015-05-04,Central America,53540,5.0,121.73,35.2,4.0,2.0,Late delivery,0,2.0,1,4,4.809986820609417,0,0,1,0
2920,2017-03-11,2017-03-15,US Center,21286,3.0,57.36,12.93,4.0,4.0,Shipping on time,0,0.0,0,3,4.066630723654585,0,0,0,1
2921,2015-03-22,2015-03-27,South Asia,18547,3.0,152.27,44.25,5.0,2.0,Late delivery,0,3.0,1,3,5.032201072010817,0,0,1,0
2922,2016-06-11,2016-06-16,Oceania,78535,1.0,69.1,-13.13,5.0,4.0,Late delivery,0,1.0,1,6,4.249922794040544,0,0,0,1
2923,2017-03-12,2017-03-15,Eastern Asia,35294,1.0,149.29,22.33,3.0,4.0,Shipping on time,1,-1.0,0,3,5.012566760946003,0,0,0,1
2924,2015-05-16,2015-05-17,Oceania,Unknown,5.0,356.17,33.07,1.0,1.0,Shipping on time,0,0.0,0,5,5.878211858913125,1,0,0,0
2925,2015-05-13,2015-05-20,South Asia,83828,5.0,265.04,105.08,7.0,4.0,Late delivery,0,3.0,1,5,5.5836466734162205,0,0,0,1
2926,2015-07-04,2015-07-09,Central America,68493,2.0,91.33,33.75,5.0,4.0,Late delivery,0,1.0,1,7,4.525369115784536,0,0,0,1
2927,2016-01-12,2016-01-18,Oceania,29538,4.0,83.13,6.9,6.0,4.0,Late delivery,0,2.0,1,1,4.432363221562722,0,0,0,1
2928,2015-05-16,2015-05-16,South Asia,13479,2.0,89.13,26.98,0.0,1.0,Shipping on time,0,-1.0,0,5,4.501253072568319,1,0,0,0
2929,2016-10-18,2016-10-25,Oceania,60461,2.0,51.14,12.14,7.0,4.0,Late delivery,0,3.0,1,10,3.9539324085053558,0,0,0,1
2930,2015-01-28,2015-01-30,US Center,75659,5.0,85.68,21.1,2.0,1.0,Late delivery,0,1.0,1,1,4.462223176668158,1,0,0,0
2931,2015-09-15,2015-09-19,Central America,13603,5.0,128.54,1.55,4.0,4.0,Shipping on time,0,0.0,0,9,4.863989713754771,0,0,0,1
2932,2015-02-03,2015-02-07,Eastern Asia,33238,2.0,82.5,19.7,4.0,4.0,Shipping on time,0,0.0,0,2,4.42484663185681,0,0,0,1
2933,2017-06-30,2017-07-05,US Center,46600,2.0,230.85,-41.58,5.0,4.0,Late delivery,0,1.0,1,6,5.446090610837469,0,0,0,1
2934,2015-08-06,2015-08-10,Oceania,88020,2.0,145.63,-26.29,4.0,2.0,Late delivery,0,2.0,1,8,4.987912406988988,0,0,1,0
2935,2017-07-02,2017-07-06,South Asia,36449,5.0,110.73,-6.9,4.0,1.0,Late delivery,0,3.0,1,7,4.716085246559246,1,0,0,0
2936,2017-06-29,2017-07-01,Oceania,62633,3.0,407.16,-24.08,2.0,1.0,Late delivery,0,1.0,1,6,6.011659254393502,1,0,0,0
2937,2016-01-26,2016-02-01,West Europe,66980,1.0,224.75,-43.1,6.0,4.0,Late delivery,0,2.0,1,1,5.419428192297095,0,0,0,1
2938,2015-01-31,2015-02-04,Eastern Asia,30367,3.0,156.12,51.47,4.0,2.0,Late delivery,0,2.0,1,1,5.0570098446061555,0,0,1,0
2939,2016-08-09,2016-08-11,South Asia,29633,2.0,430.95,117.79,2.0,2.0,Shipping on time,0,0.0,0,8,6.068309840804893,0,0,1,0
2940,2015-07-11,2015-07-17,Central America,88718,2.0,317.66,84.31,6.0,4.0,Late delivery,0,2.0,1,7,5.764124703662363,0,0,0,1
2941,2017-02-24,2017-02-26,Eastern Asia,59141,3.0,100.29,28.87,2.0,2.0,Shipping on time,0,0.0,0,2,4.6179876896987055,0,0,1,0
2942,2017-09-11,2017-09-13,South Asia,65116,4.0,180.47,64.62,2.0,1.0,Late delivery,0,1.0,1,9,5.201090350786933,1,0,0,0
2943,2017-09-08,2017-09-15,US Center,32307,2.0,116.83,-12.77,7.0,4.0,Late delivery,0,3.0,1,9,4.769242907725249,0,0,0,1
2944,2015-12-27,2015-12-29,West Europe,75883,2.0,66.05,6.34,2.0,1.0,Late delivery,0,1.0,1,12,4.205438609727688,1,0,0,0
2945,2016-11-23,2016-11-29,West Europe,33707,1.0,443.8,10.47,6.0,4.0,Late delivery,0,2.0,1,11,6.097624742936373,0,0,0,1
2946,2017-05-29,2017-06-04,West Europe,97559,4.0,353.63,9.93,6.0,4.0,Late delivery,0,2.0,1,5,5.871074992430395,0,0,0,1
2947,2016-03-25,2016-03-26,Oceania,78853,5.0,72.59,14.38,1.0,2.0,Shipping on time,0,-1.0,0,3,4.298509146938508,0,0,1,0
2948,2015-11-04,2015-11-11,Oceania,54227,2.0,198.78,3.3,7.0,4.0,Late delivery,0,3.0,1,11,5.2972167611040035,0,0,0,1
2949,2015-02-13,2015-02-17,Oceania,79040,4.0,58.7,21.11,4.0,4.0,Shipping on time,0,0.0,0,2,4.089332020398556,0,0,0,1
2950,2015-04-14,2015-04-19,West Europe,75282,2.0,277.28,-32.93,5.0,4.0,Late delivery,0,1.0,1,4,5.6286278010554405,0,0,0,1
2951,2016-10-03,2016-10-08,South Asia,74725,2.0,145.58,-13.67,5.0,4.0,Late delivery,0,1.0,1,10,4.987571354497704,0,0,0,1
2952,2015-08-12,2015-08-15,Eastern Asia,91460,2.0,127.05,41.75,3.0,2.0,Late delivery,0,1.0,1,8,4.852420812645534,0,0,1,0
2953,2016-10-21,2016-10-22,Central America,89052,3.0,308.18,-14.34,1.0,2.0,Shipping on time,0,-1.0,0,10,5.733923631568188,0,0,1,0
2954,2015-06-23,2015-06-29,South Asia,33279,2.0,150.91,2.07,6.0,4.0,Late delivery,0,2.0,1,6,5.023288240219571,0,0,0,1
2955,2016-11-24,2016-11-29,Central America,53920,5.0,129.39,9.38,5.0,4.0,Late delivery,0,1.0,1,11,4.87052995943538,0,0,0,1
2956,2015-09-06,2015-09-07,Eastern Asia,40391,4.0,253.11,59.65,1.0,1.0,Shipping on time,0,0.0,0,9,5.537767244136556,1,0,0,0
2958,2015-05-07,2015-05-09,Central America,91433,4.0,247.41,49.17,2.0,1.0,Late delivery,0,1.0,1,5,5.51508060689796,1,0,0,0
2959,2017-05-11,2017-05-14,Oceania,82086,1.0,150.26,-9.36,3.0,4.0,Shipping on time,0,-1.0,0,5,5.019000210427883,0,0,0,1
2960,2015-07-22,2015-07-29,Central America,26934,1.0,240.95,74.83,7.0,4.0,Late delivery,0,3.0,1,7,5.488731093239328,0,0,0,1
2961,2016-08-15,2016-08-19,West Europe,95115,5.0,215.03,-1.87,4.0,4.0,Shipping on time,0,0.0,0,8,5.375417286928885,0,0,0,1
2962,2017-07-24,2017-07-30,Central America,59087,5.0,236.13,-35.42,6.0,4.0,Late delivery,0,2.0,1,7,5.468608513958018,0,0,0,1
2964,2015-03-06,2015-03-09,South Asia,77301,5.0,441.69,132.75,3.0,4.0,Shipping on time,0,-1.0,0,3,6.092869750822476,0,0,0,1
2965,2015-09-01,2015-09-04,Central America,58675,4.0,136.82,15.79,3.0,4.0,Shipping on time,0,-1.0,0,9,4.925948485929061,0,0,0,1
2966,2016-09-01,2016-09-06,Central America,74037,1.0,412.45,-22.71,5.0,4.0,Late delivery,0,1.0,1,9,6.024536588168176,0,0,0,1
2967,2015-01-31,2015-02-03,Eastern Asia,67593,4.0,106.6,-17.09,3.0,4.0,Shipping on time,0,-1.0,0,1,4.678420647727684,0,0,0,1
2968,2015-10-09,2015-10-14,West Europe,30102,3.0,128.32,49.15,5.0,4.0,Late delivery,0,1.0,1,10,4.862289952857232,0,0,0,1
2969,2016-12-12,2016-12-17,West Europe,83452,2.0,129.1,35.63,5.0,2.0,Late delivery,0,3.0,1,12,4.86830338551846,0,0,1,0
2970,2017-09-10,2017-09-15,South Asia,55363,3.0,151.34,73.63,3.0,2.0,Late delivery,1,1.0,1,9,5.026114864944642,0,0,1,0
2971,2015-11-12,2015-11-14,Central America,93205,5.0,117.48,5.47,2.0,0.0,Late delivery,0,2.0,1,11,4.774744169959543,0,1,0,0
2972,2016-10-14,2016-10-18,South Asia,52940,3.0,145.37,-15.07,4.0,1.0,Late delivery,1,3.0,1,10,4.986137662495856,1,0,0,0
2973,2017-05-03,2017-05-06,US Center,29775,5.0,60.99,1.11,3.0,2.0,Late delivery,0,1.0,1,5,4.126973081713828,0,0,1,0
2974,2015-10-26,2015-10-28,West Europe,50913,1.0,113.97,22.27,2.0,1.0,Late delivery,0,1.0,1,10,4.744671224765649,1,0,0,0
2975,2015-11-18,2015-11-25,Oceania,33047,4.0,170.78,30.05,7.0,4.0,Late delivery,0,3.0,1,11,5.146214588338078,0,0,0,1
2976,2017-03-06,2017-03-08,Eastern Asia,67799,5.0,141.08,-19.0,2.0,2.0,Shipping on time,0,0.0,0,3,4.95639027924386,0,0,1,0
2977,2015-11-02,2015-11-06,Eastern Asia,Unknown,4.0,51.08,16.14,4.0,4.0,Late delivery,0,0.0,0,11,3.9527809979003137,0,0,0,1
2978,2017-08-07,2017-08-14,US Center,17577,3.0,200.26,30.9,7.0,4.0,Late delivery,0,3.0,1,8,5.3045976045051875,0,0,0,1
2979,2017-02-22,2017-02-22,Oceania,79672,3.0,86.11,12.04,0.0,0.0,Shipping on time,0,0.0,0,2,4.467171687830801,0,1,0,0
2980,2017-06-10,2017-06-13,Central America,28794,4.0,458.52,85.22,3.0,4.0,Shipping on time,0,-1.0,0,6,6.130182466419805,0,0,0,1
2981,2016-01-16,2016-01-23,Central America,76823,3.0,134.51,17.52,7.0,4.0,Late delivery,0,3.0,1,1,4.909045438334623,0,0,0,1
2982,2016-12-31,2017-01-04,West Europe,37756,3.0,551.76,174.0700000000001,4.0,2.0,Late delivery,0,2.0,1,12,6.314923910935284,0,0,1,0
2983,2017-09-12,2017-09-18,Eastern Asia,88945,3.0,220.16,-14.58,6.0,4.0,Late delivery,0,2.0,1,9,5.398886421469732,0,0,0,1
2984,2015-10-04,2015-10-07,Oceania,51595,5.0,195.79,42.36,3.0,1.0,Late delivery,0,2.0,1,10,5.2821371703189985,1,0,0,0
2985,2016-07-19,2016-07-23,US Center,10184,5.0,113.86,19.39,4.0,4.0,Shipping on time,0,0.0,0,7,4.74371399543615,0,0,0,1
2986,2015-04-01,2015-04-08,Oceania,65144,2.0,140.36,54.56,7.0,4.0,Late delivery,0,3.0,1,4,4.951309828011441,0,0,0,1
2987,2017-07-26,2017-07-31,Central America,55662,5.0,194.97,40.11,5.0,4.0,Late delivery,0,1.0,1,7,5.277961586290963,0,0,0,1
2988,2015-07-07,2015-07-11,West Europe,26430,4.0,48.82,-3.14,4.0,4.0,Shipping on time,0,0.0,0,7,3.9084165098340344,0,0,0,1
2989,2015-05-02,2015-05-02,South Asia,Unknown,3.0,266.64,6.78,0.0,1.0,Shipping on time,0,-1.0,0,5,5.589642793914616,1,0,0,0
2990,2017-02-16,2017-02-20,West Europe,14724,2.0,76.4,25.99,4.0,4.0,Shipping on time,0,0.0,0,2,4.3489867805956814,0,0,0,1
2991,2015-02-16,2015-02-20,West Europe,70875,5.0,129.34,-19.05,4.0,4.0,Shipping on time,0,0.0,0,2,4.870146420904234,0,0,0,1
2992,2017-05-08,2017-05-15,West Europe,46844,5.0,36.216,8.1,7.0,4.0,Late delivery,0,3.0,1,5,3.6167387763362537,0,0,0,1
2993,2015-01-14,2015-01-17,Eastern Asia,34932,4.0,195.2,21.1,3.0,2.0,Late delivery,0,1.0,1,1,5.279134547131263,0,0,1,0
2994,2016-09-25,2016-09-30,Eastern Asia,87952,2.0,231.07,-41.09,5.0,2.0,Late delivery,0,3.0,1,9,5.447039050294667,0,0,1,0
2995,2017-05-26,2017-06-02,Oceania,23063,1.0,176.83,52.35,7.0,4.0,Late delivery,0,3.0,1,5,5.180828037755569,0,0,0,1
2996,2017-09-13,2017-09-19,US Center,38598,1.0,180.86,-15.72,6.0,4.0,Late delivery,0,2.0,1,9,5.203237160297767,0,0,0,1
2997,2016-04-21,2016-04-22,West Europe,10103,2.0,932.5600000000057,-9.94,1.0,1.0,Shipping on time,0,0.0,0,4,6.839005235153027,1,0,0,0
2998,2016-11-21,2016-11-25,Oceania,71652,3.0,163.91,17.95,4.0,4.0,Shipping on time,0,0.0,0,11,5.105399870540679,0,0,0,1
2999,2017-01-03,2017-01-06,US Center,Unknown,5.0,301.94,-2.2,3.0,4.0,Shipping on time,0,-1.0,0,1,5.71353476609888,0,0,0,1
3000,2017-03-14,2017-03-18,Eastern Asia,16602,4.0,117.34,36.06,4.0,4.0,Shipping on time,0,0.0,0,3,4.773561837248548,0,0,0,1
3001,2016-06-09,2016-06-12,US Center,28244,5.0,200.7,76.42,3.0,4.0,Shipping on time,0,-1.0,0,6,5.3067814449601665,0,0,0,1
3002,2017-03-03,2017-03-04,US Center,61028,3.0,228.6,80.93,1.0,1.0,Shipping on time,0,0.0,0,3,5.436338664445412,1,0,0,0
3003,2017-08-25,2017-08-27,South Asia,40251,3.0,131.03,12.31,2.0,2.0,Late delivery,0,0.0,0,8,4.88302916949111,0,0,1,0
3004,2015-02-09,2015-02-13,Eastern Asia,19426,4.0,172.23,46.54,4.0,4.0,Shipping on time,0,0.0,0,2,5.154620191290849,0,0,0,1
3005,2017-03-20,2017-03-26,Eastern Asia,30222,2.0,170.33,-1.47,6.0,4.0,Late delivery,0,2.0,1,3,5.143591521344882,0,0,0,1
3006,2016-10-10,2016-10-15,West Europe,40664,4.0,112.68,9.41,5.0,2.0,Late delivery,0,3.0,1,10,4.733387483788845,0,0,1,0
3007,2016-04-24,2016-04-28,West Europe,67516,4.0,613.9,65.84,4.0,2.0,Late delivery,0,2.0,1,4,6.421459652959424,0,0,1,0
3008,2016-05-20,2016-05-26,Central America,41421,2.0,116.77,6.94,6.0,4.0,Late delivery,0,2.0,1,5,4.768733569853457,0,0,0,1
3009,2015-06-30,2015-07-06,West Europe,66404,3.0,404.42,-33.69,6.0,4.0,Late delivery,0,2.0,1,6,6.004923566792138,0,0,0,1
3010,2017-08-02,2017-08-07,Eastern Asia,32196,3.0,278.86,95.24,5.0,4.0,Late delivery,0,1.0,1,8,5.634289478127568,0,0,0,1
3011,2016-01-20,2016-01-25,US Center,97515,3.0,46.16,8.83,5.0,2.0,Late delivery,0,3.0,1,1,3.85354607566917,0,0,1,0
3012,2015-06-04,2015-06-08,West Europe,21972,5.0,173.59,1.98,4.0,2.0,Late delivery,0,2.0,1,6,5.162440367996683,0,0,1,0
3013,2016-01-26,2016-01-30,Oceania,61449,2.0,272.84,-4.34,4.0,2.0,Late delivery,0,2.0,1,1,5.61254399422193,0,0,1,0
3014,2016-04-07,2016-04-14,Central America,69990,3.0,240.76,-31.52,7.0,4.0,Late delivery,0,3.0,1,4,5.48794549852443,0,0,0,1
3015,2015-12-26,2015-12-29,Eastern Asia,28512,5.0,88.84,7.35,3.0,1.0,Late delivery,0,2.0,1,12,4.498030310430188,1,0,0,0
3016,2016-06-02,2016-06-06,Eastern Asia,43060,5.0,174.36,0.1,4.0,4.0,Shipping on time,0,0.0,0,6,5.166841003759651,0,0,0,1
3017,2016-12-15,2016-12-17,Central America,67436,5.0,74.84,25.35,2.0,1.0,Late delivery,0,1.0,1,12,4.328625857946767,1,0,0,0
3018,2016-07-13,2016-07-19,Central America,89168,2.0,932.5600000000057,-61.534,6.0,4.0,Late delivery,0,2.0,1,7,6.839005235153027,0,0,0,1
3020,2016-02-29,2016-03-03,South Asia,27844,2.0,145.37,31.92,3.0,1.0,Late delivery,1,2.0,1,2,4.986137662495856,1,0,0,0
3021,2017-04-09,2017-04-13,Central America,52235,3.0,380.97,-12.28,4.0,2.0,Late delivery,0,2.0,1,4,5.945342071491203,0,0,1,0
3022,2016-03-15,2016-03-16,Central America,Unknown,5.0,184.64,0.86,1.0,2.0,Shipping on time,0,-1.0,0,3,5.223809314372975,0,0,1,0
3023,2015-07-16,2015-07-23,Oceania,11317,2.0,277.55,101.24,7.0,4.0,Late delivery,0,3.0,1,7,5.629597576466825,0,0,0,1
3024,2016-11-03,2016-11-08,Central America,35203,3.0,151.34,-4.67,5.0,2.0,Late delivery,1,3.0,1,11,5.026114864944642,0,0,1,0
3025,2015-06-18,2015-06-21,US Center,47561,5.0,76.62,-8.02,3.0,4.0,Shipping on time,0,-1.0,0,6,4.35182512594076,0,0,0,1
3026,2015-01-27,2015-01-30,South Asia,19275,1.0,113.1,-0.14,3.0,4.0,Shipping on time,0,-1.0,0,1,4.73707525686803,0,0,0,1
3027,2016-11-01,2016-11-07,Central America,36027,2.0,149.29,13.22,6.0,4.0,Late delivery,1,2.0,1,11,5.012566760946003,0,0,0,1
3028,2015-11-16,2015-11-19,West Europe,41732,4.0,68.88,6.72,3.0,4.0,Shipping on time,0,-1.0,0,11,4.246779485265856,0,0,0,1
3029,2017-01-03,2017-01-06,Eastern Asia,40158,1.0,59.76,13.89,3.0,4.0,Shipping on time,0,-1.0,0,1,4.106931677727572,0,0,0,1
3030,2016-02-10,2016-02-14,Oceania,87705,3.0,143.45,-16.31,4.0,2.0,Late delivery,0,2.0,1,2,4.9729334269122445,0,0,1,0
3031,2017-02-22,2017-02-26,US Center,55968,3.0,299.41,-26.1,4.0,4.0,Shipping on time,0,0.0,0,2,5.705148208283984,0,0,0,1
3032,2016-01-27,2016-01-30,Eastern Asia,79642,5.0,58.08,20.2,3.0,4.0,Shipping on time,0,-1.0,0,1,4.078892457663179,0,0,0,1
3033,2017-06-22,2017-06-25,South Asia,32827,1.0,160.44,26.95,3.0,0.0,Late delivery,1,3.0,1,6,5.084133556605299,0,1,0,0
3034,2017-01-02,2017-01-09,Central America,24459,5.0,68.04,-9.44,7.0,4.0,Late delivery,0,3.0,1,1,4.234686046775173,0,0,0,1
3035,2015-12-03,2015-12-08,Oceania,33353,4.0,348.14,52.99,5.0,4.0,Late delivery,0,1.0,1,12,5.855472987896634,0,0,0,1
3036,2015-05-19,2015-05-25,Eastern Asia,13452,4.0,224.15,67.61,6.0,4.0,Late delivery,0,2.0,1,5,5.4167668467475805,0,0,0,1
3037,2015-03-09,2015-03-14,Eastern Asia,26601,2.0,175.72,-9.69,5.0,4.0,Late delivery,0,1.0,1,3,5.174566559111862,0,0,0,1
3038,2017-04-03,2017-04-07,West Europe,33119,1.0,145.71,13.54,4.0,4.0,Shipping on time,0,0.0,0,4,4.988457849151553,0,0,0,1
3039,2016-01-05,2016-01-07,West Europe,37491,2.0,130.6,35.99,2.0,2.0,Shipping on time,0,0.0,0,1,4.879767018891217,0,0,1,0
3040,2016-08-06,2016-08-11,West Europe,30417,1.0,162.31,-5.57,5.0,4.0,Late delivery,0,1.0,1,8,5.095650235088652,0,0,0,1
3041,2015-11-21,2015-11-23,Eastern Asia,30084,4.0,932.5600000000057,174.0700000000001,2.0,1.0,Late delivery,0,1.0,1,11,6.839005235153027,1,0,0,0
3042,2017-02-17,2017-02-18,West Europe,81453,5.0,89.53,4.13,1.0,0.0,Late delivery,0,1.0,1,2,4.505681287487349,0,1,0,0
3043,2015-04-21,2015-04-24,Eastern Asia,22984,3.0,78.36,11.94,3.0,4.0,Shipping on time,0,-1.0,0,4,4.373994462976618,0,0,0,1
3046,2015-02-11,2015-02-17,US Center,57649,5.0,249.12,49.02,6.0,4.0,Late delivery,0,2.0,1,2,5.521940802699097,0,0,0,1
3047,2016-05-26,2016-06-02,Central America,44960,1.0,43.96,12.13,7.0,4.0,Late delivery,0,3.0,1,5,3.8057732055854356,0,0,0,1
3048,2017-07-06,2017-07-07,Central America,71857,3.0,208.36,-18.32,1.0,1.0,Shipping on time,0,0.0,0,7,5.34405525822189,1,0,0,0
3050,2016-09-16,2016-09-18,Eastern Asia,93283,3.0,304.07,34.77,2.0,2.0,Shipping on time,0,0.0,0,9,5.7205412584711555,0,0,1,0
3051,2017-05-19,2017-05-23,Oceania,60341,2.0,129.16,13.54,4.0,2.0,Late delivery,0,2.0,1,5,4.868764462910782,0,0,1,0
3052,2016-07-28,2016-08-03,US Center,16333,1.0,62.33,4.46,6.0,4.0,Late delivery,0,2.0,1,7,4.148359150528339,0,0,0,1
3053,2016-07-29,2016-08-03,US Center,54412,5.0,87.28,28.69,5.0,4.0,Late delivery,0,1.0,1,7,4.480513581388536,0,0,0,1
3054,2015-06-23,2015-06-25,Eastern Asia,41744,3.0,289.46,-47.01,2.0,2.0,Shipping on time,0,0.0,0,6,5.671465873179658,0,0,1,0
3055,2017-06-06,2017-06-08,South Asia,30505,1.0,125.17,22.4,2.0,2.0,Shipping on time,0,0.0,0,6,4.83763020393965,0,0,1,0
3056,2016-05-03,2016-05-09,Eastern Asia,14929,3.0,117.55,36.09,6.0,4.0,Late delivery,0,2.0,1,5,4.775334812511415,0,0,0,1
3057,2017-03-25,2017-03-28,West Europe,28135,2.0,106.3,29.98,3.0,1.0,Late delivery,0,2.0,1,3,4.675628649636653,1,0,0,0
3058,2015-09-02,2015-09-09,Eastern Asia,66897,2.0,143.96,33.55,7.0,4.0,Late delivery,0,3.0,1,9,4.9764578422946695,0,0,0,1
3059,2016-06-11,2016-06-15,Central America,41392,1.0,130.88,-10.24,4.0,4.0,Shipping on time,0,0.0,0,6,4.88189241820353,0,0,0,1
3060,2017-09-05,2017-09-09,West Europe,47746,1.0,60.24,-4.45,4.0,4.0,Shipping on time,0,0.0,0,9,4.114800570789483,0,0,0,1
3061,2016-09-11,2016-09-13,Oceania,62151,5.0,105.47,5.58,2.0,2.0,Shipping on time,0,0.0,0,9,4.667863255326515,0,0,1,0
3062,2015-01-22,2015-01-29,US Center,39736,5.0,268.99,72.35,7.0,4.0,Late delivery,0,3.0,1,1,5.59838492127545,0,0,0,1
3063,2016-04-15,2016-04-20,South Asia,73399,3.0,347.94,-52.16,5.0,4.0,Late delivery,0,1.0,1,4,5.854899987651756,0,0,0,1
3064,2015-03-01,2015-03-03,Eastern Asia,61337,1.0,139.15,-23.02,2.0,2.0,Shipping on time,0,0.0,0,3,4.942713277610797,0,0,1,0
3065,2016-01-23,2016-01-30,South Asia,76999,2.0,110.52,37.42,7.0,4.0,Late delivery,0,3.0,1,1,4.714203947012214,0,0,0,1
3067,2017-01-01,2017-01-05,South Asia,80231,2.0,134.72,22.18,4.0,2.0,Late delivery,0,2.0,1,1,4.910593939916029,0,0,1,0
3068,2016-09-12,2016-09-17,US Center,67370,4.0,75.14,26.94,5.0,2.0,Late delivery,0,3.0,1,9,4.332573750954351,0,0,1,0
3069,2016-08-24,2016-08-30,Oceania,57047,3.0,138.78,-19.98,6.0,4.0,Late delivery,0,2.0,1,8,4.940069758048983,0,0,0,1
3070,2017-05-20,2017-05-22,US Center,36923,3.0,224.11,8.96,2.0,2.0,Shipping on time,0,0.0,0,5,5.416589171626073,0,0,1,0
3072,2017-05-30,2017-06-06,West Europe,10770,5.0,112.4,-10.05,7.0,4.0,Late delivery,0,3.0,1,5,4.730921391293652,0,0,0,1
3073,2016-10-14,2016-10-21,Eastern Asia,71626,3.0,204.63,68.76,7.0,4.0,Late delivery,0,3.0,1,10,5.326078437333427,0,0,0,1
3074,2016-02-05,2016-02-09,US Center,96387,2.0,123.15,28.36,4.0,4.0,Shipping on time,0,0.0,0,2,4.821490511954176,0,0,0,1
3075,2016-06-19,2016-06-24,West Europe,59961,4.0,290.64,9.84,5.0,4.0,Late delivery,0,1.0,1,6,5.67552016493823,0,0,0,1
3076,2015-04-20,2015-04-23,Oceania,16306,5.0,173.61,49.84,3.0,2.0,Late delivery,0,1.0,1,4,5.162554915534036,0,0,1,0
3077,2015-04-22,2015-04-26,Eastern Asia,23790,2.0,174.01,10.01,4.0,2.0,Late delivery,0,2.0,1,4,5.164843115148066,0,0,1,0
3078,2017-08-05,2017-08-11,South Asia,82223,5.0,84.09,26.78,6.0,4.0,Late delivery,0,2.0,1,8,4.443709519861466,0,0,0,1
3079,2017-01-14,2017-01-19,West Europe,85355,3.0,123.9,49.3,5.0,4.0,Late delivery,0,1.0,1,1,4.827513417131532,0,0,0,1
3080,2016-04-09,2016-04-14,US Center,49984,3.0,123.56,18.88,5.0,4.0,Late delivery,0,1.0,1,4,4.824787527525743,0,0,0,1
3082,2017-01-26,2017-01-29,Eastern Asia,38428,3.0,246.09,-18.9,3.0,4.0,Shipping on time,0,-1.0,0,1,5.509752642730086,0,0,0,1
3083,2017-07-17,2017-07-17,Oceania,73320,1.0,148.39,-15.01,0.0,1.0,Shipping on time,0,-1.0,0,7,5.006560336054226,1,0,0,0
3084,2016-01-10,2016-01-17,Oceania,72846,5.0,132.18,5.4,7.0,4.0,Late delivery,0,3.0,1,1,4.891701596682476,0,0,0,1
3085,2017-06-18,2017-06-18,West Europe,41600,5.0,120.88,-3.53,0.0,1.0,Shipping on time,0,-1.0,0,6,4.803036954117508,1,0,0,0
3087,2015-04-24,2015-04-28,West Europe,66064,1.0,171.8,-16.0,4.0,4.0,Shipping on time,0,0.0,0,4,5.152134856369956,0,0,0,1
3088,2017-09-10,2017-09-13,South Asia,31140,5.0,69.58,13.98,3.0,2.0,Late delivery,0,1.0,1,9,4.256746818247124,0,0,1,0
3089,2015-09-24,2015-09-25,Oceania,39914,1.0,160.48,19.91,1.0,1.0,Shipping on time,0,0.0,0,9,5.08438129598474,1,0,0,0
3090,2016-04-07,2016-04-08,Central America,93757,1.0,159.43,-14.48,1.0,2.0,Shipping on time,0,-1.0,0,4,5.077857710362984,0,0,1,0
3091,2016-11-27,2016-12-03,West Europe,63160,4.0,151.63,-22.98,6.0,4.0,Late delivery,0,2.0,1,11,5.02801669192703,0,0,0,1
3093,2015-07-20,2015-07-20,West Europe,39592,4.0,137.5,53.69,0.0,1.0,Shipping on time,0,-1.0,0,7,4.930870325627393,1,0,0,0
3094,2016-11-06,2016-11-09,South Asia,92340,1.0,70.54,26.58,3.0,4.0,Shipping on time,0,-1.0,0,11,4.2702567338308715,0,0,0,1
3095,2017-04-04,2017-04-07,Oceania,37862,5.0,182.86,72.58,3.0,4.0,Shipping on time,0,-1.0,0,4,5.2141745984356085,0,0,0,1
3096,2015-01-13,2015-01-17,US Center,41121,5.0,321.59,16.86,4.0,4.0,Shipping on time,0,0.0,0,1,5.776382167070545,0,0,0,1
3097,2016-11-04,2016-11-06,West Europe,58771,4.0,247.97,85.38,2.0,1.0,Late delivery,0,1.0,1,11,5.517332407278467,1,0,0,0
3098,2015-09-05,2015-09-10,Oceania,67263,3.0,122.33,-17.05,5.0,2.0,Late delivery,0,3.0,1,9,4.814863689577897,0,0,1,0
3099,2017-08-08,2017-08-11,Eastern Asia,88836,5.0,108.76,-21.74,3.0,4.0,Shipping on time,0,-1.0,0,8,4.6982961639775755,0,0,0,1
3101,2015-12-18,2015-12-22,US Center,29505,1.0,182.85,-34.64,4.0,2.0,Late delivery,0,2.0,1,12,5.214120207747281,0,0,1,0
3102,2017-06-04,2017-06-09,Central America,27552,4.0,101.13,-13.1,5.0,4.0,Late delivery,0,1.0,1,6,4.626246511590008,0,0,0,1
3103,2016-11-19,2016-11-23,Eastern Asia,52308,4.0,109.11,9.98,4.0,4.0,Shipping on time,0,0.0,0,11,4.7014798661255,0,0,0,1
3104,2016-11-11,2016-11-16,West Europe,34334,2.0,36.216,10.43,5.0,2.0,Late delivery,0,3.0,1,11,3.6167387763362537,0,0,1,0
3105,2016-08-25,2016-08-29,West Europe,68876,3.0,90.78,21.91,4.0,4.0,Shipping on time,0,0.0,0,8,4.519394408966687,0,0,0,1
3106,2015-09-24,2015-10-01,South Asia,67195,3.0,94.38,11.13,7.0,4.0,Late delivery,0,3.0,1,9,4.557868912870078,0,0,0,1
3107,2016-11-12,2016-11-13,South Asia,22318,1.0,108.85,-17.64,1.0,0.0,Late delivery,0,1.0,1,11,4.699115798830619,0,1,0,0
3108,2016-07-02,2016-07-04,Eastern Asia,22459,4.0,302.81,56.83,2.0,2.0,Shipping on time,0,0.0,0,7,5.716402506012304,0,0,1,0
3109,2017-08-06,2017-08-13,West Europe,55835,5.0,67.53,11.98,7.0,4.0,Late delivery,0,3.0,1,8,4.227271605597732,0,0,0,1
3110,2016-03-04,2016-03-11,Central America,16235,1.0,68.61,19.58,7.0,4.0,Late delivery,0,3.0,1,3,4.242908235180575,0,0,0,1
3111,2015-12-19,2015-12-23,US Center,39955,4.0,932.5600000000057,174.0700000000001,4.0,4.0,Shipping on time,0,0.0,0,12,6.839005235153027,0,0,0,1
3112,2015-03-28,2015-03-31,South Asia,11495,3.0,84.04,0.13,3.0,1.0,Late delivery,0,2.0,1,3,4.443121734033692,1,0,0,0
3113,2015-08-20,2015-08-22,Oceania,97363,1.0,135.44,-3.76,2.0,2.0,Shipping on time,0,0.0,0,8,4.915884957550445,0,0,1,0
3114,2015-11-05,2015-11-06,US Center,92707,3.0,164.92,15.59,1.0,1.0,Shipping on time,0,0.0,0,11,5.111505744481217,1,0,0,0
3115,2017-03-15,2017-03-19,Eastern Asia,64117,2.0,150.37,-5.5,4.0,4.0,Shipping on time,0,0.0,0,3,5.019727170774474,0,0,0,1
3116,2016-12-16,2016-12-20,Central America,82709,3.0,94.72,36.38,4.0,4.0,Shipping on time,0,0.0,0,12,4.561427263040173,0,0,0,1
3117,2015-06-01,2015-06-07,US Center,16994,4.0,254.65,-36.43,6.0,4.0,Late delivery,0,2.0,1,6,5.543809321526008,0,0,0,1
3118,2015-02-26,2015-02-28,US Center,99379,1.0,357.2,71.97,2.0,2.0,Shipping on time,0,0.0,0,2,5.881091489626612,0,0,1,0
3119,2016-07-05,2016-07-12,Eastern Asia,30257,3.0,82.93,3.12,7.0,4.0,Late delivery,0,3.0,1,7,4.429983118094737,0,0,0,1
3120,2016-07-31,2016-08-06,US Center,34689,1.0,127.12,5.55,6.0,4.0,Late delivery,0,2.0,1,7,4.852967324740957,0,0,0,1
3121,2017-07-15,2017-07-18,Central America,46339,1.0,257.79,30.62,3.0,4.0,Shipping on time,0,-1.0,0,7,5.556016922003854,0,0,0,1
3122,2016-08-27,2016-08-28,US Center,63195,5.0,131.97,-1.26,1.0,2.0,Shipping on time,0,-1.0,0,8,4.890123538868615,0,0,1,0
3123,2017-04-26,2017-04-29,US Center,96098,4.0,83.08,19.42,3.0,4.0,Shipping on time,0,-1.0,0,4,4.431768726568696,0,0,0,1
3124,2015-11-06,2015-11-13,Central America,43347,4.0,149.29,19.32,7.0,4.0,Late delivery,1,3.0,1,11,5.012566760946003,0,0,0,1
3125,2016-11-22,2016-11-26,West Europe,65041,3.0,241.99,21.42,4.0,4.0,Shipping on time,0,0.0,0,11,5.493020290230397,0,0,0,1
3126,2017-09-09,2017-09-13,Central America,82606,3.0,83.33,5.12,4.0,4.0,Shipping on time,0,0.0,0,9,4.43473767358655,0,0,0,1
3127,2015-01-15,2015-01-16,Central America,19954,2.0,172.74,24.47,1.0,1.0,Shipping on time,0,0.0,0,1,5.157559928831774,1,0,0,0
3128,2015-02-05,2015-02-09,South Asia,41895,4.0,186.1,44.43,4.0,2.0,Late delivery,0,2.0,1,2,5.231643233280044,0,0,1,0
3129,2017-09-06,2017-09-10,Eastern Asia,93439,5.0,101.83,-9.98,4.0,2.0,Late delivery,0,2.0,1,9,4.6330771392411,0,0,1,0
3130,2015-05-11,2015-05-17,South Asia,87188,1.0,207.1,-24.46,6.0,4.0,Late delivery,0,2.0,1,5,5.338018733399589,0,0,0,1
3131,2016-03-28,2016-04-03,Eastern Asia,44975,3.0,219.74,-23.19,6.0,4.0,Late delivery,0,2.0,1,3,5.396985538344738,0,0,0,1
3132,2017-09-19,2017-09-25,US Center,70719,5.0,266.51,9.39,6.0,4.0,Late delivery,0,2.0,1,9,5.589156948814898,0,0,0,1
3133,2015-10-19,2015-10-22,Eastern Asia,86341,1.0,256.56,28.53,3.0,1.0,Late delivery,0,2.0,1,10,5.5512527026699825,1,0,0,0
3134,2017-05-09,2017-05-12,Eastern Asia,32743,2.0,62.45,3.57,3.0,4.0,Shipping on time,0,-1.0,0,5,4.150252194160397,0,0,0,1
3135,2015-03-09,2015-03-11,West Europe,71191,1.0,250.94,66.04,2.0,2.0,Shipping on time,0,0.0,0,3,5.529190963924157,0,0,1,0
3136,2017-02-28,2017-03-03,US Center,18005,3.0,209.15,40.26,3.0,4.0,Shipping on time,0,-1.0,0,2,5.347821561451125,0,0,0,1
3137,2015-05-25,2015-05-30,Central America,54345,4.0,263.31,51.4,5.0,4.0,Late delivery,0,1.0,1,5,5.5771226566871475,0,0,0,1
3138,2016-09-23,2016-09-27,Central America,54471,1.0,90.75,10.43,4.0,2.0,Late delivery,0,2.0,1,9,4.51906748693468,0,0,1,0
3139,2015-02-15,2015-02-22,Central America,50224,2.0,252.3,96.75,7.0,4.0,Late delivery,0,3.0,1,2,5.5345745570076295,0,0,0,1
3140,2017-08-25,2017-09-01,Oceania,95433,2.0,185.03,-33.92,7.0,4.0,Late delivery,0,3.0,1,8,5.225907951029896,0,0,0,1
3142,2016-06-13,2016-06-15,South Asia,89959,1.0,312.82,4.58,2.0,2.0,Shipping on time,0,0.0,0,6,5.748819573130922,0,0,1,0
3143,2016-01-16,2016-01-19,Oceania,27573,5.0,94.58,37.31,3.0,4.0,Shipping on time,0,-1.0,0,1,4.559963593150012,0,0,0,1
3144,2017-08-27,2017-09-01,US Center,72583,2.0,82.47,-1.03,5.0,4.0,Late delivery,0,1.0,1,8,4.424487285862646,0,0,0,1
3145,2015-10-22,2015-10-25,West Europe,69799,4.0,187.81,8.98,3.0,4.0,Shipping on time,0,-1.0,0,10,5.240741218410441,0,0,0,1
3146,2017-08-04,2017-08-09,South Asia,48573,3.0,104.78,26.27,5.0,2.0,Late delivery,0,3.0,1,8,4.6613614656378335,0,0,1,0
3147,2017-03-29,2017-04-05,West Europe,76079,2.0,183.92,9.92,7.0,4.0,Late delivery,0,3.0,1,3,5.219923299120024,0,0,0,1
3148,2015-03-25,2015-04-01,West Europe,57890,4.0,129.17,-14.12,7.0,4.0,Late delivery,0,3.0,1,3,4.868841288478369,0,0,0,1
3149,2015-03-22,2015-03-24,Oceania,56384,3.0,175.74,-11.93,2.0,1.0,Late delivery,0,1.0,1,3,5.174679726089859,1,0,0,0
3150,2016-09-10,2016-09-12,Eastern Asia,82805,1.0,239.72,26.19,2.0,2.0,Shipping on time,0,0.0,0,9,5.483634432321789,0,0,1,0
3151,2016-02-26,2016-03-01,South Asia,48703,4.0,146.21,3.86,4.0,2.0,Late delivery,0,2.0,1,2,4.991860138769922,0,0,1,0
3152,2015-12-19,2015-12-22,Central America,80358,5.0,247.3,36.2,3.0,4.0,Shipping on time,0,-1.0,0,12,5.514637692514121,0,0,0,1
3153,2017-03-14,2017-03-17,Oceania,95546,1.0,244.25,-13.59,3.0,1.0,Late delivery,0,2.0,1,3,5.502278098445473,1,0,0,0
3154,2015-12-19,2015-12-25,Central America,42040,5.0,91.57,35.39,6.0,4.0,Late delivery,0,2.0,1,12,4.52796511507912,0,0,0,1
3155,2017-04-09,2017-04-12,US Center,39067,3.0,245.41,0.13,3.0,0.0,Late delivery,0,3.0,1,4,5.506996815251424,0,1,0,0
3156,2015-04-23,2015-04-25,Eastern Asia,76689,1.0,213.78,5.56,2.0,1.0,Late delivery,0,1.0,1,4,5.369614248430071,1,0,0,0
3157,2016-12-10,2016-12-13,Eastern Asia,37316,4.0,161.31,27.49,3.0,2.0,Late delivery,0,1.0,1,12,5.089508086916979,0,0,1,0
3158,2016-06-18,2016-06-22,US Center,75715,1.0,286.0,87.51,4.0,1.0,Late delivery,0,3.0,1,6,5.659482215759621,1,0,0,0
3159,2016-06-08,2016-06-12,West Europe,43669,1.0,391.13,124.33,4.0,4.0,Shipping on time,0,0.0,0,6,5.97159341746557,0,0,0,1
3160,2017-07-02,2017-07-07,Eastern Asia,38493,4.0,232.25,29.81,5.0,2.0,Late delivery,0,3.0,1,7,5.452110839727453,0,0,1,0
3161,2015-06-08,2015-06-11,West Europe,79014,3.0,63.52,19.92,3.0,4.0,Shipping on time,0,-1.0,0,6,4.166975253257008,0,0,0,1
3162,2015-01-10,2015-01-13,Eastern Asia,43376,2.0,193.38,37.82,3.0,0.0,Late delivery,0,3.0,1,1,5.269815006075325,0,1,0,0
3163,2016-01-31,2016-02-02,Central America,72488,3.0,138.28,0.77,2.0,1.0,Late delivery,0,1.0,1,1,4.936486295459933,1,0,0,0
3164,2016-08-15,2016-08-19,Central America,77682,2.0,127.68,11.69,4.0,4.0,Shipping on time,0,0.0,0,8,4.857328702370825,0,0,0,1
3165,2016-12-30,2017-01-02,Central America,57646,4.0,182.54,-0.54,3.0,4.0,Shipping on time,0,-1.0,0,12,5.212432627390867,0,0,0,1
3166,2016-02-09,2016-02-14,US Center,40519,2.0,123.5,33.79,5.0,4.0,Late delivery,0,1.0,1,2,4.824305715904762,0,0,0,1
3167,2017-02-19,2017-02-24,West Europe,31885,3.0,386.09,58.02,5.0,2.0,Late delivery,0,3.0,1,2,5.958657224131864,0,0,1,0
3168,2016-05-31,2016-06-07,South Asia,86493,1.0,175.42,20.24,7.0,4.0,Late delivery,0,3.0,1,5,5.172867515830621,0,0,0,1
3169,2016-09-02,2016-09-04,Eastern Asia,46462,5.0,151.13,0.33,2.0,0.0,Late delivery,0,2.0,1,9,5.0247354184750375,0,1,0,0
3170,2015-06-15,2015-06-22,US Center,67361,5.0,235.86,57.03,7.0,4.0,Late delivery,0,3.0,1,6,5.467469249293349,0,0,0,1
3171,2017-06-17,2017-06-17,West Europe,81432,3.0,238.26,-10.01,0.0,0.0,Shipping on time,0,0.0,0,6,5.477550826742758,0,1,0,0
3172,2015-02-21,2015-02-26,South Asia,54101,4.0,297.58,-4.13,5.0,2.0,Late delivery,0,3.0,1,2,5.699037903625444,0,0,1,0
3173,2016-07-18,2016-07-23,South Asia,60168,4.0,216.28,-42.63,5.0,4.0,Late delivery,0,1.0,1,7,5.3811868443703315,0,0,0,1
3174,2015-06-12,2015-06-15,West Europe,66263,2.0,146.55,-19.69,3.0,4.0,Shipping on time,0,-1.0,0,6,4.994167101388949,0,0,0,1
3175,2017-04-27,2017-05-02,Eastern Asia,72992,1.0,161.95,-0.7,5.0,4.0,Late delivery,0,1.0,1,4,5.093443405283571,0,0,0,1
3176,2015-03-10,2015-03-17,West Europe,25452,5.0,42.64,-0.21,7.0,4.0,Late delivery,0,3.0,1,3,3.77597416096487,0,0,0,1
3177,2017-06-23,2017-06-27,South Asia,99454,1.0,63.73,3.56,4.0,2.0,Late delivery,0,2.0,1,6,4.170224772557419,0,0,1,0
3178,2015-11-19,2015-11-20,US Center,38100,2.0,151.34,52.33,1.0,2.0,Shipping on time,1,-1.0,0,11,5.026114864944642,0,0,1,0
3179,2015-06-18,2015-06-22,South Asia,57067,5.0,123.78,-4.88,4.0,1.0,Late delivery,0,3.0,1,6,4.82655218668264,1,0,0,0
3180,2015-03-20,2015-03-27,Eastern Asia,73193,4.0,429.63,-42.28,7.0,4.0,Late delivery,0,3.0,1,3,6.065249252730995,0,0,0,1
3181,2015-05-26,2015-05-27,US Center,72686,4.0,426.99,74.73,1.0,1.0,Late delivery,0,0.0,0,5,6.059099830822862,1,0,0,0
3182,2015-07-27,2015-08-02,Central America,59018,4.0,72.3,16.58,6.0,4.0,Late delivery,0,2.0,1,7,4.294560608892605,0,0,0,1
3184,2015-10-31,2015-10-31,US Center,92528,3.0,802.95,80.61,0.0,1.0,Shipping on time,0,-1.0,0,10,6.689537078190421,1,0,0,0
3185,2015-10-24,2015-10-29,West Europe,15096,4.0,94.75,-15.58,5.0,4.0,Late delivery,0,1.0,1,10,4.561740628060756,0,0,0,1
3186,2016-11-30,2016-11-30,Oceania,80399,4.0,145.37,0.6,0.0,1.0,Shipping on time,1,-1.0,0,11,4.986137662495856,1,0,0,0
3187,2016-03-24,2016-03-29,US Center,33261,3.0,131.04,27.41,5.0,2.0,Late delivery,0,3.0,1,3,4.883104906984992,0,0,1,0
3188,2017-05-13,2017-05-14,Central America,26639,2.0,130.21,5.19,1.0,2.0,Shipping on time,0,-1.0,0,5,4.876799093117625,0,0,1,0
3189,2016-02-28,2016-02-29,South Asia,85651,4.0,127.39,-14.6,1.0,1.0,Shipping on time,0,0.0,0,2,4.855072506602992,1,0,0,0
3190,2016-09-17,2016-09-21,Eastern Asia,41200,4.0,148.32,55.26,4.0,4.0,Shipping on time,0,0.0,0,9,5.006091654046383,0,0,0,1
3191,2017-04-28,2017-05-04,Central America,80703,4.0,233.49,72.0,6.0,4.0,Late delivery,0,2.0,1,4,5.457412943053815,0,0,0,1
3192,2017-06-15,2017-06-19,US Center,59179,2.0,93.88,-4.24,4.0,4.0,Shipping on time,0,0.0,0,6,4.552612935249416,0,0,0,1
3193,2015-01-13,2015-01-13,South Asia,17146,4.0,200.98,-25.0,0.0,1.0,Shipping on time,0,-1.0,0,1,5.308168682598411,1,0,0,0
3194,2016-05-15,2016-05-19,Central America,42554,1.0,99.39,8.67,4.0,1.0,Late delivery,0,3.0,1,5,4.609062600703435,1,0,0,0
3195,2016-05-05,2016-05-10,US Center,28788,2.0,203.29,-10.57,5.0,4.0,Late delivery,0,1.0,1,5,5.319540552999562,0,0,0,1
3196,2016-01-25,2016-01-26,Eastern Asia,Unknown,2.0,180.17,18.94,1.0,2.0,Shipping on time,0,-1.0,0,1,5.199435816987919,0,0,1,0
3197,2016-04-06,2016-04-13,Oceania,16429,3.0,95.37,23.16,7.0,4.0,Late delivery,0,3.0,1,4,4.568194949863196,0,0,0,1
3198,2016-05-13,2016-05-20,South Asia,46530,4.0,162.65,-4.75,7.0,4.0,Late delivery,0,3.0,1,5,5.097730000947189,0,0,0,1
3199,2015-04-09,2015-04-15,Eastern Asia,91272,3.0,97.73,2.36,6.0,4.0,Late delivery,0,2.0,1,4,4.592388851623358,0,0,0,1
3200,2016-09-13,2016-09-16,US Center,31426,4.0,91.66,15.69,3.0,4.0,Shipping on time,0,-1.0,0,9,4.528936879988502,0,0,0,1
3201,2016-03-22,2016-03-25,West Europe,34201,3.0,295.89,35.01,3.0,4.0,Shipping on time,0,-1.0,0,3,5.693361699828284,0,0,0,1
3202,2015-01-14,2015-01-17,Eastern Asia,52164,2.0,51.98,-9.93,3.0,4.0,Shipping on time,0,-1.0,0,1,3.9699144838439238,0,0,0,1
3203,2017-05-24,2017-05-31,West Europe,39175,3.0,207.49,-0.55,7.0,4.0,Late delivery,0,3.0,1,5,5.339891078457965,0,0,0,1
3204,2017-07-10,2017-07-15,West Europe,49067,1.0,226.15,-27.2,5.0,4.0,Late delivery,0,1.0,1,7,5.4256105922054125,0,0,0,1
3205,2015-02-21,2015-02-24,Eastern Asia,13663,2.0,106.19,33.5,3.0,2.0,Late delivery,0,1.0,1,2,4.674602960703428,0,0,1,0
3206,2016-12-22,2016-12-28,Central America,55499,3.0,282.47,22.17,6.0,4.0,Late delivery,0,2.0,1,12,5.647106297462645,0,0,0,1
3207,2015-09-08,2015-09-13,West Europe,27888,4.0,254.46,70.13,5.0,4.0,Late delivery,0,1.0,1,9,5.543065841614631,0,0,0,1
3208,2015-06-06,2015-06-09,South Asia,25965,4.0,70.57,-2.83,3.0,2.0,Late delivery,0,1.0,1,6,4.270675991750506,0,0,1,0
3209,2016-08-30,2016-09-06,US Center,75210,5.0,203.47,-33.5,7.0,4.0,Late delivery,0,3.0,1,8,5.3204212654549625,0,0,0,1
3210,2016-04-08,2016-04-15,Central America,77470,1.0,196.79,65.68,7.0,4.0,Late delivery,0,3.0,1,4,5.287205861793318,0,0,0,1
3211,2016-06-27,2016-06-29,Oceania,44515,1.0,97.61,32.16,2.0,1.0,Late delivery,0,1.0,1,6,4.591172676344238,1,0,0,0
3212,2016-10-02,2016-10-04,South Asia,91188,1.0,209.61,30.29,2.0,0.0,Late delivery,0,2.0,1,10,5.3500080819533915,0,1,0,0
3213,2017-01-29,2017-01-30,West Europe,81795,3.0,232.01,-28.25,1.0,1.0,Shipping on time,0,0.0,0,1,5.451081371099666,1,0,0,0
3214,2016-10-04,2016-10-08,US Center,58968,3.0,98.59,-15.76,4.0,4.0,Shipping on time,0,0.0,0,10,4.601061757943548,0,0,0,1
3215,2015-12-09,2015-12-12,Central America,74350,5.0,47.0,9.43,3.0,2.0,Late delivery,0,1.0,1,12,3.871201010907891,0,0,1,0
3216,2016-05-14,2016-05-21,Central America,10529,1.0,189.45,22.17,7.0,4.0,Late delivery,0,3.0,1,5,5.249389692924613,0,0,0,1
3217,2015-05-04,2015-05-10,Eastern Asia,94375,5.0,97.36,0.55,6.0,4.0,Late delivery,0,2.0,1,5,4.588634217347992,0,0,0,1
3218,2016-04-03,2016-04-09,Central America,51746,3.0,55.12,7.99,6.0,4.0,Late delivery,0,2.0,1,4,4.02749225523426,0,0,0,1
3219,2016-01-06,2016-01-07,Eastern Asia,54873,3.0,119.91,-20.2,1.0,1.0,Shipping on time,0,0.0,0,1,4.795046467186156,1,0,0,0
3220,2015-01-13,2015-01-17,South Asia,60015,1.0,37.48,-2.83,4.0,1.0,Late delivery,0,3.0,1,1,3.6501386257975055,1,0,0,0
3221,2017-04-10,2017-04-13,US Center,27733,1.0,123.12,47.49,3.0,4.0,Shipping on time,0,-1.0,0,4,4.821248839580179,0,0,0,1
3222,2015-11-24,2015-11-29,Oceania,39390,4.0,359.29,24.39,5.0,4.0,Late delivery,0,1.0,1,11,5.886909262719977,0,0,0,1
3223,2016-03-11,2016-03-12,US Center,91186,3.0,36.216,1.78,1.0,1.0,Shipping on time,0,0.0,0,3,3.6167387763362537,1,0,0,0
3224,2016-08-30,2016-09-02,Central America,74488,4.0,195.8,76.15,3.0,0.0,Late delivery,0,3.0,1,8,5.282187984618153,0,1,0,0
3225,2016-02-01,2016-02-04,Oceania,98990,1.0,87.56,6.02,3.0,4.0,Shipping on time,0,-1.0,0,2,4.4836802884003815,0,0,0,1
3226,2015-03-15,2015-03-18,Eastern Asia,Unknown,5.0,117.95,-20.3,3.0,4.0,Shipping on time,0,-1.0,0,3,4.778703236748966,0,0,0,1
3227,2017-02-20,2017-02-23,Central America,79121,2.0,88.16,17.9,3.0,4.0,Shipping on time,0,-1.0,0,2,4.490432508517668,0,0,0,1
3228,2017-08-24,2017-08-28,Eastern Asia,70800,1.0,217.25,22.91,4.0,2.0,Late delivery,0,2.0,1,8,5.385641194719711,0,0,1,0
3229,2016-08-08,2016-08-11,South Asia,88757,2.0,149.01,-6.95,3.0,4.0,Shipping on time,0,-1.0,0,8,5.010701958540799,0,0,0,1
3230,2017-07-12,2017-07-19,West Europe,35901,1.0,95.09,10.73,7.0,4.0,Late delivery,0,3.0,1,7,4.5652852522891765,0,0,0,1
3231,2015-05-17,2015-05-22,Central America,47830,5.0,69.94,-1.78,5.0,4.0,Late delivery,0,1.0,1,5,4.261834449345476,0,0,0,1
3232,2015-03-21,2015-03-25,South Asia,46377,5.0,116.9,26.31,4.0,4.0,Shipping on time,0,0.0,0,3,4.769836807543325,0,0,0,1
3233,2016-01-16,2016-01-20,West Europe,66129,4.0,149.29,113.3,4.0,4.0,Shipping on time,1,0.0,0,1,5.012566760946003,0,0,0,1
3234,2017-02-15,2017-02-19,West Europe,19260,4.0,73.9,-11.81,4.0,4.0,Shipping on time,0,0.0,0,2,4.316153890523174,0,0,0,1
3235,2017-06-28,2017-06-28,Eastern Asia,99537,2.0,191.14,47.22,0.0,0.0,Shipping on time,0,0.0,0,6,5.258224272981592,0,1,0,0
3236,2017-07-20,2017-07-23,Eastern Asia,18349,4.0,182.65,58.17,3.0,4.0,Shipping on time,0,-1.0,0,7,5.213031772265676,0,0,0,1
3237,2015-01-30,2015-02-03,Eastern Asia,36975,5.0,46.72,10.37,4.0,2.0,Late delivery,0,2.0,1,1,3.8653505972297153,0,0,1,0
3238,2015-04-27,2015-04-28,Eastern Asia,63405,1.0,285.4,38.92,1.0,2.0,Shipping on time,0,-1.0,0,4,5.657389435086491,0,0,1,0
3239,2017-02-01,2017-02-07,West Europe,14684,1.0,146.48,-4.2,6.0,4.0,Late delivery,0,2.0,1,2,4.993692573365943,0,0,0,1
3241,2015-11-05,2015-11-12,Oceania,32117,1.0,413.53,-48.22,7.0,4.0,Late delivery,0,3.0,1,11,6.027145348313364,0,0,0,1
3242,2017-03-15,2017-03-17,Central America,52855,2.0,129.63,-21.32,2.0,2.0,Shipping on time,0,0.0,0,3,4.872368899498472,0,0,1,0
3243,2017-01-18,2017-01-19,Eastern Asia,84369,5.0,137.02,30.21,1.0,2.0,Shipping on time,0,-1.0,0,1,4.927398602192456,0,0,1,0
3244,2016-10-17,2016-10-20,Central America,38203,1.0,83.35,-11.1,3.0,2.0,Late delivery,0,1.0,1,10,4.434974808991977,0,0,1,0
3245,2015-06-14,2015-06-20,US Center,70613,5.0,67.21,-11.43,6.0,4.0,Late delivery,0,2.0,1,6,4.222591181666628,0,0,0,1
3246,2015-12-19,2015-12-19,South Asia,62524,1.0,238.76,-12.45,0.0,0.0,Shipping on time,0,0.0,0,12,5.479638423008407,0,1,0,0
3247,2016-10-18,2016-10-19,Eastern Asia,54616,1.0,129.46,-25.04,1.0,1.0,Shipping on time,0,0.0,0,10,4.87106666636795,1,0,0,0
3248,2016-02-26,2016-03-03,Oceania,42304,1.0,118.51,18.9,6.0,4.0,Late delivery,0,2.0,1,2,4.783400049878789,0,0,0,1
3249,2017-05-09,2017-05-12,Oceania,59801,4.0,135.7,15.49,3.0,2.0,Late delivery,0,1.0,1,5,4.917788743729904,0,0,1,0
3250,2017-06-22,2017-06-29,US Center,54287,4.0,223.24,14.13,7.0,4.0,Late delivery,0,3.0,1,6,5.412716906856533,0,0,0,1
3251,2015-03-08,2015-03-10,Central America,53410,1.0,260.2,-39.88,2.0,1.0,Late delivery,0,1.0,1,3,5.565286397402276,1,0,0,0
3252,2016-10-23,2016-10-27,US Center,96117,3.0,150.06,16.39,4.0,2.0,Late delivery,0,2.0,1,10,5.017677108885302,0,0,1,0
3253,2017-08-15,2017-08-17,Central America,17046,3.0,133.9,28.59,2.0,1.0,Late delivery,0,1.0,1,8,4.90453376321371,1,0,0,0
3254,2017-07-19,2017-07-22,US Center,15001,2.0,159.33,0.46,3.0,4.0,Shipping on time,0,-1.0,0,7,5.077234191200746,0,0,0,1
3255,2015-04-17,2015-04-18,West Europe,40986,2.0,504.05,-19.11,1.0,0.0,Late delivery,0,1.0,1,4,6.224657434275193,0,1,0,0
3257,2015-01-14,2015-01-21,Central America,54106,2.0,76.14,-2.44,7.0,4.0,Late delivery,0,3.0,1,1,4.345621952780082,0,0,0,1
3258,2015-10-16,2015-10-19,West Europe,88112,2.0,198.17,5.46,3.0,4.0,Shipping on time,0,-1.0,0,10,5.294158731399178,0,0,0,1
3259,2017-04-02,2017-04-08,Central America,13112,1.0,163.59,23.79,6.0,4.0,Late delivery,0,2.0,1,4,5.103457533055977,0,0,0,1
3260,2015-01-22,2015-01-25,Central America,98095,5.0,308.53,-53.88,3.0,2.0,Late delivery,0,1.0,1,1,5.735055017960308,0,0,1,0
3261,2016-05-27,2016-05-31,West Europe,29556,2.0,323.84,-8.84,4.0,4.0,Shipping on time,0,0.0,0,5,5.78333275341421,0,0,0,1
3262,2016-06-08,2016-06-12,Oceania,57698,2.0,479.04,-61.534,4.0,4.0,Shipping on time,0,0.0,0,6,6.17386943376324,0,0,0,1
3263,2015-02-05,2015-02-11,Oceania,86153,1.0,93.97,-5.83,6.0,4.0,Late delivery,0,2.0,1,2,4.553561052254861,0,0,0,1
3264,2016-06-21,2016-06-23,Central America,57750,1.0,215.2,61.5,2.0,1.0,Late delivery,0,1.0,1,6,5.376203905205108,1,0,0,0
3265,2016-10-17,2016-10-20,US Center,79213,4.0,130.68,4.36,3.0,4.0,Shipping on time,0,-1.0,0,10,4.88037473692876,0,0,0,1
3266,2016-05-09,2016-05-16,Eastern Asia,73752,5.0,265.51,18.95,7.0,4.0,Late delivery,0,3.0,1,5,5.58541176635407,0,0,0,1
3267,2016-05-23,2016-05-26,West Europe,51973,5.0,167.54,-3.06,3.0,1.0,Late delivery,0,2.0,1,5,5.1271731103442075,1,0,0,0
3268,2015-04-28,2015-05-02,Eastern Asia,34934,5.0,252.61,93.66,4.0,2.0,Late delivery,0,2.0,1,4,5.535797653962299,0,0,1,0
3269,2017-09-21,2017-09-24,Central America,29601,4.0,97.24,31.19,3.0,2.0,Late delivery,0,1.0,1,9,4.587413464398832,0,0,1,0
3270,2017-07-03,2017-07-06,South Asia,57406,2.0,165.57,-27.32,3.0,0.0,Late delivery,0,3.0,1,7,5.115415641489016,0,1,0,0
3271,2017-09-03,2017-09-07,South Asia,12417,1.0,111.21,-5.18,4.0,4.0,Shipping on time,0,0.0,0,9,4.720372115676775,0,0,0,1
3273,2017-05-28,2017-06-01,South Asia,61621,1.0,115.17,29.5,4.0,2.0,Late delivery,0,2.0,1,5,4.755054635525384,0,0,1,0
3274,2016-04-20,2016-04-24,South Asia,69764,1.0,82.13,-0.76,4.0,2.0,Late delivery,0,2.0,1,4,4.420405647542997,0,0,1,0
3275,2016-06-07,2016-06-08,Eastern Asia,55719,1.0,289.66,-26.31,1.0,2.0,Shipping on time,0,-1.0,0,6,5.672154199198024,0,0,1,0
3276,2016-05-06,2016-05-10,South Asia,14707,3.0,178.93,-20.61,4.0,4.0,Shipping on time,0,0.0,0,5,5.192567886364428,0,0,0,1
3277,2017-03-29,2017-04-01,Oceania,81836,3.0,285.68,87.8,3.0,4.0,Shipping on time,0,-1.0,0,3,5.658366611125719,0,0,0,1
3278,2015-02-12,2015-02-14,Central America,78638,1.0,83.86,3.04,2.0,2.0,Shipping on time,0,0.0,0,2,4.441002839774179,0,0,1,0
3280,2015-09-09,2015-09-14,US Center,15924,2.0,102.93,6.15,5.0,4.0,Late delivery,0,1.0,1,9,4.6437175956003305,0,0,0,1
3281,2015-09-30,2015-10-05,West Europe,63012,2.0,137.67,54.22,5.0,4.0,Late delivery,0,1.0,1,9,4.932097009765773,0,0,0,1
3282,2017-01-06,2017-01-12,Oceania,85747,5.0,239.51,52.94,6.0,4.0,Late delivery,0,2.0,1,1,5.48276166872297,0,0,0,1
3283,2017-01-17,2017-01-23,Eastern Asia,69663,3.0,280.13,-16.82,6.0,4.0,Late delivery,0,2.0,1,1,5.638817195803842,0,0,0,1
3284,2016-11-06,2016-11-09,West Europe,33724,1.0,151.34,-25.95,3.0,2.0,Late delivery,1,1.0,1,11,5.026114864944642,0,0,1,0
3285,2015-10-23,2015-10-27,US Center,75985,2.0,371.93,-48.29,4.0,4.0,Shipping on time,0,0.0,0,10,5.921390734471734,0,0,0,1
3286,2017-01-07,2017-01-10,Central America,57368,3.0,231.15,79.55,3.0,1.0,Late delivery,0,2.0,1,1,5.447383714465931,1,0,0,0
3287,2016-02-25,2016-03-01,Central America,70854,1.0,160.83,11.43,5.0,4.0,Late delivery,0,1.0,1,2,5.0865464015287944,0,0,0,1
3288,2017-03-29,2017-04-04,West Europe,55946,3.0,96.12,21.07,6.0,4.0,Late delivery,0,2.0,1,3,4.575947327311188,0,0,0,1
3289,2015-03-21,2015-03-28,Eastern Asia,27104,1.0,225.52,73.64,7.0,4.0,Late delivery,0,3.0,1,3,5.422833241245605,0,0,0,1
3290,2016-03-24,2016-03-25,South Asia,73280,2.0,151.34,-18.1,1.0,2.0,Shipping on time,1,-1.0,0,3,5.026114864944642,0,0,1,0
3291,2015-05-17,2015-05-24,West Europe,40565,3.0,93.86,-6.84,7.0,4.0,Late delivery,0,3.0,1,5,4.552402120449436,0,0,0,1
3292,2017-05-31,2017-06-07,Central America,52269,5.0,212.73,9.97,7.0,4.0,Late delivery,0,3.0,1,5,5.364713536187719,0,0,0,1
3293,2016-05-16,2016-05-18,Oceania,17728,3.0,171.45,44.25,2.0,0.0,Late delivery,0,2.0,1,5,5.15010733938285,0,1,0,0
3294,2015-06-07,2015-06-10,Oceania,54785,3.0,249.28,15.7,3.0,2.0,Late delivery,0,1.0,1,6,5.522580291130163,0,0,1,0
3295,2017-04-17,2017-04-21,US Center,49804,3.0,98.83,-1.74,4.0,4.0,Shipping on time,0,0.0,0,4,4.603468739348334,0,0,0,1
3296,2016-01-31,2016-02-02,Central America,94681,1.0,300.14,-47.1,2.0,1.0,Late delivery,0,1.0,1,1,5.707575272894897,1,0,0,0
3298,2016-05-29,2016-05-31,Central America,41212,4.0,136.43,-11.73,2.0,1.0,Late delivery,0,1.0,1,5,4.923114696566761,1,0,0,0
3299,2015-06-06,2015-06-13,South Asia,19821,3.0,96.49,36.44,7.0,4.0,Late delivery,0,3.0,1,6,4.57974980864118,0,0,0,1
3300,2016-04-27,2016-04-28,Eastern Asia,65165,3.0,79.92,25.86,1.0,0.0,Late delivery,0,1.0,1,4,4.393461012299545,0,1,0,0
3301,2016-06-26,2016-07-03,Central America,74001,5.0,67.48,2.95,7.0,4.0,Late delivery,0,3.0,1,6,4.226541731833486,0,0,0,1
3302,2016-09-19,2016-09-24,South Asia,Unknown,1.0,343.74,-51.2,5.0,2.0,Late delivery,0,3.0,1,9,5.842790509726245,0,0,1,0
3303,2015-11-03,2015-11-10,Eastern Asia,48335,3.0,65.37,1.82,7.0,4.0,Late delivery,0,3.0,1,11,4.195245147157833,0,0,0,1
3304,2015-05-17,2015-05-24,South Asia,85748,2.0,218.54,84.07,7.0,4.0,Late delivery,0,3.0,1,5,5.39153444825917,0,0,0,1
3305,2015-07-24,2015-07-26,Central America,77703,2.0,130.29,23.51,2.0,2.0,Shipping on time,0,0.0,0,7,4.877408616946019,0,0,1,0
3306,2016-02-01,2016-02-05,Central America,32673,3.0,107.37,9.95,4.0,4.0,Shipping on time,0,0.0,0,2,4.685551297934904,0,0,0,1
3307,2016-01-01,2016-01-05,US Center,16531,2.0,114.05,4.17,4.0,4.0,Shipping on time,0,0.0,0,1,4.745366816481375,0,0,0,1
3308,2017-07-03,2017-07-08,Central America,97393,3.0,142.37,-11.57,5.0,4.0,Late delivery,0,1.0,1,7,4.965428701258176,0,0,0,1
3309,2016-11-10,2016-11-12,US Center,70966,5.0,256.74,-29.32,2.0,2.0,Shipping on time,0,0.0,0,11,5.551951324860245,0,0,1,0
3310,2017-09-25,2017-10-01,Eastern Asia,12471,3.0,209.98,11.15,6.0,4.0,Late delivery,0,2.0,1,9,5.351763342253663,0,0,0,1
3311,2017-07-14,2017-07-20,West Europe,92936,1.0,150.58,57.72,6.0,4.0,Late delivery,0,2.0,1,7,5.021113538383883,0,0,0,1
3312,2015-03-05,2015-03-09,US Center,50578,1.0,67.22,24.65,4.0,4.0,Shipping on time,0,0.0,0,3,4.2227377769905,0,0,0,1
3313,2015-04-08,2015-04-15,Eastern Asia,83718,5.0,52.81,16.66,7.0,4.0,Late delivery,0,3.0,1,4,3.9854593235013285,0,0,0,1
3314,2015-03-05,2015-03-08,West Europe,75325,1.0,452.53,2.69,3.0,1.0,Late delivery,0,2.0,1,3,6.117061419517179,1,0,0,0
3315,2015-10-21,2015-10-26,South Asia,23269,4.0,83.25,12.8,5.0,4.0,Late delivery,0,1.0,1,10,4.433788569232471,0,0,0,1
3316,2015-12-12,2015-12-16,US Center,71729,3.0,59.81,-5.4,4.0,2.0,Late delivery,0,2.0,1,12,4.107754249132018,0,0,1,0
3317,2017-01-18,2017-01-21,South Asia,43440,2.0,291.91,-14.32,3.0,2.0,Late delivery,0,1.0,1,1,5.679865394596054,0,0,1,0
3318,2015-05-30,2015-05-31,Central America,46203,5.0,62.31,-5.87,1.0,1.0,Shipping on time,0,0.0,0,5,4.148043294556035,1,0,0,0
3319,2016-05-12,2016-05-18,Eastern Asia,63524,4.0,233.27,5.67,6.0,4.0,Late delivery,0,2.0,1,5,5.4564742963426935,0,0,0,1
3320,2017-03-11,2017-03-15,Oceania,52916,1.0,260.75,-43.61,4.0,4.0,Shipping on time,0,0.0,0,3,5.567389849750646,0,0,0,1
3321,2016-01-23,2016-01-28,Central America,60075,2.0,174.39,54.95,5.0,4.0,Late delivery,0,1.0,1,1,5.167012065770046,0,0,0,1
3322,2016-03-12,2016-03-17,West Europe,12941,2.0,265.74,94.65,5.0,4.0,Late delivery,0,1.0,1,3,5.586274401194249,0,0,0,1
3323,2017-03-12,2017-03-17,Central America,14828,1.0,66.38,-5.38,5.0,4.0,Late delivery,0,1.0,1,3,4.2103482379784065,0,0,0,1
3324,2016-12-25,2016-12-29,West Europe,93018,3.0,73.28,-0.16,4.0,1.0,Late delivery,0,3.0,1,12,4.307841736484505,1,0,0,0
3325,2015-01-19,2015-01-20,US Center,82013,4.0,134.37,-9.14,1.0,2.0,Shipping on time,0,-1.0,0,1,4.908011770197695,0,0,1,0
3326,2015-09-06,2015-09-12,Eastern Asia,76477,2.0,150.31,32.36,6.0,4.0,Late delivery,0,2.0,1,9,5.019330712463479,0,0,0,1
3327,2017-08-04,2017-08-07,Eastern Asia,32223,2.0,143.26,56.15,3.0,4.0,Shipping on time,0,-1.0,0,8,4.971617227075527,0,0,0,1
3328,2016-01-30,2016-02-02,South Asia,63783,5.0,198.06,70.82,3.0,2.0,Late delivery,0,1.0,1,1,5.2936062868179175,0,0,1,0
3329,2015-09-30,2015-10-05,West Europe,54532,3.0,97.51,-16.72,5.0,4.0,Late delivery,0,1.0,1,9,4.590158065867588,0,0,0,1
3330,2016-01-18,2016-01-23,South Asia,74143,4.0,42.9,15.37,5.0,4.0,Late delivery,0,1.0,1,1,3.7819143200811256,0,0,0,1
3331,2017-04-26,2017-04-26,West Europe,23405,3.0,191.12,14.77,0.0,0.0,Shipping on time,0,0.0,0,4,5.2581201767966235,0,1,0,0
3332,2017-04-01,2017-04-03,South Asia,Unknown,4.0,131.61,-14.18,2.0,0.0,Late delivery,0,2.0,1,4,4.887412489689508,0,1,0,0
3333,2017-04-14,2017-04-14,Oceania,56170,4.0,243.03,-4.06,0.0,1.0,Shipping on time,0,-1.0,0,4,5.497291168555042,1,0,0,0
3334,2017-07-15,2017-07-15,Oceania,15204,1.0,512.21,57.11,0.0,1.0,Shipping on time,0,-1.0,0,7,6.24068511813231,1,0,0,0
3336,2015-12-08,2015-12-13,Central America,37886,2.0,211.91,33.91,5.0,4.0,Late delivery,0,1.0,1,12,5.360869541205001,0,0,0,1
3337,2016-09-11,2016-09-15,Eastern Asia,62194,2.0,88.79,-13.19,4.0,2.0,Late delivery,0,2.0,1,9,4.497473610532717,0,0,1,0
3338,2016-01-29,2016-02-03,Oceania,84051,4.0,256.86,43.88,5.0,4.0,Late delivery,0,1.0,1,1,5.552416801982692,0,0,0,1
3339,2016-10-10,2016-10-12,Oceania,86215,1.0,183.81,0.68,2.0,2.0,Shipping on time,0,0.0,0,10,5.219328270297665,0,0,1,0
3340,2015-07-14,2015-07-17,Central America,74134,3.0,174.2,53.8,3.0,4.0,Shipping on time,0,-1.0,0,7,5.165928178502291,0,0,0,1
3341,2015-02-18,2015-02-25,South Asia,74957,3.0,257.83,42.06,7.0,4.0,Late delivery,0,3.0,1,2,5.556171475537641,0,0,0,1
3342,2015-09-13,2015-09-15,South Asia,44629,1.0,77.24,-12.88,2.0,2.0,Shipping on time,0,0.0,0,9,4.359781025726562,0,0,1,0
3343,2016-03-03,2016-03-06,Eastern Asia,83013,2.0,209.61,81.51,3.0,4.0,Shipping on time,0,-1.0,0,3,5.3500080819533915,0,0,0,1
3344,2017-06-18,2017-06-23,West Europe,86368,5.0,196.89,-14.44,5.0,2.0,Late delivery,0,3.0,1,6,5.287711320760812,0,0,1,0
3345,2016-09-17,2016-09-19,Oceania,15063,5.0,383.56,53.66,2.0,2.0,Shipping on time,0,0.0,0,9,5.952099823585705,0,0,1,0
3346,2017-07-29,2017-07-29,Eastern Asia,42700,5.0,51.9,1.8,0.0,1.0,Shipping on time,0,-1.0,0,7,3.9684033388642534,1,0,0,0
3347,2015-10-01,2015-10-06,South Asia,10038,4.0,142.64,20.59,5.0,2.0,Late delivery,0,3.0,1,10,4.967310169357882,0,0,1,0
3348,2016-11-15,2016-11-15,US Center,93086,4.0,546.9,-61.534,0.0,1.0,Shipping on time,0,-1.0,0,11,6.30609278854437,1,0,0,0
3349,2016-11-12,2016-11-17,Central America,27941,2.0,118.25,-5.42,5.0,2.0,Late delivery,0,3.0,1,11,4.781222129768451,0,0,1,0
3350,2016-05-05,2016-05-09,Eastern Asia,88136,3.0,116.21,-7.17,4.0,1.0,Late delivery,0,3.0,1,5,4.763967197735089,1,0,0,0
3351,2016-07-06,2016-07-09,Eastern Asia,14734,1.0,429.89,21.78,3.0,1.0,Late delivery,0,2.0,1,7,6.065852837111841,1,0,0,0
3352,2016-01-05,2016-01-09,Eastern Asia,20912,1.0,658.03,14.35,4.0,4.0,Shipping on time,0,0.0,0,1,6.490769056986829,0,0,0,1
3353,2016-10-29,2016-11-01,South Asia,51348,4.0,160.93,6.1,3.0,4.0,Shipping on time,0,-1.0,0,10,5.08716414308538,0,0,0,1
3354,2017-06-24,2017-06-27,US Center,39244,2.0,98.72,3.61,3.0,4.0,Shipping on time,0,-1.0,0,6,4.6023662586553575,0,0,0,1
3355,2017-05-06,2017-05-11,South Asia,22008,1.0,105.98,2.77,5.0,4.0,Late delivery,0,1.0,1,5,4.672641901103104,0,0,0,1
3356,2016-02-28,2016-03-03,South Asia,29687,3.0,119.05,34.06,4.0,4.0,Shipping on time,0,0.0,0,2,4.7879083226672625,0,0,0,1
3357,2015-12-01,2015-12-01,South Asia,52983,1.0,91.39,7.17,0.0,1.0,Shipping on time,0,-1.0,0,12,4.526018747682654,1,0,0,0
3358,2015-01-16,2015-01-22,Central America,93224,3.0,93.34,15.36,6.0,4.0,Late delivery,0,2.0,1,1,4.546905277856116,0,0,0,1
3359,2016-09-16,2016-09-19,Central America,72744,3.0,166.51,23.25,3.0,4.0,Shipping on time,0,-1.0,0,9,5.1210430509755955,0,0,0,1
3360,2015-11-14,2015-11-19,US Center,87328,3.0,153.76,20.3,5.0,2.0,Late delivery,0,3.0,1,11,5.041875529832312,0,0,1,0
3361,2015-02-19,2015-02-26,Eastern Asia,11590,3.0,199.05,66.33,7.0,4.0,Late delivery,0,3.0,1,2,5.298567335303244,0,0,0,1
3363,2017-03-08,2017-03-08,Eastern Asia,55067,3.0,73.68,-13.2,0.0,0.0,Shipping on time,0,0.0,0,3,4.313212318673522,0,1,0,0
3364,2017-03-29,2017-04-01,US Center,10237,3.0,232.12,9.93,3.0,2.0,Late delivery,0,1.0,1,3,5.4515533424468945,0,0,1,0
3365,2017-03-26,2017-03-29,Central America,85510,3.0,173.67,68.32,3.0,4.0,Shipping on time,0,-1.0,0,3,5.162898479440301,0,0,0,1
3366,2016-06-11,2016-06-15,Eastern Asia,68108,5.0,106.56,-8.05,4.0,4.0,Shipping on time,0,0.0,0,6,4.678048831400664,0,0,0,1
3367,2016-11-19,2016-11-22,Oceania,86624,1.0,128.03,13.2,3.0,4.0,Shipping on time,0,-1.0,0,11,4.860044935463755,0,0,0,1
3368,2015-04-09,2015-04-09,Eastern Asia,33636,2.0,181.49,3.94,0.0,0.0,Shipping on time,0,0.0,0,4,5.206695377000724,0,1,0,0
3369,2016-11-22,2016-11-26,Eastern Asia,72042,3.0,157.28,25.88,4.0,2.0,Late delivery,0,2.0,1,11,5.0643656165172235,0,0,1,0
3370,2016-11-11,2016-11-18,West Europe,Unknown,1.0,139.17,37.15,7.0,4.0,Late delivery,0,3.0,1,11,4.942855971674966,0,0,0,1
3371,2016-07-14,2016-07-18,US Center,87481,3.0,235.8,44.51,4.0,2.0,Late delivery,0,2.0,1,7,5.46721590300985,0,0,1,0
3372,2017-05-28,2017-05-31,Oceania,88637,2.0,281.08,-16.37,3.0,4.0,Shipping on time,0,-1.0,0,5,5.64219071864956,0,0,0,1
3373,2015-11-22,2015-11-24,Central America,11085,1.0,124.78,22.63,2.0,2.0,Shipping on time,0,0.0,0,11,4.834534349115358,0,0,1,0
3374,2015-09-15,2015-09-20,US Center,31768,2.0,148.33,34.36,5.0,4.0,Late delivery,0,1.0,1,9,5.006158622069178,0,0,0,1
3376,2015-02-18,2015-02-23,US Center,17994,5.0,135.93,23.37,5.0,4.0,Late delivery,0,1.0,1,2,4.919469846344143,0,0,0,1
3377,2015-05-12,2015-05-19,West Europe,91528,2.0,198.76,-36.51,7.0,4.0,Late delivery,0,3.0,1,5,5.297116645971518,0,0,0,1
3378,2015-07-17,2015-07-21,South Asia,81862,2.0,249.85,11.84,4.0,1.0,Late delivery,0,3.0,1,7,5.524855150930262,1,0,0,0
3379,2016-08-04,2016-08-05,Oceania,84020,1.0,165.69,1.38,1.0,1.0,Shipping on time,0,0.0,0,8,5.116135799954996,1,0,0,0
3380,2015-09-26,2015-09-28,West Europe,Unknown,4.0,142.58,-15.38,2.0,2.0,Shipping on time,0,0.0,0,9,4.9668923711483375,0,0,1,0
3381,2015-04-18,2015-04-19,US Center,68410,3.0,98.48,19.86,1.0,2.0,Shipping on time,0,-1.0,0,4,4.599956618935204,0,0,1,0
3383,2017-01-15,2017-01-21,Eastern Asia,80949,3.0,78.95,14.99,6.0,4.0,Late delivery,0,2.0,1,1,4.381401439279963,0,0,0,1
3384,2016-09-24,2016-09-28,US Center,10013,1.0,161.82,31.05,4.0,1.0,Late delivery,0,3.0,1,9,5.0926452961458315,1,0,0,0
3385,2016-05-16,2016-05-16,South Asia,83937,1.0,151.88,34.38,0.0,0.0,Shipping on time,0,0.0,0,5,5.029653299932018,0,1,0,0
3386,2015-09-12,2015-09-17,West Europe,52584,5.0,88.05,11.57,5.0,4.0,Late delivery,0,1.0,1,9,4.489198009735671,0,0,0,1
3387,2016-09-25,2016-09-28,US Center,13454,4.0,182.1,69.22,3.0,2.0,Late delivery,0,1.0,1,9,5.210032451680465,0,0,1,0
3388,2016-09-01,2016-09-03,South Asia,35343,3.0,132.36,20.97,2.0,1.0,Late delivery,0,1.0,1,9,4.893052238442539,1,0,0,0
3389,2015-06-20,2015-06-20,US Center,29046,5.0,213.68,26.07,0.0,0.0,Late delivery,0,0.0,0,6,5.369148547308628,0,1,0,0
3390,2016-01-10,2016-01-13,Oceania,19987,5.0,112.87,29.08,3.0,4.0,Shipping on time,0,-1.0,0,1,4.7350574468225135,0,0,0,1
3391,2016-02-21,2016-02-22,South Asia,52833,2.0,151.34,-9.69,1.0,2.0,Shipping on time,1,-1.0,0,2,5.026114864944642,0,0,1,0
3392,2015-09-18,2015-09-25,US Center,74181,4.0,376.32,140.45,7.0,4.0,Late delivery,0,3.0,1,9,5.933093633781652,0,0,0,1
3393,2016-10-22,2016-10-28,West Europe,43510,1.0,166.73,27.9,6.0,4.0,Late delivery,0,2.0,1,10,5.1223555437066635,0,0,0,1
3394,2017-04-08,2017-04-15,South Asia,87965,3.0,238.68,1.91,7.0,4.0,Late delivery,0,3.0,1,4,5.479304700328854,0,0,0,1
3395,2016-03-17,2016-03-23,Oceania,73169,1.0,102.89,-3.46,6.0,4.0,Late delivery,0,2.0,1,3,4.64333264708244,0,0,0,1
3396,2017-02-20,2017-02-27,Eastern Asia,67603,5.0,932.5600000000057,21.39,7.0,4.0,Late delivery,0,3.0,1,2,6.839005235153027,0,0,0,1
3397,2016-12-24,2016-12-26,Oceania,79958,4.0,49.42,19.52,2.0,2.0,Shipping on time,0,0.0,0,12,3.9203879217597737,0,0,1,0
3399,2015-03-26,2015-03-26,Oceania,35559,2.0,77.17,-9.53,0.0,1.0,Shipping on time,0,-1.0,0,3,4.358885942232239,1,0,0,0
3400,2016-12-17,2016-12-21,Oceania,73656,2.0,160.37,51.64,4.0,4.0,Shipping on time,0,0.0,0,12,5.083699864953261,0,0,0,1
3401,2015-12-25,2016-01-01,US Center,37434,3.0,44.6,-4.33,5.0,4.0,Late delivery,0,1.0,1,12,3.8199077165203406,0,0,0,1
3402,2015-02-19,2015-02-22,Central America,52121,3.0,90.34,0.49,3.0,4.0,Shipping on time,0,-1.0,0,2,4.514588807756853,0,0,0,1
3403,2015-04-18,2015-04-19,US Center,76373,5.0,157.4,0.25,1.0,1.0,Shipping on time,0,0.0,0,4,5.0651234793803255,1,0,0,0
3404,2015-06-09,2015-06-16,South Asia,13234,2.0,188.65,-19.17,7.0,4.0,Late delivery,0,3.0,1,6,5.245180268134908,0,0,0,1
3405,2017-01-08,2017-01-12,West Europe,81173,1.0,56.61,-5.09,4.0,4.0,Shipping on time,0,0.0,0,1,4.053696163744291,0,0,0,1
3407,2016-01-30,2016-01-30,US Center,82879,5.0,676.36,174.0700000000001,0.0,0.0,Shipping on time,0,0.0,0,1,6.518202889334022,0,1,0,0
3408,2015-07-17,2015-07-21,Oceania,41047,5.0,238.31,-45.98,4.0,1.0,Late delivery,0,3.0,1,7,5.477759782591148,1,0,0,0
3409,2017-01-18,2017-01-19,Oceania,81757,1.0,164.69,6.06,1.0,1.0,Shipping on time,0,0.0,0,1,5.1101185725812055,1,0,0,0
3410,2016-06-20,2016-06-25,Eastern Asia,64854,5.0,36.216,9.39,5.0,4.0,Late delivery,0,1.0,1,6,3.6167387763362537,0,0,0,1
3411,2017-01-26,2017-01-30,Oceania,11130,2.0,87.2,-2.22,4.0,4.0,Shipping on time,0,0.0,0,1,4.4796069630127455,0,0,0,1
3412,2016-02-28,2016-03-03,Eastern Asia,52219,1.0,203.39,-37.73,4.0,1.0,Late delivery,0,3.0,1,2,5.320029933453687,1,0,0,0
3413,2015-02-07,2015-02-12,South Asia,88586,3.0,172.05,55.06,3.0,2.0,Late delivery,0,1.0,1,2,5.1535805700813535,0,0,1,0
3414,2016-12-29,2016-12-31,Central America,36394,4.0,195.7,50.62,2.0,1.0,Late delivery,0,1.0,1,12,5.281679725395013,1,0,0,0
3415,2016-09-13,2016-09-16,Eastern Asia,30459,3.0,263.09,-47.42,3.0,4.0,Shipping on time,0,-1.0,0,9,5.5762899541409245,0,0,0,1
3416,2015-07-16,2015-07-23,Central America,55456,5.0,158.65,39.28,7.0,4.0,Late delivery,0,3.0,1,7,5.072983919160791,0,0,0,1
3417,2017-03-15,2017-03-22,South Asia,94294,5.0,247.02,13.77,7.0,4.0,Late delivery,0,3.0,1,3,5.513509388074627,0,0,0,1
3418,2016-07-03,2016-07-05,West Europe,Unknown,5.0,52.24,8.58,2.0,1.0,Late delivery,0,1.0,1,7,3.974809993526911,1,0,0,0
3419,2017-07-04,2017-07-06,South Asia,81108,5.0,651.42,-61.534,2.0,1.0,Late delivery,0,1.0,1,7,6.480688526316212,1,0,0,0
3420,2016-05-18,2016-05-23,South Asia,92657,1.0,149.29,0.3,5.0,4.0,Late delivery,1,1.0,1,5,5.012566760946003,0,0,0,1
3421,2015-03-30,2015-03-30,Oceania,12642,2.0,102.4,38.27,0.0,1.0,Shipping on time,0,-1.0,0,3,4.638604962074329,1,0,0,0
3422,2016-02-08,2016-02-12,Eastern Asia,81799,1.0,361.65,24.74,4.0,4.0,Shipping on time,0,0.0,0,2,5.8934381818094215,0,0,0,1
3423,2015-04-03,2015-04-06,Eastern Asia,68080,5.0,213.55,7.36,3.0,4.0,Shipping on time,0,-1.0,0,4,5.368542811437534,0,0,0,1
3424,2016-09-16,2016-09-22,South Asia,85795,3.0,265.07,83.39,6.0,4.0,Late delivery,0,2.0,1,9,5.58375943205647,0,0,0,1
3425,2016-03-19,2016-03-25,US Center,97313,1.0,104.06,16.92,6.0,4.0,Late delivery,0,2.0,1,3,4.654531615525816,0,0,0,1
3426,2017-07-07,2017-07-13,Eastern Asia,35055,5.0,176.6,17.5,6.0,4.0,Late delivery,0,2.0,1,7,5.17953383055807,0,0,0,1
3427,2017-01-20,2017-01-25,West Europe,61906,4.0,227.23,-39.16,5.0,4.0,Late delivery,0,1.0,1,1,5.430353892415786,0,0,0,1
3428,2017-01-22,2017-01-26,Oceania,55986,5.0,76.69,17.2,4.0,4.0,Shipping on time,0,0.0,0,1,4.3527265489623295,0,0,0,1
3429,2015-04-22,2015-04-26,US Center,58306,2.0,131.61,-5.36,4.0,4.0,Shipping on time,0,0.0,0,4,4.887412489689508,0,0,0,1
3430,2015-09-04,2015-09-07,US Center,88606,1.0,129.63,-1.13,3.0,4.0,Shipping on time,0,-1.0,0,9,4.872368899498472,0,0,0,1
3431,2017-09-23,2017-09-25,South Asia,60447,4.0,126.06,-6.56,2.0,2.0,Shipping on time,0,0.0,0,9,4.844659415838387,0,0,1,0
3433,2016-12-13,2016-12-20,South Asia,80346,3.0,71.35,22.97,7.0,4.0,Late delivery,0,3.0,1,12,4.281515453077493,0,0,0,1
3434,2017-03-29,2017-04-01,West Europe,21407,4.0,192.52,24.57,3.0,2.0,Late delivery,0,1.0,1,3,5.265380866301772,0,0,1,0
3435,2015-01-15,2015-01-21,US Center,28279,4.0,172.53,48.54,6.0,4.0,Late delivery,0,2.0,1,1,5.156350495102412,0,0,0,1
3436,2015-09-20,2015-09-25,West Europe,66120,4.0,294.59,109.15,5.0,4.0,Late delivery,0,1.0,1,9,5.6889733590024925,0,0,0,1
3437,2017-01-13,2017-01-19,South Asia,42663,2.0,143.58,32.71,6.0,4.0,Late delivery,0,2.0,1,1,4.973832987572151,0,0,0,1
3438,2015-04-03,2015-04-07,Central America,35018,2.0,100.8,-11.76,4.0,4.0,Shipping on time,0,0.0,0,4,4.623010104116422,0,0,0,1
3439,2016-03-05,2016-03-09,US Center,72925,1.0,63.8,-4.34,4.0,1.0,Late delivery,0,3.0,1,3,4.1713056033582285,1,0,0,0
3440,2016-02-06,2016-02-07,US Center,43810,4.0,157.08,-28.48,1.0,2.0,Shipping on time,0,-1.0,0,2,5.063101233999558,0,0,1,0
3441,2015-06-25,2015-06-29,US Center,12879,2.0,124.5,37.5,4.0,4.0,Shipping on time,0,0.0,0,6,4.832305758571839,0,0,0,1
3442,2016-12-20,2016-12-23,US Center,62959,5.0,487.36,-45.53,3.0,1.0,Late delivery,0,2.0,1,12,6.191052838800655,1,0,0,0
3443,2016-10-24,2016-10-28,South Asia,44121,4.0,574.16,166.82,4.0,4.0,Shipping on time,0,0.0,0,10,6.35464826295954,0,0,0,1
3444,2015-05-24,2015-05-28,Eastern Asia,87017,3.0,377.23,-23.76,4.0,2.0,Late delivery,0,2.0,1,5,5.935502476187912,0,0,1,0
3445,2016-12-16,2016-12-23,South Asia,43112,4.0,149.29,28.98,7.0,4.0,Late delivery,1,3.0,1,12,5.012566760946003,0,0,0,1
3446,2017-01-20,2017-01-27,West Europe,43059,5.0,65.8,-10.42,7.0,4.0,Late delivery,0,3.0,1,1,4.2017030805426,0,0,0,1
3447,2016-09-13,2016-09-16,South Asia,20129,2.0,130.1,33.81,3.0,2.0,Late delivery,0,1.0,1,9,4.875960390769654,0,0,1,0
3448,2015-11-17,2015-11-19,Eastern Asia,26720,4.0,88.35,31.37,2.0,2.0,Shipping on time,0,0.0,0,11,4.492561241605437,0,0,1,0
3449,2015-09-11,2015-09-13,Oceania,10419,1.0,343.97,29.73,2.0,1.0,Late delivery,0,1.0,1,9,5.843457456728683,1,0,0,0
3450,2016-06-27,2016-06-30,Oceania,32418,2.0,159.89,-0.79,3.0,4.0,Shipping on time,0,-1.0,0,6,5.080720901662944,0,0,0,1
3451,2015-07-01,2015-07-05,Eastern Asia,35891,3.0,117.62,18.46,4.0,1.0,Late delivery,0,3.0,1,7,4.775925106410581,1,0,0,0
3452,2015-11-29,2015-12-06,South Asia,85785,2.0,148.08,53.72,7.0,4.0,Late delivery,0,3.0,1,11,5.004483074611057,0,0,0,1
3453,2015-03-01,2015-03-06,US Center,78989,3.0,312.2,-39.21,5.0,2.0,Late delivery,0,3.0,1,3,5.746841964116648,0,0,1,0
3454,2015-01-01,2015-01-02,West Europe,20017,2.0,85.77,17.45,1.0,1.0,Shipping on time,0,0.0,0,1,4.463260939805398,1,0,0,0
3455,2015-06-17,2015-06-24,Oceania,58330,4.0,198.77,9.66,7.0,4.0,Late delivery,0,3.0,1,6,5.297166704790641,0,0,0,1
3456,2017-03-09,2017-03-13,Oceania,79351,2.0,68.64,22.84,4.0,1.0,Late delivery,0,3.0,1,3,4.243339114899988,1,0,0,0
3457,2015-12-27,2015-12-30,Eastern Asia,23355,3.0,132.16,-14.54,3.0,1.0,Late delivery,0,2.0,1,12,4.891551412706824,1,0,0,0
3458,2015-04-20,2015-04-22,South Asia,99414,4.0,101.28,26.37,2.0,1.0,Late delivery,0,1.0,1,4,4.627714150422986,1,0,0,0
3459,2015-12-04,2015-12-09,Eastern Asia,15386,4.0,179.57,22.41,5.0,4.0,Late delivery,0,1.0,1,12,5.1961185142277895,0,0,0,1
3460,2016-09-22,2016-09-26,US Center,59522,3.0,163.44,27.5,4.0,4.0,Shipping on time,0,0.0,0,9,5.102545762029678,0,0,0,1
3461,2015-03-11,2015-03-17,US Center,16197,4.0,301.63,29.9,6.0,4.0,Late delivery,0,2.0,1,3,5.712510937220041,0,0,0,1
3462,2015-09-03,2015-09-05,West Europe,76789,5.0,223.33,8.43,2.0,2.0,Shipping on time,0,0.0,0,9,5.413118182025214,0,0,1,0
3463,2017-04-24,2017-04-25,Eastern Asia,75768,1.0,104.62,-7.59,1.0,1.0,Shipping on time,0,0.0,0,4,4.659847747278787,1,0,0,0
3464,2015-08-01,2015-08-06,South Asia,74517,1.0,68.59,13.54,5.0,4.0,Late delivery,0,1.0,1,8,4.2426208788567585,0,0,0,1
3465,2015-07-06,2015-07-08,US Center,69395,5.0,92.47,7.04,2.0,2.0,Shipping on time,0,0.0,0,7,4.537640529194492,0,0,1,0
3466,2015-12-23,2015-12-24,Eastern Asia,86079,1.0,116.05,41.41,1.0,2.0,Shipping on time,0,-1.0,0,12,4.76260119393692,0,0,1,0
3467,2015-03-22,2015-03-26,Central America,24270,1.0,130.39,-12.74,4.0,4.0,Shipping on time,0,0.0,0,3,4.87816999965373,0,0,0,1
3468,2015-08-02,2015-08-06,Eastern Asia,91884,1.0,95.51,-14.83,4.0,1.0,Late delivery,0,3.0,1,8,4.569646629919045,1,0,0,0
3469,2015-07-28,2015-08-03,Eastern Asia,89438,3.0,149.29,57.73,6.0,4.0,Late delivery,1,2.0,1,7,5.012566760946003,0,0,0,1
3470,2015-08-22,2015-08-27,Central America,77758,2.0,257.94,73.16,5.0,4.0,Late delivery,0,1.0,1,8,5.556596374630502,0,0,0,1
3471,2016-03-17,2016-03-24,South Asia,47884,4.0,127.15,24.32,7.0,4.0,Late delivery,0,3.0,1,3,4.85320145281008,0,0,0,1
3472,2017-01-28,2017-01-31,Central America,67703,4.0,111.44,9.21,3.0,2.0,Late delivery,0,1.0,1,1,4.722419746038331,0,0,1,0
3473,2016-09-16,2016-09-22,Central America,96402,4.0,129.68,-19.05,5.0,4.0,Late delivery,0,1.0,1,9,4.8727515867328695,0,0,0,1
3474,2017-05-19,2017-05-22,Oceania,43167,1.0,145.26,-22.27,3.0,4.0,Shipping on time,0,-1.0,0,5,4.985385859842805,0,0,0,1
3475,2015-03-23,2015-03-27,US Center,21659,5.0,147.08,9.32,4.0,4.0,Shipping on time,0,0.0,0,3,4.9977526682652424,0,0,0,1
3476,2015-08-28,2015-08-29,Eastern Asia,21355,4.0,57.65,19.56,1.0,2.0,Shipping on time,0,-1.0,0,8,4.0715875750994845,0,0,1,0
3477,2015-06-01,2015-06-07,South Asia,78916,1.0,115.75,-11.04,6.0,4.0,Late delivery,0,2.0,1,6,4.760034896549007,0,0,0,1
3478,2015-05-15,2015-05-19,West Europe,19554,5.0,49.55,10.74,4.0,1.0,Late delivery,0,3.0,1,5,3.9229629454664803,1,0,0,0
3479,2015-01-27,2015-01-29,West Europe,28471,2.0,152.14,39.73,3.0,2.0,Shipping on time,0,1.0,1,1,5.031352535684977,0,0,1,0
3480,2015-01-02,2015-01-05,US Center,45339,4.0,221.53,63.42,3.0,2.0,Late delivery,0,1.0,1,1,5.405061923978025,0,0,1,0
3481,2016-02-03,2016-02-10,Oceania,22448,4.0,149.29,17.49,7.0,4.0,Late delivery,1,3.0,1,2,5.012566760946003,0,0,0,1
3482,2017-04-04,2017-04-07,Oceania,83440,2.0,164.15,27.68,3.0,4.0,Shipping on time,0,-1.0,0,4,5.1068541518367985,0,0,0,1
3483,2017-09-26,2017-09-28,South Asia,35925,2.0,103.94,22.4,2.0,1.0,Late delivery,0,1.0,1,9,4.653388758258566,1,0,0,0
3484,2015-06-13,2015-06-15,Oceania,46938,4.0,99.02,8.93,2.0,1.0,Late delivery,0,1.0,1,6,4.605370165990758,1,0,0,0
3485,2017-02-20,2017-02-22,South Asia,70636,5.0,471.85,57.91,2.0,2.0,Shipping on time,0,0.0,0,2,6.158778213461521,0,0,1,0
3486,2015-12-22,2015-12-23,Central America,60038,5.0,251.31,83.79,1.0,1.0,Shipping on time,0,0.0,0,12,5.530658490216289,1,0,0,0
3487,2017-05-02,2017-05-04,US Center,47486,4.0,197.91,56.42,2.0,2.0,Shipping on time,0,0.0,0,5,5.292852461116969,0,0,1,0
3488,2017-08-23,2017-08-27,Central America,77223,3.0,115.4,-16.78,4.0,2.0,Late delivery,0,2.0,1,8,4.757032535297338,0,0,1,0
3489,2017-07-02,2017-07-05,Central America,65945,3.0,189.6,0.17,3.0,4.0,Shipping on time,0,-1.0,0,7,5.250176991220101,0,0,0,1
3490,2016-12-28,2016-12-31,South Asia,46912,2.0,133.05,-5.39,3.0,4.0,Shipping on time,0,-1.0,0,12,4.898212864681969,0,0,0,1
3491,2015-08-10,2015-08-14,West Europe,59308,1.0,194.47,-36.69,4.0,4.0,Shipping on time,0,0.0,0,8,5.275406914964931,0,0,0,1
3492,2015-05-13,2015-05-16,US Center,91874,4.0,87.84,-15.65,3.0,4.0,Shipping on time,0,-1.0,0,5,4.4868369990262265,0,0,0,1
3493,2016-10-09,2016-10-13,Eastern Asia,19349,1.0,142.79,7.58,4.0,4.0,Shipping on time,0,0.0,0,10,4.96835390183965,0,0,0,1
3494,2017-05-22,2017-05-28,Oceania,87707,1.0,118.09,-7.76,6.0,4.0,Late delivery,0,2.0,1,5,4.779879509779905,0,0,0,1
3495,2016-02-21,2016-02-26,Oceania,64099,5.0,64.92,25.56,5.0,4.0,Late delivery,0,1.0,1,2,4.188441885601216,0,0,0,1
3496,2017-07-12,2017-07-18,Oceania,65551,4.0,401.88,-10.61,6.0,4.0,Late delivery,0,2.0,1,7,5.998638750855982,0,0,0,1
3497,2015-12-30,2016-01-05,West Europe,87823,5.0,240.48,-4.61,6.0,4.0,Late delivery,0,2.0,1,12,5.486786653928226,0,0,0,1
3498,2016-06-19,2016-06-22,US Center,50905,2.0,151.34,-17.39,3.0,2.0,Late delivery,1,1.0,1,6,5.026114864944642,0,0,1,0
3499,2017-01-28,2017-02-01,Eastern Asia,78662,3.0,62.85,13.65,4.0,1.0,Late delivery,0,3.0,1,1,4.156536582478548,1,0,0,0
3500,2015-03-04,2015-03-08,Oceania,94184,4.0,97.17,38.19,4.0,2.0,Late delivery,0,2.0,1,3,4.58670066970443,0,0,1,0
3501,2016-07-16,2016-07-21,South Asia,53701,5.0,90.98,24.51,5.0,2.0,Late delivery,0,3.0,1,7,4.521571162111778,0,0,1,0
3502,2015-12-08,2015-12-13,Central America,51519,2.0,104.08,32.72,5.0,2.0,Late delivery,0,3.0,1,12,4.654721964817339,0,0,1,0
3503,2016-09-14,2016-09-19,South Asia,48804,2.0,61.21,-10.33,5.0,4.0,Late delivery,0,1.0,1,9,4.130515758526928,0,0,0,1
3504,2016-10-27,2016-10-31,Central America,57695,2.0,91.44,-12.56,4.0,4.0,Shipping on time,0,0.0,0,10,4.52655978540618,0,0,0,1
3505,2015-09-28,2015-09-29,Eastern Asia,49676,1.0,154.42,-3.78,1.0,1.0,Shipping on time,0,0.0,0,9,5.046131129781096,1,0,0,0
3506,2017-07-05,2017-07-05,West Europe,16582,5.0,145.37,9.4,0.0,1.0,Shipping on time,1,-1.0,0,7,4.986137662495856,1,0,0,0
3507,2017-07-28,2017-07-31,US Center,66948,2.0,46.46,-4.89,3.0,4.0,Shipping on time,0,-1.0,0,7,3.8598872510076174,0,0,0,1
3508,2015-02-02,2015-02-06,Central America,60453,2.0,148.6,-26.82,4.0,4.0,Shipping on time,0,0.0,0,2,5.007965065540377,0,0,0,1
3509,2016-10-17,2016-10-18,South Asia,64541,3.0,83.23,9.13,1.0,0.0,Late delivery,0,1.0,1,10,4.433551152327272,0,1,0,0
3510,2017-04-13,2017-04-13,Oceania,73924,4.0,80.59,31.66,0.0,1.0,Shipping on time,0,-1.0,0,4,4.401706705440709,1,0,0,0
3511,2016-09-21,2016-09-22,Oceania,17445,1.0,123.27,5.44,1.0,2.0,Shipping on time,0,-1.0,0,9,4.822456617817903,0,0,1,0
3512,2016-01-06,2016-01-06,US Center,65405,1.0,99.33,-9.17,0.0,1.0,Shipping on time,0,-1.0,0,1,4.608464752937522,1,0,0,0
3513,2017-01-29,2017-02-01,Eastern Asia,72150,1.0,224.23,-12.99,3.0,4.0,Shipping on time,0,-1.0,0,1,5.417122102313287,0,0,0,1
3514,2015-04-30,2015-05-04,Eastern Asia,63712,4.0,224.62,-21.75,4.0,1.0,Late delivery,0,3.0,1,4,5.418852168176774,1,0,0,0
3515,2017-07-02,2017-07-08,US Center,18296,1.0,124.26,-23.42,6.0,4.0,Late delivery,0,2.0,1,7,4.8303915770972665,0,0,0,1
3516,2015-03-25,2015-03-31,US Center,99480,1.0,149.29,19.33,6.0,4.0,Late delivery,1,2.0,1,3,5.012566760946003,0,0,0,1
3517,2015-06-25,2015-06-26,US Center,82764,3.0,426.65,94.31,1.0,2.0,Shipping on time,0,-1.0,0,6,6.058305104026791,0,0,1,0
3518,2016-12-09,2016-12-14,Eastern Asia,31733,3.0,446.49,170.54,5.0,4.0,Late delivery,0,1.0,1,12,6.103654191096511,0,0,0,1
3519,2015-09-22,2015-09-27,Central America,94829,4.0,186.72,6.37,5.0,2.0,Late delivery,0,3.0,1,9,5.234951490926217,0,0,1,0
3520,2017-04-12,2017-04-16,Eastern Asia,95266,5.0,135.83,-17.55,4.0,4.0,Shipping on time,0,0.0,0,4,4.918739279391719,0,0,0,1
3521,2017-08-30,2017-09-03,Oceania,25497,1.0,269.24,-34.48,4.0,2.0,Late delivery,0,2.0,1,8,5.59931045305949,0,0,1,0
3522,2015-03-10,2015-03-12,Eastern Asia,98668,2.0,349.37,31.37,2.0,1.0,Late delivery,0,1.0,1,3,5.858989738958583,1,0,0,0
3523,2016-11-04,2016-11-09,Oceania,18761,2.0,109.07,28.47,5.0,4.0,Late delivery,0,1.0,1,11,4.701116527035301,0,0,0,1
3524,2015-02-05,2015-02-07,Eastern Asia,44635,2.0,431.06,-61.534,2.0,0.0,Late delivery,0,2.0,1,2,6.06856446748883,0,1,0,0
3525,2017-06-07,2017-06-12,Oceania,76164,3.0,135.4,38.34,5.0,2.0,Late delivery,0,3.0,1,6,4.915591745409362,0,0,1,0
3526,2015-07-13,2015-07-15,Central America,57942,5.0,283.09,-21.18,2.0,2.0,Shipping on time,0,0.0,0,7,5.649291089367011,0,0,1,0
3527,2015-11-28,2015-12-01,Oceania,14610,3.0,109.72,-18.3,3.0,4.0,Shipping on time,0,-1.0,0,11,4.707004491869359,0,0,0,1
3528,2016-12-09,2016-12-16,Oceania,31714,3.0,154.72,-17.78,7.0,4.0,Late delivery,0,3.0,1,12,5.048059522742255,0,0,0,1
3529,2017-09-13,2017-09-15,South Asia,19444,2.0,113.71,22.0,2.0,2.0,Shipping on time,0,0.0,0,9,4.742407204293176,0,0,1,0
3530,2016-07-25,2016-07-29,US Center,54870,4.0,151.0,-25.47,4.0,1.0,Late delivery,0,3.0,1,7,5.0238805208462765,1,0,0,0
3531,2016-03-07,2016-03-10,Oceania,42145,2.0,271.15,33.34,3.0,2.0,Late delivery,0,1.0,1,3,5.606353384880209,0,0,1,0
3532,2015-02-03,2015-02-04,Eastern Asia,87971,4.0,87.52,32.45,1.0,1.0,Shipping on time,0,0.0,0,2,4.483228515182849,1,0,0,0
3533,2017-03-15,2017-03-22,Central America,71874,3.0,124.65,7.56,7.0,4.0,Late delivery,0,3.0,1,3,4.833500263989602,0,0,0,1
3534,2016-12-28,2016-12-28,South Asia,93827,4.0,205.05,75.16,0.0,1.0,Shipping on time,0,-1.0,0,12,5.328118857784826,1,0,0,0
3536,2015-05-26,2015-05-28,Oceania,72441,5.0,494.85,109.01,2.0,2.0,Shipping on time,0,0.0,0,5,6.206273461632134,0,0,1,0
3537,2016-06-01,2016-06-07,South Asia,46965,4.0,62.58,23.51,6.0,4.0,Late delivery,0,2.0,1,6,4.152298955482657,0,0,0,1
3538,2015-01-23,2015-01-27,Central America,97134,5.0,666.28,-28.02,4.0,2.0,Late delivery,0,2.0,1,1,6.503209747933356,0,0,1,0
3540,2016-04-12,2016-04-16,South Asia,25434,1.0,264.43,89.06,4.0,2.0,Late delivery,0,2.0,1,4,5.581351152435311,0,0,1,0
3541,2016-05-12,2016-05-13,US Center,36872,3.0,386.69,129.65,1.0,2.0,Shipping on time,0,-1.0,0,5,5.960206051205209,0,0,1,0
3542,2016-01-02,2016-01-07,Oceania,72679,1.0,203.74,8.56,5.0,4.0,Late delivery,0,1.0,1,1,5.321740881491625,0,0,0,1
3543,2015-05-09,2015-05-15,Central America,77193,1.0,64.52,-11.58,6.0,4.0,Late delivery,0,2.0,1,5,4.182355439544814,0,0,0,1
3544,2015-04-02,2015-04-09,South Asia,54413,4.0,121.97,-3.86,7.0,4.0,Late delivery,0,3.0,1,4,4.811940423184356,0,0,0,1
3545,2015-03-13,2015-03-19,South Asia,55662,2.0,154.83,6.04,6.0,4.0,Late delivery,0,2.0,1,3,5.048765669457524,0,0,0,1
3546,2015-10-05,2015-10-09,Oceania,12666,2.0,207.85,-2.43,4.0,1.0,Late delivery,0,3.0,1,10,5.341616290943184,1,0,0,0
3547,2017-08-03,2017-08-07,Eastern Asia,34403,2.0,266.16,56.21,4.0,4.0,Shipping on time,0,0.0,0,8,5.587847729857435,0,0,0,1
3548,2016-03-22,2016-03-26,South Asia,15668,4.0,289.5,55.09,4.0,4.0,Shipping on time,0,0.0,0,3,5.671603576291966,0,0,0,1
3549,2016-10-14,2016-10-19,Oceania,69076,5.0,355.99,-24.83,5.0,4.0,Late delivery,0,1.0,1,10,5.877707770182837,0,0,0,1
3550,2017-05-22,2017-05-26,West Europe,57802,1.0,84.54,7.26,4.0,4.0,Shipping on time,0,0.0,0,5,4.448984102798763,0,0,0,1
3551,2015-03-26,2015-04-02,South Asia,69954,4.0,267.68,84.26,7.0,4.0,Late delivery,0,3.0,1,3,5.593521080398664,0,0,0,1
3552,2016-10-24,2016-10-27,Eastern Asia,15069,3.0,52.85,9.62,3.0,1.0,Late delivery,0,2.0,1,10,3.9862024036023977,1,0,0,0
3553,2016-08-12,2016-08-14,US Center,44770,1.0,162.3,40.34,2.0,1.0,Late delivery,0,1.0,1,8,5.095588999976419,1,0,0,0
3554,2017-04-02,2017-04-03,Oceania,74799,3.0,78.77,23.42,1.0,0.0,Late delivery,0,1.0,1,4,4.379147493923038,0,1,0,0
3556,2016-05-26,2016-05-29,West Europe,24039,3.0,256.36,59.62,3.0,4.0,Shipping on time,0,-1.0,0,5,5.550475882930771,0,0,0,1
3558,2015-04-19,2015-04-22,West Europe,56840,3.0,267.5,-21.04,3.0,0.0,Late delivery,0,3.0,1,4,5.5928509139489195,0,1,0,0
3559,2015-12-26,2015-12-29,US Center,69932,2.0,58.02,-9.28,3.0,4.0,Shipping on time,0,-1.0,0,12,4.077876369514794,0,0,0,1
3560,2015-01-26,2015-01-31,South Asia,42079,1.0,72.05,8.33,5.0,2.0,Late delivery,0,3.0,1,1,4.291144138196708,0,0,1,0
3561,2015-01-18,2015-01-25,South Asia,48898,3.0,140.05,39.65,7.0,4.0,Late delivery,0,3.0,1,1,4.949114437448006,0,0,0,1
3562,2015-02-28,2015-02-28,Eastern Asia,23089,3.0,100.02,32.12,0.0,1.0,Shipping on time,0,-1.0,0,2,4.615318517039906,1,0,0,0
3563,2016-10-27,2016-10-30,Eastern Asia,57654,3.0,155.01,41.65,3.0,4.0,Shipping on time,0,-1.0,0,10,5.049920107759158,0,0,0,1
3564,2015-12-07,2015-12-13,Oceania,65607,5.0,102.57,7.14,6.0,4.0,Late delivery,0,2.0,1,12,4.640247712600788,0,0,0,1
3565,2017-09-21,2017-09-28,Oceania,67945,4.0,121.39,25.4,7.0,4.0,Late delivery,0,3.0,1,9,4.807212667394247,0,0,0,1
3566,2015-12-13,2015-12-14,South Asia,34947,1.0,75.28,6.16,1.0,1.0,Shipping on time,0,0.0,0,12,4.3344107807322185,1,0,0,0
3567,2017-01-07,2017-01-12,Oceania,49854,1.0,318.57,88.72,5.0,2.0,Late delivery,0,3.0,1,1,5.766976342152138,0,0,1,0
3568,2016-07-14,2016-07-19,Oceania,85080,4.0,122.87,-1.48,5.0,2.0,Late delivery,0,3.0,1,7,4.819232628566109,0,0,1,0
3569,2017-08-19,2017-08-26,Central America,20113,2.0,73.57,4.06,7.0,4.0,Late delivery,0,3.0,1,8,4.311738281555703,0,0,0,1
3570,2016-07-13,2016-07-20,South Asia,82936,3.0,222.62,51.2,7.0,4.0,Late delivery,0,3.0,1,7,5.409948182719222,0,0,0,1
3571,2015-04-13,2015-04-17,West Europe,81424,4.0,198.08,65.75,4.0,1.0,Late delivery,0,3.0,1,4,5.293706753990353,1,0,0,0
3572,2015-11-13,2015-11-14,West Europe,47723,1.0,168.99,47.92,1.0,2.0,Shipping on time,0,-1.0,0,11,5.135739611790679,0,0,1,0
3573,2015-10-19,2015-10-23,Oceania,Unknown,3.0,169.65,-20.12,4.0,2.0,Late delivery,0,2.0,1,10,5.139614675352716,0,0,1,0
3574,2016-09-29,2016-09-29,Oceania,69075,4.0,117.48,-13.9,0.0,0.0,Shipping on time,0,0.0,0,9,4.774744169959543,0,1,0,0
3575,2017-02-14,2017-02-18,Central America,59843,5.0,137.41,-8.89,4.0,4.0,Shipping on time,0,0.0,0,2,4.930220294908611,0,0,0,1
3576,2015-03-22,2015-03-25,Eastern Asia,94899,2.0,39.79,-1.02,3.0,4.0,Shipping on time,0,-1.0,0,3,3.708436953329467,0,0,0,1
3577,2016-04-07,2016-04-11,West Europe,68027,1.0,58.8,-7.17,4.0,2.0,Late delivery,0,2.0,1,4,4.091005660956586,0,0,1,0
3578,2017-06-02,2017-06-08,Eastern Asia,60007,3.0,71.43,26.19,6.0,4.0,Late delivery,0,2.0,1,6,4.282620578207235,0,0,0,1
3579,2015-06-28,2015-07-04,South Asia,64602,4.0,176.15,18.57,6.0,4.0,Late delivery,0,2.0,1,6,5.176996831311481,0,0,0,1
3580,2016-07-24,2016-07-28,Eastern Asia,78520,2.0,307.37,-53.24,4.0,4.0,Shipping on time,0,0.0,0,7,5.7313003606929405,0,0,0,1
3581,2015-12-09,2015-12-12,South Asia,77603,5.0,134.68,3.09,3.0,4.0,Shipping on time,0,-1.0,0,12,4.910299172043593,0,0,0,1
3582,2016-04-10,2016-04-10,Central America,23099,5.0,145.37,10.34,0.0,1.0,Shipping on time,1,-1.0,0,4,4.986137662495856,1,0,0,0
3583,2015-10-13,2015-10-16,Oceania,78865,1.0,290.65,71.63,3.0,1.0,Late delivery,0,2.0,1,10,5.675554453199647,1,0,0,0
3584,2017-06-21,2017-06-26,Central America,52801,5.0,119.61,32.44,5.0,4.0,Late delivery,0,1.0,1,6,4.792562199595151,0,0,0,1
3585,2016-12-04,2016-12-05,South Asia,14576,5.0,219.48,-21.65,1.0,1.0,Shipping on time,0,0.0,0,12,5.395806987825294,1,0,0,0
3586,2016-08-15,2016-08-16,US Center,69470,3.0,192.06,-2.85,1.0,1.0,Shipping on time,0,0.0,0,8,5.263001021420469,1,0,0,0
3587,2017-02-11,2017-02-14,Eastern Asia,21246,3.0,67.37,22.2,3.0,2.0,Late delivery,0,1.0,1,2,4.2249341319257026,0,0,1,0
3588,2016-07-15,2016-07-19,Oceania,76264,3.0,179.2,11.05,4.0,4.0,Shipping on time,0,0.0,0,7,5.194067345174237,0,0,0,1
3589,2017-01-05,2017-01-06,West Europe,65443,3.0,167.84,24.42,1.0,1.0,Shipping on time,0,0.0,0,1,5.128951520914298,1,0,0,0
3590,2017-06-01,2017-06-05,South Asia,80519,2.0,74.92,28.93,4.0,4.0,Shipping on time,0,0.0,0,6,4.3296801543016725,0,0,0,1
3591,2016-10-29,2016-11-02,South Asia,11248,1.0,80.16,3.8,4.0,4.0,Shipping on time,0,0.0,0,10,4.396422514957614,0,0,0,1
3592,2015-02-12,2015-02-19,Central America,89025,3.0,69.53,-10.65,7.0,4.0,Late delivery,0,3.0,1,2,4.256038151220088,0,0,0,1
3593,2017-01-17,2017-01-22,Eastern Asia,72207,5.0,336.46,39.73,5.0,2.0,Late delivery,0,3.0,1,1,5.8214469847701915,0,0,1,0
3594,2015-07-10,2015-07-16,Central America,78360,4.0,522.98,-40.03,6.0,4.0,Late delivery,0,2.0,1,7,6.261453515653697,0,0,0,1
3595,2017-07-12,2017-07-18,West Europe,89039,4.0,226.4,-16.64,6.0,4.0,Late delivery,0,2.0,1,7,5.426710581316436,0,0,0,1
3596,2015-12-07,2015-12-10,Central America,64822,4.0,378.48,-4.88,3.0,4.0,Shipping on time,0,-1.0,0,12,5.938801894524676,0,0,0,1
3597,2015-09-21,2015-09-24,Eastern Asia,35312,5.0,66.5,2.61,3.0,4.0,Shipping on time,0,-1.0,0,9,4.212127597878484,0,0,0,1
3598,2017-07-28,2017-07-31,West Europe,93941,1.0,343.79,-33.29,3.0,4.0,Shipping on time,0,-1.0,0,7,5.842935536048777,0,0,0,1
3599,2015-10-06,2015-10-12,South Asia,93214,4.0,481.76,134.83,6.0,4.0,Late delivery,0,2.0,1,10,6.179519635749697,0,0,0,1
3600,2017-08-19,2017-08-24,South Asia,64195,5.0,389.44,-61.534,5.0,2.0,Late delivery,0,3.0,1,8,5.967274308306765,0,0,1,0
3601,2017-09-08,2017-09-15,US Center,10598,5.0,84.8,30.0,7.0,4.0,Late delivery,0,3.0,1,9,4.4520190064939165,0,0,0,1
3602,2017-03-16,2017-03-19,Eastern Asia,94954,1.0,283.89,49.43,3.0,4.0,Shipping on time,0,-1.0,0,3,5.652103140852742,0,0,0,1
3603,2017-05-30,2017-06-02,US Center,58981,2.0,138.76,-8.22,3.0,1.0,Late delivery,0,2.0,1,5,4.939926665825801,1,0,0,0
3604,2017-05-07,2017-05-08,US Center,50933,5.0,282.33,-55.25,1.0,2.0,Shipping on time,0,-1.0,0,5,5.646612296041165,0,0,1,0
3605,2016-10-26,2016-10-29,Central America,24234,1.0,101.3,-5.78,3.0,1.0,Late delivery,0,2.0,1,10,4.627909672957581,1,0,0,0
3606,2017-06-01,2017-06-03,South Asia,46898,2.0,149.75,52.83,2.0,2.0,Shipping on time,0,0.0,0,6,5.015622835607295,0,0,1,0
3607,2017-03-04,2017-03-04,Central America,79663,4.0,105.7,0.81,0.0,0.0,Shipping on time,0,0.0,0,3,4.670021158307708,0,1,0,0
3608,2015-01-27,2015-01-30,Eastern Asia,45531,3.0,197.43,2.01,3.0,4.0,Shipping on time,0,-1.0,0,1,5.290436393097161,0,0,0,1
3609,2016-10-05,2016-10-11,Central America,80253,5.0,139.87,-18.29,6.0,4.0,Late delivery,0,2.0,1,10,4.9478374792722155,0,0,0,1
3610,2017-09-14,2017-09-17,Central America,Unknown,5.0,288.8,58.27,3.0,1.0,Late delivery,0,2.0,1,9,5.669191029886582,1,0,0,0
3611,2015-11-05,2015-11-09,Eastern Asia,30862,1.0,243.1,-6.88,4.0,4.0,Shipping on time,0,0.0,0,11,5.497577977398914,0,0,0,1
3612,2017-08-17,2017-08-17,US Center,14695,2.0,190.5,-4.62,0.0,1.0,Shipping on time,0,-1.0,0,8,5.2548878086207,1,0,0,0
3613,2016-07-19,2016-07-26,South Asia,52386,3.0,145.37,-22.43,7.0,4.0,Late delivery,0,3.0,1,7,4.986137662495856,0,0,0,1
3614,2017-01-15,2017-01-19,West Europe,17415,1.0,124.11,-13.87,4.0,4.0,Shipping on time,0,0.0,0,1,4.829193350329309,0,0,0,1
3615,2015-09-02,2015-09-05,Central America,12719,2.0,149.07,-15.39,3.0,1.0,Late delivery,0,2.0,1,9,5.011101851907898,1,0,0,0
3616,2016-04-01,2016-04-05,Eastern Asia,16538,4.0,232.74,91.23,4.0,4.0,Shipping on time,0,0.0,0,4,5.454209386505011,0,0,0,1
3617,2015-04-09,2015-04-13,Eastern Asia,86604,1.0,160.62,21.71,4.0,4.0,Shipping on time,0,0.0,0,4,5.085247900805301,0,0,0,1
3618,2016-09-02,2016-09-04,US Center,82627,4.0,176.86,65.76,2.0,1.0,Late delivery,0,1.0,1,9,5.180996723971494,1,0,0,0
3619,2015-12-05,2015-12-12,South Asia,12322,4.0,145.37,-2.5,7.0,4.0,Late delivery,0,3.0,1,12,4.986137662495856,0,0,0,1
3620,2016-05-15,2016-05-15,US Center,81284,3.0,142.1,11.45,0.0,0.0,Shipping on time,0,0.0,0,5,4.963543686562405,0,1,0,0
3621,2017-03-19,2017-03-25,Central America,45962,5.0,99.93,34.04,6.0,4.0,Late delivery,0,2.0,1,3,4.614427207250769,0,0,0,1
3622,2017-01-11,2017-01-17,Eastern Asia,91037,4.0,48.42,11.69,6.0,4.0,Late delivery,0,2.0,1,1,3.900355200560464,0,0,0,1
3623,2015-05-19,2015-05-23,Eastern Asia,40207,2.0,209.33,29.51,4.0,4.0,Shipping on time,0,0.0,0,5,5.348677725886986,0,0,0,1
3624,2016-06-03,2016-06-08,US Center,58234,5.0,207.76,39.33,5.0,4.0,Late delivery,0,1.0,1,6,5.341185266775213,0,0,0,1
3625,2015-02-15,2015-02-19,South Asia,62497,5.0,83.25,-13.64,4.0,4.0,Shipping on time,0,0.0,0,2,4.433788569232471,0,0,0,1
3626,2016-06-11,2016-06-11,Eastern Asia,99059,1.0,466.09,174.0700000000001,0.0,1.0,Shipping on time,0,-1.0,0,6,6.146521958586964,1,0,0,0
3627,2015-08-24,2015-08-27,Oceania,47234,3.0,74.0,27.39,5.0,4.0,Shipping on time,0,1.0,1,8,4.31748811353631,0,0,0,1
3628,2016-03-25,2016-03-30,West Europe,88251,4.0,269.92,60.44,5.0,4.0,Late delivery,0,1.0,1,3,5.601823574346703,0,0,0,1
3629,2017-02-23,2017-03-01,Oceania,93736,4.0,172.93,4.93,6.0,4.0,Late delivery,0,2.0,1,2,5.158652919420062,0,0,0,1
3630,2015-09-13,2015-09-15,US Center,89330,4.0,179.54,-3.93,2.0,2.0,Shipping on time,0,0.0,0,9,5.195952359870009,0,0,1,0
3631,2017-06-01,2017-06-02,US Center,21686,5.0,293.57,-11.56,1.0,2.0,Shipping on time,0,-1.0,0,6,5.685516665849309,0,0,1,0
3632,2015-03-23,2015-03-28,Oceania,88460,3.0,258.02,-25.49,5.0,4.0,Late delivery,0,1.0,1,3,5.556905278795441,0,0,0,1
3633,2015-10-01,2015-10-03,Eastern Asia,71398,1.0,150.9,-26.85,2.0,2.0,Shipping on time,0,0.0,0,10,5.023222409601727,0,0,1,0
3634,2017-01-04,2017-01-05,Oceania,96251,1.0,78.98,-15.12,1.0,2.0,Shipping on time,0,-1.0,0,1,4.381776603418673,0,0,1,0
3635,2017-08-18,2017-08-24,Oceania,30983,5.0,71.7,4.78,6.0,4.0,Late delivery,0,2.0,1,8,4.286341384539473,0,0,0,1
3636,2015-08-19,2015-08-22,Eastern Asia,25225,2.0,166.64,13.01,3.0,4.0,Shipping on time,0,-1.0,0,8,5.121818823056871,0,0,0,1
3637,2016-04-22,2016-04-22,US Center,80699,5.0,382.52,-20.15,0.0,0.0,Shipping on time,0,0.0,0,4,5.949391770686074,0,1,0,0
3638,2015-04-21,2015-04-28,Central America,28731,3.0,251.64,20.61,7.0,4.0,Late delivery,0,3.0,1,4,5.531965550507332,0,0,0,1
3639,2016-11-17,2016-11-18,Eastern Asia,19421,3.0,145.94,57.41,1.0,1.0,Shipping on time,0,0.0,0,11,4.990024340192131,1,0,0,0
3640,2015-01-29,2015-02-03,Oceania,63807,5.0,181.27,-4.61,5.0,4.0,Late delivery,0,1.0,1,1,5.205489104236842,0,0,0,1
3641,2016-10-29,2016-11-01,West Europe,26429,3.0,224.08,79.57,3.0,4.0,Shipping on time,0,-1.0,0,10,5.416455894565078,0,0,0,1
3642,2017-04-18,2017-04-21,South Asia,56171,4.0,416.01,-16.6,3.0,4.0,Shipping on time,0,-1.0,0,4,6.033110202326614,0,0,0,1
3643,2016-03-20,2016-03-23,US Center,17994,4.0,94.41,10.59,3.0,4.0,Shipping on time,0,-1.0,0,3,4.558183394763755,0,0,0,1
3644,2016-11-06,2016-11-11,West Europe,Unknown,3.0,229.53,39.33,5.0,4.0,Late delivery,0,1.0,1,11,5.4403810058115045,0,0,0,1
3645,2017-04-21,2017-04-26,Central America,21309,5.0,175.7,-21.24,5.0,4.0,Late delivery,0,1.0,1,4,5.174453379325651,0,0,0,1
3646,2015-06-14,2015-06-19,Oceania,72546,2.0,94.45,29.4,5.0,4.0,Late delivery,0,1.0,1,6,4.558602550171757,0,0,0,1
3647,2017-06-16,2017-06-19,Eastern Asia,99569,4.0,80.98,-8.49,3.0,4.0,Shipping on time,0,-1.0,0,6,4.406475315076191,0,0,0,1
3648,2017-04-29,2017-05-03,West Europe,54899,5.0,317.85,0.83,4.0,4.0,Shipping on time,0,0.0,0,4,5.76472077276128,0,0,0,1
3649,2016-04-16,2016-04-23,West Europe,47380,3.0,181.33,21.13,7.0,4.0,Late delivery,0,3.0,1,4,5.205818232051113,0,0,0,1
3650,2015-03-14,2015-03-20,South Asia,55338,1.0,131.23,42.84,6.0,4.0,Late delivery,0,2.0,1,3,4.884542830568732,0,0,0,1
3651,2015-10-28,2015-10-28,US Center,97595,2.0,158.0,49.31,0.0,0.0,Shipping on time,0,0.0,0,10,5.0689042022202315,0,1,0,0
3652,2017-05-08,2017-05-15,US Center,56267,2.0,267.83,1.86,7.0,4.0,Late delivery,0,3.0,1,5,5.594079209564238,0,0,0,1
3653,2017-07-25,2017-07-27,West Europe,Unknown,2.0,157.47,26.78,2.0,2.0,Shipping on time,0,0.0,0,7,5.065565300954717,0,0,1,0
3654,2017-08-28,2017-09-02,South Asia,23752,2.0,389.02,-18.43,5.0,4.0,Late delivery,0,1.0,1,8,5.966198019860094,0,0,0,1
3655,2016-11-30,2016-12-01,Oceania,61481,4.0,127.41,3.37,1.0,2.0,Shipping on time,0,-1.0,0,11,4.855228269843183,0,0,1,0
3656,2015-05-16,2015-05-21,Eastern Asia,85821,3.0,93.08,-0.03,5.0,4.0,Late delivery,0,1.0,1,5,4.544145484150317,0,0,0,1
3657,2015-12-30,2016-01-06,Central America,46413,1.0,139.17,16.19,7.0,4.0,Late delivery,0,3.0,1,12,4.942855971674966,0,0,0,1
3658,2015-04-26,2015-04-29,Central America,11874,1.0,84.88,3.63,3.0,4.0,Shipping on time,0,-1.0,0,4,4.45295097301058,0,0,0,1
3659,2015-06-13,2015-06-16,South Asia,74697,3.0,120.79,47.32,3.0,1.0,Late delivery,0,2.0,1,6,4.802298250099019,1,0,0,0
3660,2016-08-17,2016-08-24,Eastern Asia,36502,3.0,309.86,1.28,7.0,4.0,Late delivery,0,3.0,1,8,5.739342650054752,0,0,0,1
3661,2016-01-30,2016-02-02,Central America,80449,4.0,413.36,130.43,3.0,4.0,Shipping on time,0,-1.0,0,1,6.026735161189901,0,0,0,1
3662,2015-03-29,2015-04-01,Central America,70437,1.0,217.25,78.58,3.0,4.0,Shipping on time,0,-1.0,0,3,5.385641194719711,0,0,0,1
3663,2016-03-19,2016-03-19,US Center,59529,5.0,167.55,54.23,0.0,1.0,Shipping on time,0,-1.0,0,3,5.12723244168007,1,0,0,0
3664,2015-11-10,2015-11-16,West Europe,50522,1.0,86.39,32.67,6.0,4.0,Late delivery,0,2.0,1,11,4.4703808596394525,0,0,0,1
3665,2017-03-24,2017-03-27,Central America,10201,2.0,81.69,25.02,3.0,4.0,Shipping on time,0,-1.0,0,3,4.415098675734075,0,0,0,1
3666,2016-09-16,2016-09-20,Oceania,43558,5.0,185.74,9.6,4.0,4.0,Shipping on time,0,0.0,0,9,5.22971727505578,0,0,0,1
3667,2016-12-02,2016-12-05,Central America,28443,4.0,164.52,24.79,3.0,1.0,Late delivery,0,2.0,1,12,5.109092033437288,1,0,0,0
3668,2016-10-15,2016-10-22,US Center,28082,5.0,105.19,28.59,7.0,4.0,Late delivery,0,3.0,1,10,4.665229942415754,0,0,0,1
3669,2016-05-25,2016-05-31,US Center,67573,1.0,113.97,8.79,6.0,4.0,Late delivery,0,2.0,1,5,4.744671224765649,0,0,0,1
3670,2016-12-11,2016-12-17,US Center,77113,2.0,378.58,94.66,6.0,4.0,Late delivery,0,2.0,1,12,5.939065378308774,0,0,0,1
3671,2017-06-26,2017-07-02,South Asia,50592,2.0,269.39,67.71,6.0,4.0,Late delivery,0,2.0,1,6,5.599865361236428,0,0,0,1
3672,2016-01-20,2016-01-25,Eastern Asia,97510,4.0,153.71,26.25,5.0,4.0,Late delivery,0,1.0,1,1,5.041552396730977,0,0,0,1
3673,2016-08-07,2016-08-08,US Center,35744,4.0,170.71,-12.37,1.0,0.0,Late delivery,0,1.0,1,8,5.145807007325711,0,1,0,0
3674,2016-05-21,2016-05-27,West Europe,99060,2.0,319.79,4.97,6.0,4.0,Late delivery,0,2.0,1,5,5.770786703436675,0,0,0,1
3675,2017-05-13,2017-05-18,West Europe,44337,1.0,184.76,58.74,5.0,4.0,Late delivery,0,1.0,1,5,5.224455517949582,0,0,0,1
3676,2016-07-06,2016-07-06,South Asia,73816,5.0,171.75,2.34,0.0,1.0,Shipping on time,0,-1.0,0,7,5.151845462647779,1,0,0,0
3677,2015-03-06,2015-03-07,Central America,86468,5.0,58.04,7.71,1.0,0.0,Late delivery,0,1.0,1,3,4.078215180292217,0,1,0,0
3678,2015-06-04,2015-06-05,Oceania,48782,4.0,54.2,-5.17,1.0,1.0,Shipping on time,0,0.0,0,6,4.01096295328305,1,0,0,0
3680,2016-03-25,2016-03-29,West Europe,97499,3.0,38.61,13.37,4.0,4.0,Shipping on time,0,0.0,0,3,3.6790816116338254,0,0,0,1
3681,2017-05-09,2017-05-15,Central America,23422,2.0,147.67,30.02,5.0,4.0,Late delivery,0,1.0,1,5,5.00172908462526,0,0,0,1
3682,2016-08-01,2016-08-06,South Asia,92089,2.0,181.44,59.95,5.0,4.0,Late delivery,0,1.0,1,8,5.2064213518435,0,0,0,1
3683,2017-01-05,2017-01-08,Eastern Asia,55958,1.0,88.35,26.16,3.0,1.0,Late delivery,0,2.0,1,1,4.492561241605437,1,0,0,0
3684,2015-03-10,2015-03-12,Oceania,49046,3.0,193.91,10.67,2.0,0.0,Late delivery,0,2.0,1,3,5.27253791356055,0,1,0,0
3685,2015-09-17,2015-09-20,Central America,29126,1.0,194.09,-22.15,3.0,1.0,Late delivery,0,2.0,1,9,5.27346099054917,1,0,0,0
3686,2015-06-03,2015-06-07,US Center,94820,4.0,142.05,42.2,4.0,4.0,Shipping on time,0,0.0,0,6,4.96319421949612,0,0,0,1
3687,2015-05-01,2015-05-05,Eastern Asia,86215,3.0,61.59,22.14,4.0,4.0,Shipping on time,0,0.0,0,5,4.13660552093661,0,0,0,1
3688,2017-01-25,2017-01-30,Eastern Asia,80046,4.0,353.45,70.72,5.0,4.0,Late delivery,0,1.0,1,1,5.870567292301026,0,0,0,1
3689,2015-03-13,2015-03-17,US Center,34570,2.0,149.29,-10.64,4.0,4.0,Shipping on time,1,0.0,0,3,5.012566760946003,0,0,0,1
3690,2015-12-25,2016-01-01,West Europe,15156,1.0,105.36,26.86,7.0,4.0,Late delivery,0,3.0,1,12,4.666829566374819,0,0,0,1
3691,2015-11-16,2015-11-23,US Center,25150,1.0,476.3,41.52,7.0,4.0,Late delivery,0,3.0,1,11,6.168145224011851,0,0,0,1
3692,2016-10-03,2016-10-10,Eastern Asia,81181,5.0,153.03,-17.18,7.0,4.0,Late delivery,0,3.0,1,10,5.037147388636367,0,0,0,1
3693,2017-06-04,2017-06-11,West Europe,39857,3.0,93.01,2.31,7.0,4.0,Late delivery,0,3.0,1,6,4.543401159590459,0,0,0,1
3694,2015-05-19,2015-05-25,US Center,90766,3.0,116.52,25.92,6.0,4.0,Late delivery,0,2.0,1,5,4.7666085318656215,0,0,0,1
3695,2015-07-11,2015-07-15,Central America,12419,3.0,48.98,6.57,4.0,2.0,Late delivery,0,2.0,1,7,3.9116229254068062,0,0,1,0
3696,2016-09-04,2016-09-09,South Asia,35868,5.0,120.7,15.47,5.0,4.0,Late delivery,0,1.0,1,9,4.801558999993482,0,0,0,1
3697,2015-09-07,2015-09-13,US Center,80099,4.0,57.05,-4.22,6.0,4.0,Late delivery,0,2.0,1,9,4.061304708143901,0,0,0,1
3698,2015-07-27,2015-07-28,Oceania,89963,1.0,293.48,25.18,1.0,2.0,Shipping on time,0,-1.0,0,7,5.685211089070766,0,0,1,0
3699,2017-04-11,2017-04-14,Central America,78108,4.0,180.34,-13.85,3.0,2.0,Late delivery,0,1.0,1,4,5.20037372221791,0,0,1,0
3700,2016-07-18,2016-07-22,South Asia,23710,5.0,64.76,10.47,4.0,2.0,Late delivery,0,2.0,1,7,4.186011750747925,0,0,1,0
3701,2015-07-04,2015-07-09,Central America,45620,3.0,210.01,23.78,5.0,2.0,Late delivery,0,3.0,1,7,5.3519055257179655,0,0,1,0
3702,2015-03-24,2015-03-28,Oceania,77030,3.0,53.2,-9.12,4.0,2.0,Late delivery,0,2.0,1,3,3.9926809084456005,0,0,1,0
3703,2015-08-28,2015-09-03,US Center,46306,4.0,163.52,16.05,6.0,4.0,Late delivery,0,2.0,1,8,5.103032143362223,0,0,0,1
3704,2015-10-28,2015-10-29,US Center,65560,1.0,198.25,-17.04,1.0,2.0,Shipping on time,0,-1.0,0,10,5.294560317670324,0,0,1,0
3705,2017-01-16,2017-01-21,Eastern Asia,90931,2.0,149.29,38.62,5.0,4.0,Late delivery,1,1.0,1,1,5.012566760946003,0,0,0,1
3706,2016-11-06,2016-11-10,Central America,15305,1.0,75.82,26.89,4.0,4.0,Shipping on time,0,0.0,0,11,4.341465022917759,0,0,0,1
3707,2017-05-06,2017-05-10,Central America,41464,3.0,139.27,24.05,4.0,2.0,Late delivery,0,2.0,1,5,4.94356913673158,0,0,1,0
3708,2016-07-25,2016-07-29,Eastern Asia,77261,2.0,133.34,23.84,4.0,4.0,Shipping on time,0,0.0,0,7,4.900373899838718,0,0,0,1
3709,2017-07-31,2017-08-03,West Europe,27412,4.0,154.24,-16.08,3.0,4.0,Shipping on time,0,-1.0,0,7,5.044972306500705,0,0,0,1
3710,2017-02-04,2017-02-08,Central America,88402,5.0,362.78,-26.12,4.0,4.0,Shipping on time,0,0.0,0,2,5.896549289311694,0,0,0,1
3711,2015-02-14,2015-02-18,Eastern Asia,36911,4.0,410.83,-57.86,4.0,4.0,Shipping on time,0,0.0,0,2,6.020610642838686,0,0,0,1
3712,2015-05-09,2015-05-09,West Europe,96963,4.0,383.76,121.3,0.0,1.0,Shipping on time,0,-1.0,0,5,5.952619763284415,1,0,0,0
3713,2015-11-26,2015-12-01,Eastern Asia,97475,1.0,101.76,38.56,5.0,2.0,Late delivery,0,3.0,1,11,4.632396172241683,0,0,1,0
3714,2015-02-12,2015-02-18,West Europe,26759,2.0,94.99,33.45,6.0,4.0,Late delivery,0,2.0,1,2,4.564244019375446,0,0,0,1
3715,2016-09-02,2016-09-07,West Europe,18117,3.0,150.73,28.38,5.0,4.0,Late delivery,0,1.0,1,9,5.0221026255371495,0,0,0,1
3716,2016-03-03,2016-03-05,South Asia,48597,2.0,193.1,39.87,2.0,1.0,Late delivery,0,1.0,1,3,5.268373490174964,1,0,0,0
3717,2015-11-28,2015-12-01,South Asia,39497,1.0,43.28,7.46,3.0,2.0,Late delivery,0,1.0,1,11,3.790533107840436,0,0,1,0
3718,2016-11-06,2016-11-09,South Asia,75043,4.0,102.97,35.68,3.0,4.0,Shipping on time,0,-1.0,0,11,4.644102395989878,0,0,0,1
3719,2017-01-11,2017-01-13,Central America,25603,3.0,435.56,121.94,2.0,1.0,Late delivery,0,1.0,1,1,6.078925822877976,1,0,0,0
3720,2015-09-05,2015-09-06,Oceania,65273,2.0,70.62,7.43,1.0,2.0,Shipping on time,0,-1.0,0,9,4.271374364570287,0,0,1,0
3721,2015-08-14,2015-08-17,Eastern Asia,37293,5.0,95.53,9.0,3.0,0.0,Late delivery,0,3.0,1,8,4.569853840860524,0,1,0,0
3722,2015-09-19,2015-09-24,Oceania,80478,1.0,97.33,26.11,5.0,2.0,Late delivery,0,3.0,1,9,4.588329168792065,0,0,1,0
3723,2016-08-27,2016-08-28,West Europe,18120,2.0,199.3,-15.66,1.0,1.0,Shipping on time,0,0.0,0,8,5.299816242671772,1,0,0,0
3724,2015-08-21,2015-08-24,US Center,23560,4.0,143.04,24.52,3.0,4.0,Shipping on time,0,-1.0,0,8,4.970091038780675,0,0,0,1
3725,2015-06-12,2015-06-16,West Europe,87109,5.0,122.42,3.23,4.0,2.0,Late delivery,0,2.0,1,6,4.815593172892921,0,0,1,0
3726,2016-01-13,2016-01-16,US Center,97063,3.0,59.8,11.82,3.0,1.0,Late delivery,0,2.0,1,1,4.107589788972121,1,0,0,0
3727,2015-05-31,2015-06-05,South Asia,36505,4.0,214.37,6.04,5.0,4.0,Late delivery,0,1.0,1,5,5.372357479256501,0,0,0,1
3728,2015-08-02,2015-08-09,Central America,20001,5.0,148.84,-8.3,7.0,4.0,Late delivery,0,3.0,1,8,5.009568058135833,0,0,0,1
3729,2017-03-08,2017-03-10,Oceania,10936,1.0,99.7,29.31,2.0,2.0,Shipping on time,0,0.0,0,3,4.612145799724517,0,0,1,0
3730,2017-02-17,2017-02-24,West Europe,94753,1.0,150.9,17.86,7.0,4.0,Late delivery,0,3.0,1,2,5.023222409601727,0,0,0,1
3731,2016-09-19,2016-09-20,South Asia,14491,3.0,238.53,52.54,1.0,2.0,Shipping on time,0,-1.0,0,9,5.478678669966805,0,0,1,0
3732,2016-02-02,2016-02-07,Central America,62484,4.0,61.26,9.03,5.0,2.0,Late delivery,0,3.0,1,2,4.131319165013462,0,0,1,0
3733,2016-07-21,2016-07-24,West Europe,27623,4.0,58.57,18.51,3.0,1.0,Late delivery,0,2.0,1,7,4.087152091640596,1,0,0,0
3734,2016-11-13,2016-11-16,Central America,22606,4.0,80.47,20.5,3.0,4.0,Shipping on time,0,-1.0,0,11,4.400234854322551,0,0,0,1
3735,2016-01-11,2016-01-14,US Center,53147,1.0,87.92,33.63,3.0,4.0,Shipping on time,0,-1.0,0,1,4.487737089095996,0,0,0,1
3736,2015-05-04,2015-05-08,South Asia,12415,3.0,145.37,5.18,4.0,1.0,Late delivery,1,3.0,1,5,4.986137662495856,1,0,0,0
3737,2016-11-04,2016-11-09,South Asia,39429,1.0,103.41,29.22,5.0,4.0,Late delivery,0,1.0,1,11,4.648325456302019,0,0,0,1
3738,2017-07-12,2017-07-14,Eastern Asia,71155,3.0,289.6,94.64,2.0,1.0,Late delivery,0,1.0,1,7,5.671947751136183,1,0,0,0
3739,2017-08-10,2017-08-15,Oceania,36920,5.0,121.8,24.3,5.0,4.0,Late delivery,0,1.0,1,8,4.810557015713042,0,0,0,1
3740,2015-12-27,2016-01-02,Eastern Asia,73174,5.0,273.4,105.29,6.0,4.0,Late delivery,0,2.0,1,12,5.61458689585173,0,0,0,1
3741,2016-01-10,2016-01-15,Eastern Asia,60359,5.0,36.216,-3.15,5.0,4.0,Late delivery,0,1.0,1,1,3.6167387763362537,0,0,0,1
3742,2015-12-20,2015-12-23,South Asia,72254,4.0,138.74,-15.56,3.0,4.0,Shipping on time,0,-1.0,0,12,4.939783553124305,0,0,0,1
3743,2015-02-17,2015-02-24,West Europe,13200,1.0,341.53,32.6,7.0,4.0,Late delivery,0,3.0,1,2,5.836359245107267,0,0,0,1
3744,2015-11-25,2015-11-28,Eastern Asia,21897,1.0,381.54,93.52,3.0,4.0,Shipping on time,0,-1.0,0,11,5.946833222962388,0,0,0,1
3746,2016-07-14,2016-07-17,Oceania,37158,1.0,90.46,31.61,3.0,0.0,Late delivery,0,3.0,1,7,4.515901718229909,0,1,0,0
3747,2017-02-19,2017-02-24,Oceania,28711,1.0,187.03,34.65,5.0,4.0,Late delivery,0,1.0,1,2,5.236601524567384,0,0,0,1
3748,2015-01-18,2015-01-24,Oceania,22103,3.0,71.46,0.91,6.0,4.0,Late delivery,0,2.0,1,1,4.283034685466931,0,0,0,1
3749,2015-10-25,2015-10-30,Eastern Asia,15506,4.0,119.27,-5.92,5.0,4.0,Late delivery,0,1.0,1,10,4.789739215322525,0,0,0,1
3750,2015-05-11,2015-05-14,Oceania,84509,5.0,54.4,21.24,3.0,1.0,Late delivery,0,2.0,1,5,4.014579593753238,1,0,0,0
3751,2017-01-24,2017-01-27,Oceania,46895,4.0,155.98,29.04,3.0,4.0,Shipping on time,0,-1.0,0,1,5.0561184086986675,0,0,0,1
3752,2015-10-16,2015-10-20,US Center,85294,5.0,148.9,-29.38,4.0,2.0,Late delivery,0,2.0,1,10,5.009968405108552,0,0,1,0
3753,2015-07-23,2015-07-27,West Europe,95116,4.0,394.78,-0.39,4.0,4.0,Shipping on time,0,0.0,0,7,5.980858501320758,0,0,0,1
3754,2017-04-25,2017-05-02,Central America,63535,3.0,184.01,15.21,7.0,4.0,Late delivery,0,3.0,1,4,5.220409877671511,0,0,0,1
3755,2016-08-19,2016-08-26,West Europe,42335,3.0,99.86,5.42,7.0,4.0,Late delivery,0,3.0,1,8,4.6137334166485795,0,0,0,1
3756,2015-08-19,2015-08-22,West Europe,47950,4.0,140.41,53.8,3.0,2.0,Late delivery,0,1.0,1,8,4.9516634723196855,0,0,1,0
3757,2016-01-01,2016-01-04,Eastern Asia,86880,3.0,68.43,-1.62,3.0,4.0,Shipping on time,0,-1.0,0,1,4.240319050765182,0,0,0,1
3758,2016-08-16,2016-08-19,South Asia,97691,2.0,151.51,-3.97,3.0,1.0,Late delivery,0,2.0,1,8,5.027230167668092,1,0,0,0
3759,2016-06-16,2016-06-22,Eastern Asia,33179,4.0,130.5,-25.68,6.0,4.0,Late delivery,0,2.0,1,6,4.879006851617819,0,0,0,1
3760,2015-01-23,2015-01-30,South Asia,42287,4.0,191.17,43.98,7.0,4.0,Late delivery,0,3.0,1,1,5.258380396944336,0,0,0,1
3761,2016-01-10,2016-01-14,Eastern Asia,52206,4.0,259.97,14.76,4.0,4.0,Shipping on time,0,0.0,0,1,5.564405458187559,0,0,0,1
3762,2017-08-11,2017-08-14,South Asia,11594,1.0,44.62,-7.19,3.0,2.0,Late delivery,0,1.0,1,8,3.820346216856242,0,0,1,0
3763,2016-08-16,2016-08-19,US Center,44983,4.0,180.7,31.34,3.0,2.0,Late delivery,0,1.0,1,8,5.202356975402125,0,0,1,0
3764,2015-12-21,2015-12-27,Central America,69590,5.0,231.23,-17.04,6.0,4.0,Late delivery,0,2.0,1,12,5.447728259884732,0,0,0,1
3765,2017-01-09,2017-01-14,West Europe,57368,3.0,72.22,-6.81,5.0,4.0,Late delivery,0,1.0,1,1,4.29346860769209,0,0,0,1
3766,2016-01-12,2016-01-15,US Center,55161,5.0,465.1,132.98,3.0,4.0,Shipping on time,0,-1.0,0,1,6.144400203378695,0,0,0,1
3767,2016-12-01,2016-12-01,West Europe,89633,3.0,96.24,-18.52,0.0,1.0,Shipping on time,0,-1.0,0,12,4.577182149447922,1,0,0,0
3769,2016-03-06,2016-03-10,Eastern Asia,99683,5.0,237.82,78.47,4.0,1.0,Late delivery,0,3.0,1,3,5.475710130105239,1,0,0,0
3770,2015-01-04,2015-01-09,South Asia,48141,1.0,265.53,-16.56,5.0,2.0,Late delivery,0,3.0,1,1,5.585486807626805,0,0,1,0
3771,2015-02-06,2015-02-10,US Center,99558,2.0,174.59,-10.27,4.0,4.0,Shipping on time,0,0.0,0,2,5.168151731971239,0,0,0,1
3772,2016-05-24,2016-05-27,South Asia,92318,2.0,272.31,24.09,3.0,4.0,Shipping on time,0,-1.0,0,5,5.610606682092659,0,0,0,1
3773,2017-04-07,2017-04-09,Eastern Asia,73503,5.0,79.62,-13.22,2.0,2.0,Shipping on time,0,0.0,0,4,4.38974675768902,0,0,1,0
3774,2015-07-12,2015-07-15,Oceania,69541,5.0,91.41,26.48,3.0,4.0,Shipping on time,0,-1.0,0,7,4.526235197899949,0,0,0,1
3775,2015-04-17,2015-04-19,West Europe,37636,1.0,45.63,5.16,2.0,2.0,Shipping on time,0,0.0,0,4,3.8422441108202294,0,0,1,0
3776,2016-02-19,2016-02-24,Eastern Asia,51016,2.0,205.65,62.27,5.0,4.0,Late delivery,0,1.0,1,2,5.331026540957741,0,0,0,1
3777,2016-01-15,2016-01-22,Central America,69346,2.0,96.83,28.62,7.0,4.0,Late delivery,0,3.0,1,1,4.583231278469338,0,0,0,1
3778,2016-07-09,2016-07-10,Oceania,62198,4.0,233.25,41.24,1.0,1.0,Shipping on time,0,0.0,0,7,5.456388921118531,1,0,0,0
3779,2017-02-27,2017-03-06,South Asia,29683,2.0,149.29,50.14,7.0,4.0,Late delivery,1,3.0,1,2,5.012566760946003,0,0,0,1
3780,2017-09-22,2017-09-23,South Asia,58956,5.0,66.3,26.25,1.0,1.0,Shipping on time,0,0.0,0,9,4.209160236650682,1,0,0,0
3781,2017-09-06,2017-09-08,Central America,44085,3.0,226.3,-5.06,2.0,1.0,Late delivery,0,1.0,1,9,5.426270730858498,1,0,0,0
3782,2016-01-16,2016-01-23,South Asia,40198,4.0,173.44,-7.86,7.0,4.0,Late delivery,0,3.0,1,1,5.1615808429745655,0,0,0,1
3783,2016-12-27,2016-12-31,South Asia,48760,1.0,167.5,15.89,4.0,4.0,Shipping on time,0,0.0,0,12,5.126935749792416,0,0,0,1
3784,2017-01-20,2017-01-25,South Asia,22241,2.0,195.77,-18.67,5.0,2.0,Late delivery,0,3.0,1,1,5.282035533973754,0,0,1,0
3785,2015-04-25,2015-04-29,South Asia,60896,2.0,146.08,28.75,4.0,2.0,Late delivery,0,2.0,1,4,4.990976656433071,0,0,1,0
3786,2015-12-27,2015-12-31,Central America,35836,4.0,149.5,53.31,4.0,4.0,Shipping on time,0,0.0,0,12,5.01396308418893,0,0,0,1
3787,2017-08-22,2017-08-22,Oceania,40035,5.0,279.92,48.54,0.0,1.0,Shipping on time,0,-1.0,0,8,5.638069931290819,1,0,0,0
3788,2016-07-04,2016-07-07,Eastern Asia,34399,5.0,81.57,0.1,3.0,4.0,Shipping on time,0,-1.0,0,7,4.413646418429337,0,0,0,1
3789,2015-02-17,2015-02-24,Eastern Asia,69787,5.0,72.02,11.54,7.0,4.0,Late delivery,0,3.0,1,2,4.29073337622749,0,0,0,1
3790,2016-06-04,2016-06-07,Eastern Asia,90306,4.0,93.92,16.23,3.0,4.0,Shipping on time,0,-1.0,0,6,4.553034431567563,0,0,0,1
3791,2015-02-06,2015-02-09,US Center,19713,2.0,276.59,-50.41,3.0,4.0,Shipping on time,0,-1.0,0,2,5.626145204929048,0,0,0,1
3792,2015-10-22,2015-10-26,Eastern Asia,54705,5.0,151.34,29.64,4.0,2.0,Late delivery,1,2.0,1,10,5.026114864944642,0,0,1,0
3793,2017-01-05,2017-01-05,South Asia,69794,4.0,469.48,-17.17,0.0,1.0,Shipping on time,0,-1.0,0,1,6.153753450151701,1,0,0,0
3794,2016-12-04,2016-12-09,West Europe,50374,5.0,36.216,-0.51,5.0,4.0,Late delivery,0,1.0,1,12,3.6167387763362537,0,0,0,1
3795,2017-07-07,2017-07-11,US Center,91440,3.0,96.62,-13.97,4.0,4.0,Shipping on time,0,0.0,0,7,4.5810823904590015,0,0,0,1
3796,2017-06-02,2017-06-06,Oceania,10195,3.0,113.49,31.17,4.0,2.0,Late delivery,0,2.0,1,6,4.740487482935721,0,0,1,0
3797,2016-10-02,2016-10-07,Oceania,19761,3.0,174.63,44.27,5.0,4.0,Late delivery,0,1.0,1,10,5.168379509433644,0,0,0,1
3798,2016-01-29,2016-02-03,South Asia,77482,4.0,331.67,-23.53,5.0,4.0,Late delivery,0,1.0,1,1,5.807151007633235,0,0,0,1
3799,2017-05-25,2017-05-25,Oceania,64629,4.0,132.66,6.15,0.0,1.0,Shipping on time,0,-1.0,0,5,4.895299262082924,1,0,0,0
3800,2017-05-29,2017-05-31,Oceania,32935,3.0,80.51,19.62,2.0,1.0,Late delivery,0,1.0,1,5,4.400725712106366,1,0,0,0
3801,2016-10-09,2016-10-09,Oceania,95755,4.0,245.6,21.36,0.0,0.0,Shipping on time,0,0.0,0,10,5.507767590730244,0,1,0,0
3802,2017-02-25,2017-03-01,South Asia,80254,5.0,376.83,70.56,4.0,2.0,Late delivery,0,2.0,1,2,5.934444359008533,0,0,1,0
3803,2015-03-26,2015-04-02,West Europe,82864,3.0,36.216,2.07,7.0,4.0,Late delivery,0,3.0,1,3,3.6167387763362537,0,0,0,1
3804,2015-04-17,2015-04-21,West Europe,63066,1.0,210.29,58.74,4.0,4.0,Shipping on time,0,0.0,0,4,5.353231597425428,0,0,0,1
3805,2016-09-11,2016-09-17,US Center,28949,5.0,177.35,48.21,6.0,4.0,Late delivery,0,2.0,1,9,5.1837479118049,0,0,0,1
3806,2015-03-21,2015-03-21,US Center,92472,1.0,89.91,21.52,0.0,0.0,Shipping on time,0,0.0,0,3,4.509870006133767,0,1,0,0
3807,2017-02-05,2017-02-08,Oceania,84474,4.0,111.47,-14.07,3.0,4.0,Shipping on time,0,-1.0,0,2,4.72268651941593,0,0,0,1
3808,2016-11-11,2016-11-17,West Europe,55279,4.0,176.6,17.04,6.0,4.0,Late delivery,0,2.0,1,11,5.17953383055807,0,0,0,1
3809,2016-05-08,2016-05-15,West Europe,33935,2.0,150.94,23.04,7.0,4.0,Late delivery,0,3.0,1,5,5.023485706075076,0,0,0,1
3810,2016-02-01,2016-02-08,Central America,93018,4.0,127.77,-20.05,7.0,4.0,Late delivery,0,3.0,1,2,4.858027867285692,0,0,0,1
3811,2016-12-11,2016-12-16,US Center,90370,5.0,73.54,12.74,5.0,4.0,Late delivery,0,1.0,1,12,4.311335894051113,0,0,0,1
3812,2015-09-27,2015-10-04,Oceania,47111,4.0,176.17,49.65,7.0,4.0,Late delivery,0,3.0,1,9,5.177109723612346,0,0,0,1
3813,2016-04-13,2016-04-20,Eastern Asia,21368,5.0,99.5,15.76,7.0,4.0,Late delivery,0,3.0,1,4,4.61015772749913,0,0,0,1
3814,2016-12-15,2016-12-18,West Europe,29910,1.0,156.31,57.34,3.0,4.0,Shipping on time,0,-1.0,0,12,5.058218380834414,0,0,0,1
3815,2015-04-13,2015-04-17,Eastern Asia,71373,3.0,104.23,-4.38,4.0,4.0,Shipping on time,0,0.0,0,4,4.656148430752721,0,0,0,1
3816,2017-04-27,2017-04-30,Central America,98385,2.0,167.23,41.65,3.0,4.0,Shipping on time,0,-1.0,0,4,5.125332090731069,0,0,0,1
3817,2017-05-12,2017-05-14,Central America,47286,2.0,232.5,56.58,2.0,2.0,Shipping on time,0,0.0,0,5,5.453182077108952,0,0,1,0
3818,2015-08-27,2015-08-29,West Europe,28379,5.0,151.34,43.64,2.0,2.0,Shipping on time,1,0.0,0,8,5.026114864944642,0,0,1,0
3820,2016-08-18,2016-08-25,Central America,25602,1.0,64.42,10.47,7.0,4.0,Late delivery,0,3.0,1,8,4.180828022110238,0,0,0,1
3821,2015-07-24,2015-07-26,Oceania,76451,3.0,196.06,57.8,2.0,1.0,Late delivery,0,1.0,1,7,5.283508250894329,1,0,0,0
3822,2017-02-11,2017-02-14,South Asia,27891,1.0,176.57,70.03,3.0,4.0,Shipping on time,0,-1.0,0,2,5.179364897370744,0,0,0,1
3823,2015-05-10,2015-05-12,Central America,59489,2.0,101.76,2.26,2.0,2.0,Shipping on time,0,0.0,0,5,4.632396172241683,0,0,1,0
3824,2015-09-16,2015-09-18,Central America,48349,5.0,134.32,-1.41,2.0,1.0,Late delivery,0,1.0,1,9,4.907642343912507,1,0,0,0
3825,2015-12-13,2015-12-18,Eastern Asia,40875,2.0,36.216,-2.51,5.0,4.0,Late delivery,0,1.0,1,12,3.6167387763362537,0,0,0,1
3826,2016-01-10,2016-01-15,US Center,55068,3.0,155.49,-6.09,5.0,4.0,Late delivery,0,1.0,1,1,5.05299211017508,0,0,0,1
3827,2016-02-07,2016-02-11,Eastern Asia,65437,2.0,115.85,-4.08,4.0,2.0,Late delivery,0,2.0,1,2,4.760891060984867,0,0,1,0
3828,2015-03-30,2015-04-06,US Center,28640,1.0,149.29,0.72,7.0,4.0,Late delivery,1,3.0,1,3,5.012566760946003,0,0,0,1
3829,2015-07-18,2015-07-22,Eastern Asia,16804,3.0,200.93,-4.88,4.0,4.0,Shipping on time,0,0.0,0,7,5.307921102690732,0,0,0,1
3830,2017-06-13,2017-06-19,West Europe,63122,2.0,100.93,-10.82,6.0,4.0,Late delivery,0,2.0,1,6,4.624286303180321,0,0,0,1
3831,2015-06-12,2015-06-19,South Asia,22583,2.0,175.04,27.28,7.0,4.0,Late delivery,0,3.0,1,6,5.1707112419428904,0,0,0,1
3832,2015-12-30,2016-01-04,South Asia,93837,5.0,128.3,20.27,5.0,2.0,Late delivery,0,3.0,1,12,4.8621352857778115,0,0,1,0
3833,2016-03-27,2016-03-29,South Asia,73639,4.0,198.09,-1.26,2.0,0.0,Late delivery,0,2.0,1,3,5.293756983791705,0,1,0,0
3834,2017-06-25,2017-06-25,West Europe,58500,5.0,156.01,34.61,0.0,0.0,Shipping on time,0,0.0,0,6,5.0563094975874305,0,1,0,0
3835,2015-01-13,2015-01-19,Oceania,34848,3.0,124.58,-3.6,6.0,4.0,Late delivery,0,2.0,1,1,4.832943005685963,0,0,0,1
3836,2016-08-25,2016-09-01,West Europe,65490,2.0,199.2,15.53,7.0,4.0,Late delivery,0,3.0,1,8,5.29931686688112,0,0,0,1
3837,2016-05-06,2016-05-12,West Europe,73532,5.0,244.29,-32.28,6.0,4.0,Late delivery,0,2.0,1,5,5.502441184024992,0,0,0,1
3838,2016-11-26,2016-12-03,US Center,39486,4.0,37.92,-6.03,7.0,4.0,Late delivery,0,3.0,1,11,3.6615082573178044,0,0,0,1
3839,2015-04-18,2015-04-22,South Asia,25886,1.0,150.42,22.21,4.0,4.0,Shipping on time,0,0.0,0,4,5.02005743267516,0,0,0,1
3840,2017-01-02,2017-01-06,West Europe,42381,2.0,103.51,29.69,4.0,2.0,Late delivery,0,2.0,1,1,4.649282760606412,0,0,1,0
3841,2015-05-14,2015-05-18,US Center,21321,2.0,76.09,29.57,4.0,2.0,Late delivery,0,2.0,1,5,4.344973570471171,0,0,1,0
3842,2017-03-23,2017-03-27,Oceania,47354,1.0,324.2,-45.42,4.0,4.0,Shipping on time,0,0.0,0,3,5.784440377673656,0,0,0,1
3843,2015-04-30,2015-05-01,Oceania,45064,1.0,263.57,-47.73,1.0,2.0,Shipping on time,0,-1.0,0,4,5.578105866568199,0,0,1,0
3844,2016-12-29,2017-01-02,Oceania,74950,3.0,79.48,3.76,4.0,4.0,Shipping on time,0,0.0,0,12,4.388008706351429,0,0,0,1
3845,2017-04-26,2017-04-27,Oceania,89709,4.0,75.64,15.54,1.0,2.0,Shipping on time,0,-1.0,0,4,4.339119133662605,0,0,1,0
3846,2015-01-15,2015-01-18,West Europe,73760,2.0,241.9,83.77,3.0,1.0,Late delivery,0,2.0,1,1,5.492649836008127,1,0,0,0
3847,2017-03-26,2017-03-28,Central America,17906,3.0,101.5,4.98,2.0,1.0,Late delivery,0,1.0,1,3,4.629862798578463,1,0,0,0
3848,2017-06-13,2017-06-13,South Asia,85430,4.0,121.57,15.0,0.0,0.0,Shipping on time,0,0.0,0,6,4.808682295353074,0,1,0,0
3849,2017-09-11,2017-09-11,Oceania,64266,4.0,45.25,-8.68,0.0,1.0,Shipping on time,0,-1.0,0,9,3.834061463958434,1,0,0,0
3850,2016-06-07,2016-06-12,Oceania,61958,5.0,136.36,-7.68,5.0,4.0,Late delivery,0,1.0,1,6,4.92260521658922,0,0,0,1
3851,2017-03-16,2017-03-19,Oceania,30075,2.0,292.62,100.55,3.0,4.0,Shipping on time,0,-1.0,0,3,5.6822864143113145,0,0,0,1
3852,2015-01-30,2015-02-03,South Asia,53524,5.0,112.12,-2.9,4.0,2.0,Late delivery,0,2.0,1,1,4.728449202148263,0,0,1,0
3853,2016-05-20,2016-05-25,West Europe,61088,4.0,137.78,45.72,5.0,4.0,Late delivery,0,1.0,1,5,4.932889945471403,0,0,0,1
3854,2015-11-02,2015-11-06,US Center,61077,4.0,421.79,-33.24,4.0,2.0,Late delivery,0,2.0,1,11,6.0468756018715295,0,0,1,0
3855,2016-01-29,2016-02-05,Central America,44831,1.0,250.51,-17.92,7.0,4.0,Late delivery,0,3.0,1,1,5.527482750180741,0,0,0,1
3856,2015-10-27,2015-10-30,West Europe,98919,2.0,347.76,3.32,3.0,4.0,Shipping on time,0,-1.0,0,10,5.854384006559615,0,0,0,1
3857,2016-08-07,2016-08-10,Central America,17390,3.0,215.92,6.51,3.0,4.0,Shipping on time,0,-1.0,0,8,5.3795286219728595,0,0,0,1
3858,2017-05-18,2017-05-21,Central America,47609,2.0,304.0,18.75,5.0,4.0,Shipping on time,0,1.0,1,5,5.720311776607412,0,0,0,1
3859,2016-09-21,2016-09-26,Eastern Asia,18850,1.0,149.29,4.58,5.0,4.0,Late delivery,1,1.0,1,9,5.012566760946003,0,0,0,1
3860,2016-08-27,2016-08-30,West Europe,79300,1.0,90.31,15.39,3.0,4.0,Shipping on time,0,-1.0,0,8,4.514260310628249,0,0,0,1
3861,2017-09-15,2017-09-15,Central America,40024,2.0,54.73,-1.2,0.0,1.0,Shipping on time,0,-1.0,0,9,4.020518601581445,1,0,0,0
3862,2016-04-07,2016-04-13,Oceania,84791,3.0,561.24,72.28,6.0,4.0,Late delivery,0,2.0,1,4,6.331928804998732,0,0,0,1
3863,2015-12-02,2015-12-07,Eastern Asia,40608,2.0,164.88,22.31,5.0,4.0,Late delivery,0,1.0,1,12,5.1112646353781805,0,0,0,1
3864,2015-10-28,2015-10-30,West Europe,52466,4.0,137.1,34.17,2.0,1.0,Late delivery,0,1.0,1,10,4.9279780604152466,1,0,0,0
3865,2017-06-22,2017-06-27,West Europe,74779,3.0,93.93,36.69,5.0,4.0,Late delivery,0,1.0,1,6,4.5531397778937075,0,0,0,1
3866,2017-03-14,2017-03-21,South Asia,22011,1.0,80.37,10.06,7.0,4.0,Late delivery,0,3.0,1,3,4.3990066547085656,0,0,0,1
3867,2017-08-08,2017-08-13,US Center,64394,3.0,149.29,8.51,5.0,4.0,Late delivery,1,1.0,1,8,5.012566760946003,0,0,0,1
3868,2017-03-21,2017-03-24,Eastern Asia,93183,1.0,568.21,174.0700000000001,3.0,2.0,Late delivery,0,1.0,1,3,6.34424943457859,0,0,1,0
3869,2017-08-12,2017-08-15,West Europe,31275,3.0,140.59,19.75,3.0,4.0,Shipping on time,0,-1.0,0,8,4.95293555729688,0,0,0,1
3870,2016-06-07,2016-06-14,South Asia,49132,4.0,153.4,57.72,7.0,4.0,Late delivery,0,3.0,1,6,5.039546637590676,0,0,0,1
3871,2016-09-17,2016-09-21,Central America,99228,4.0,63.51,-8.89,4.0,2.0,Late delivery,0,2.0,1,9,4.16682025054415,0,0,1,0
3873,2016-09-07,2016-09-12,Eastern Asia,66491,2.0,185.32,46.1,5.0,4.0,Late delivery,0,1.0,1,9,5.227465625576086,0,0,0,1
3874,2015-01-21,2015-01-24,West Europe,95280,3.0,140.68,-19.91,3.0,4.0,Shipping on time,0,-1.0,0,1,4.953570993474578,0,0,0,1
3875,2017-09-23,2017-09-26,Central America,22486,4.0,214.09,-21.93,3.0,2.0,Late delivery,0,1.0,1,9,5.371056545188342,0,0,1,0
3876,2016-02-09,2016-02-12,South Asia,53400,3.0,89.2,-13.65,3.0,4.0,Shipping on time,0,-1.0,0,2,4.502029427068578,0,0,0,1
3877,2016-02-18,2016-02-24,US Center,80084,5.0,179.46,59.13,6.0,4.0,Late delivery,0,2.0,1,2,5.195509146566355,0,0,0,1
3878,2016-09-13,2016-09-16,Oceania,10402,1.0,932.5600000000057,174.0700000000001,3.0,4.0,Shipping on time,0,-1.0,0,9,6.839005235153027,0,0,0,1
3879,2017-02-14,2017-02-18,Central America,57741,1.0,206.9,-9.92,4.0,1.0,Late delivery,0,3.0,1,2,5.337057194863967,1,0,0,0
3880,2015-12-13,2015-12-19,West Europe,88160,5.0,185.8,58.37,6.0,4.0,Late delivery,0,2.0,1,12,5.230038525794742,0,0,0,1
3881,2015-03-22,2015-03-27,US Center,37269,3.0,138.78,29.58,5.0,4.0,Late delivery,0,1.0,1,3,4.940069758048983,0,0,0,1
3882,2015-06-23,2015-06-26,Central America,82571,3.0,81.65,-4.13,3.0,4.0,Shipping on time,0,-1.0,0,6,4.4146148242670336,0,0,0,1
3883,2015-08-27,2015-09-01,Central America,10383,5.0,205.87,-15.92,5.0,2.0,Late delivery,0,3.0,1,8,5.332090576654958,0,0,1,0
3884,2015-07-10,2015-07-14,Central America,16936,1.0,116.76,27.54,4.0,1.0,Late delivery,0,3.0,1,7,4.7686486549805664,1,0,0,0
3885,2016-05-18,2016-05-21,Eastern Asia,70756,2.0,83.76,31.91,3.0,4.0,Shipping on time,0,-1.0,0,5,4.4398237334000985,0,0,0,1
3886,2015-12-03,2015-12-04,Oceania,54931,5.0,233.82,-16.49,1.0,1.0,Shipping on time,0,0.0,0,12,5.458819263202066,1,0,0,0
3887,2017-01-06,2017-01-09,West Europe,25743,4.0,151.34,-11.13,3.0,2.0,Late delivery,1,1.0,1,1,5.026114864944642,0,0,1,0
3888,2016-04-07,2016-04-13,Central America,Unknown,4.0,149.29,174.0700000000001,6.0,4.0,Late delivery,1,2.0,1,4,5.012566760946003,0,0,0,1
3889,2015-06-28,2015-06-28,US Center,46285,1.0,235.25,46.71,0.0,1.0,Shipping on time,0,-1.0,0,6,5.464890566373852,1,0,0,0
3890,2017-08-04,2017-08-11,South Asia,85167,1.0,260.75,-29.08,7.0,4.0,Late delivery,0,3.0,1,8,5.567389849750646,0,0,0,1
3891,2017-03-30,2017-04-01,West Europe,24293,4.0,117.98,-10.52,2.0,2.0,Shipping on time,0,0.0,0,3,4.7789554117597595,0,0,1,0
3892,2016-03-27,2016-04-01,US Center,38076,4.0,153.46,-4.45,5.0,4.0,Late delivery,0,1.0,1,3,5.039935163141118,0,0,0,1
3893,2016-07-28,2016-08-04,US Center,10446,4.0,204.6,-17.27,7.0,4.0,Late delivery,0,3.0,1,7,5.32593253358101,0,0,0,1
3894,2016-05-23,2016-05-26,Central America,43524,1.0,141.69,40.43,3.0,4.0,Shipping on time,0,-1.0,0,5,4.960674444942484,0,0,0,1
3895,2015-05-16,2015-05-20,Central America,37139,2.0,92.96,36.08,4.0,1.0,Late delivery,0,3.0,1,5,4.542869159790712,1,0,0,0
3896,2015-06-12,2015-06-13,Central America,79676,3.0,191.66,10.72,1.0,1.0,Shipping on time,0,0.0,0,6,5.260926977329477,1,0,0,0
3897,2015-02-08,2015-02-13,West Europe,23178,3.0,162.97,-8.88,5.0,4.0,Late delivery,0,1.0,1,2,5.099683484261777,0,0,0,1
3898,2015-08-01,2015-08-04,Oceania,61046,4.0,157.3,-4.07,3.0,4.0,Shipping on time,0,-1.0,0,8,5.064491966886966,0,0,0,1
3899,2016-02-03,2016-02-07,Oceania,13646,5.0,288.3,101.11,4.0,4.0,Shipping on time,0,0.0,0,2,5.6674642119820895,0,0,0,1
3900,2015-08-17,2015-08-23,US Center,92780,5.0,177.49,35.78,6.0,4.0,Late delivery,0,2.0,1,8,5.184532577241416,0,0,0,1
3901,2017-04-01,2017-04-01,South Asia,38794,2.0,112.19,39.29,0.0,0.0,Shipping on time,0,0.0,0,4,4.729067822644328,0,1,0,0
3902,2015-06-12,2015-06-17,Oceania,85521,5.0,162.82,41.45,5.0,2.0,Late delivery,0,3.0,1,6,5.098768264087456,0,0,1,0
3903,2017-09-03,2017-09-10,Oceania,96879,3.0,473.59,-19.81,7.0,4.0,Late delivery,0,3.0,1,9,6.162451273404627,0,0,0,1
3904,2017-06-27,2017-07-02,Oceania,26380,5.0,96.03,-5.97,5.0,4.0,Late delivery,0,1.0,1,6,4.575020209037208,0,0,0,1
3905,2017-01-29,2017-02-01,Central America,40955,3.0,126.08,34.78,3.0,2.0,Late delivery,0,1.0,1,1,4.8448168094013155,0,0,1,0
3906,2015-12-28,2015-12-31,West Europe,94917,5.0,91.34,30.72,3.0,4.0,Shipping on time,0,-1.0,0,12,4.525477417078843,0,0,0,1
3907,2015-08-14,2015-08-14,Oceania,28354,3.0,182.61,-26.25,0.0,1.0,Shipping on time,0,-1.0,0,8,5.212813942934096,1,0,0,0
3908,2016-09-14,2016-09-19,Oceania,65594,1.0,69.27,-2.97,5.0,2.0,Late delivery,0,3.0,1,9,4.252344965204106,0,0,1,0
3909,2017-06-16,2017-06-23,US Center,80750,5.0,193.14,-1.28,7.0,4.0,Late delivery,0,3.0,1,6,5.26857954828408,0,0,0,1
3910,2016-12-26,2016-12-27,West Europe,75327,1.0,233.08,51.08,1.0,2.0,Shipping on time,0,-1.0,0,12,5.455662937271814,0,0,1,0
3911,2015-06-06,2015-06-11,Eastern Asia,48049,1.0,92.82,-6.13,5.0,4.0,Late delivery,0,1.0,1,6,4.541378052900312,0,0,0,1
3912,2015-05-12,2015-05-19,Eastern Asia,49608,1.0,88.78,7.83,7.0,4.0,Late delivery,0,3.0,1,5,4.497362233353786,0,0,0,1
3913,2016-02-02,2016-02-07,South Asia,10185,4.0,60.49,6.11,5.0,4.0,Late delivery,0,1.0,1,2,4.118874559965378,0,0,0,1
3914,2017-02-09,2017-02-15,Oceania,11233,4.0,151.56,49.36,6.0,4.0,Late delivery,0,2.0,1,2,5.027557961292164,0,0,0,1
3915,2016-10-30,2016-11-06,US Center,50704,1.0,75.44,-13.85,7.0,4.0,Late delivery,0,3.0,1,10,4.336506119372072,0,0,0,1
3916,2017-01-23,2017-01-26,South Asia,15068,1.0,101.49,9.92,3.0,4.0,Shipping on time,0,-1.0,0,1,4.6297652328434715,0,0,0,1
3917,2015-12-05,2015-12-08,Central America,68772,1.0,114.77,11.78,3.0,1.0,Late delivery,0,2.0,1,12,4.751605464217637,1,0,0,0
3918,2015-11-23,2015-11-28,Eastern Asia,26156,2.0,97.69,3.3,5.0,4.0,Late delivery,0,1.0,1,11,4.591983624183916,0,0,0,1
3919,2015-11-25,2015-11-28,Eastern Asia,48124,2.0,243.69,-35.97,3.0,4.0,Shipping on time,0,-1.0,0,11,5.499992103246593,0,0,0,1
3920,2017-01-24,2017-01-26,South Asia,78309,1.0,160.44,15.74,2.0,0.0,Late delivery,1,2.0,1,1,5.084133556605299,0,1,0,0
3921,2016-03-09,2016-03-13,Eastern Asia,60103,2.0,41.16,9.54,4.0,1.0,Late delivery,0,3.0,1,3,3.741471904233107,1,0,0,0
3922,2017-04-23,2017-04-26,Oceania,23399,4.0,90.71,35.55,3.0,1.0,Late delivery,0,2.0,1,4,4.518631424570852,1,0,0,0
3923,2017-06-23,2017-06-26,Eastern Asia,25567,4.0,171.64,64.48,3.0,2.0,Late delivery,0,1.0,1,6,5.151208501509824,0,0,1,0
3924,2016-01-30,2016-02-03,Oceania,69154,4.0,78.58,27.42,4.0,4.0,Shipping on time,0,0.0,0,1,4.376762804998783,0,0,0,1
3925,2016-04-13,2016-04-16,Central America,69324,3.0,107.08,35.25,3.0,4.0,Shipping on time,0,-1.0,0,4,4.6828716936519434,0,0,0,1
3926,2015-04-25,2015-04-29,South Asia,Unknown,2.0,167.57,-26.55,4.0,2.0,Late delivery,0,2.0,1,4,5.127351093792217,0,0,1,0
3927,2015-03-29,2015-04-05,Eastern Asia,52597,5.0,340.58,117.53,7.0,4.0,Late delivery,0,3.0,1,3,5.833581912191045,0,0,0,1
3928,2015-03-07,2015-03-11,US Center,77168,2.0,299.0,-15.82,4.0,4.0,Shipping on time,0,0.0,0,3,5.703782474656201,0,0,0,1
3929,2015-12-22,2015-12-27,Central America,36841,1.0,149.29,37.57,5.0,4.0,Late delivery,1,1.0,1,12,5.012566760946003,0,0,0,1
3930,2015-04-07,2015-04-13,US Center,16366,5.0,159.83,39.38,5.0,4.0,Late delivery,0,1.0,1,4,5.080347906507556,0,0,0,1
3931,2016-08-09,2016-08-15,US Center,35102,4.0,118.85,35.59,6.0,4.0,Late delivery,0,2.0,1,8,4.786240960880393,0,0,0,1
3932,2015-03-20,2015-03-23,Eastern Asia,19046,3.0,133.08,12.2,3.0,2.0,Late delivery,0,1.0,1,3,4.898436636733773,0,0,1,0
3933,2016-06-24,2016-06-30,Central America,86797,3.0,73.06,4.01,6.0,4.0,Late delivery,0,2.0,1,6,4.304875575485466,0,0,0,1
3934,2015-12-16,2015-12-23,US Center,11521,2.0,51.1,8.15,7.0,4.0,Late delivery,0,3.0,1,12,3.9531649487593215,0,0,0,1
3935,2017-08-13,2017-08-13,West Europe,39157,4.0,118.56,37.63,0.0,1.0,Shipping on time,0,-1.0,0,8,4.783818337415737,1,0,0,0
3937,2016-05-23,2016-05-27,US Center,64379,5.0,233.76,20.47,4.0,1.0,Late delivery,0,3.0,1,5,5.458563715690134,1,0,0,0
3938,2017-04-02,2017-04-04,West Europe,48132,4.0,48.27,-4.27,2.0,2.0,Shipping on time,0,0.0,0,4,3.8973153765558717,0,0,1,0
3939,2017-03-01,2017-03-06,US Center,64900,3.0,131.71,16.92,5.0,4.0,Late delivery,0,1.0,1,3,4.888166296449158,0,0,0,1
3940,2015-01-28,2015-02-04,West Europe,30589,3.0,101.42,39.71,7.0,4.0,Late delivery,0,3.0,1,1,4.6290820060344045,0,0,0,1
3941,2017-01-20,2017-01-20,Central America,41045,4.0,175.73,-9.87,0.0,1.0,Shipping on time,0,-1.0,0,1,5.174623144201705,1,0,0,0
3942,2015-01-19,2015-01-25,US Center,46885,1.0,76.52,20.16,6.0,4.0,Late delivery,0,2.0,1,1,4.350535967582511,0,0,0,1
3943,2016-04-11,2016-04-16,US Center,52479,2.0,255.78,71.97,5.0,4.0,Late delivery,0,1.0,1,4,5.548219687162938,0,0,0,1
3944,2017-08-18,2017-08-24,Eastern Asia,24682,2.0,130.7,48.91,6.0,4.0,Late delivery,0,2.0,1,8,4.880526608749236,0,0,0,1
3945,2016-02-24,2016-02-27,Eastern Asia,54752,4.0,208.97,59.34,3.0,4.0,Shipping on time,0,-1.0,0,2,5.346964663369558,0,0,0,1
3946,2015-09-19,2015-09-25,US Center,15782,5.0,250.14,44.43,6.0,4.0,Late delivery,0,2.0,1,9,5.526010552560818,0,0,0,1
3948,2015-06-10,2015-06-17,Central America,78424,2.0,129.82,7.86,7.0,4.0,Late delivery,0,3.0,1,6,4.8738223325330665,0,0,0,1
3949,2015-04-30,2015-05-02,South Asia,27730,4.0,366.57,63.62,2.0,0.0,Late delivery,0,2.0,1,4,5.906913776705081,0,1,0,0
3950,2015-12-14,2015-12-15,West Europe,24112,1.0,149.71,-9.52,1.0,2.0,Late delivery,0,-1.0,0,12,5.015357460431585,0,0,1,0
3951,2015-03-28,2015-04-01,West Europe,78192,3.0,276.56,-0.75,4.0,4.0,Shipping on time,0,0.0,0,3,5.626037126031348,0,0,0,1
3952,2016-09-06,2016-09-08,West Europe,52743,2.0,190.48,62.08,2.0,2.0,Shipping on time,0,0.0,0,9,5.254783364524308,0,0,1,0
3953,2015-04-25,2015-05-01,Oceania,97155,3.0,109.74,-16.23,6.0,4.0,Late delivery,0,2.0,1,4,4.707185111394821,0,0,0,1
3954,2017-07-24,2017-07-28,South Asia,35730,4.0,175.21,62.38,4.0,2.0,Late delivery,0,2.0,1,7,5.1716764655806395,0,0,1,0
3955,2015-05-11,2015-05-15,South Asia,22894,1.0,278.11,64.75,4.0,2.0,Late delivery,0,2.0,1,5,5.6316059693522265,0,0,1,0
3956,2015-08-16,2015-08-16,South Asia,17441,5.0,320.7,-58.58,0.0,0.0,Shipping on time,0,0.0,0,8,5.7736194342449805,0,1,0,0
3957,2015-03-24,2015-03-30,West Europe,33837,1.0,352.74,34.32,6.0,4.0,Late delivery,0,2.0,1,3,5.868562180006648,0,0,0,1
3958,2016-06-16,2016-06-16,Eastern Asia,49140,5.0,76.18,5.2,0.0,0.0,Shipping on time,0,0.0,0,6,4.346140356109473,0,1,0,0
3959,2016-02-01,2016-02-05,South Asia,14984,5.0,243.3,44.2,4.0,4.0,Shipping on time,0,0.0,0,2,5.498396978263695,0,0,0,1
3960,2015-06-12,2015-06-16,West Europe,99610,5.0,64.82,3.35,4.0,4.0,Shipping on time,0,0.0,0,6,4.186923743515194,0,0,0,1
3961,2015-05-29,2015-06-01,Eastern Asia,39259,4.0,136.92,53.03,3.0,4.0,Shipping on time,0,-1.0,0,5,4.926673806915383,0,0,0,1
3962,2015-09-13,2015-09-20,West Europe,69034,5.0,130.61,9.79,7.0,4.0,Late delivery,0,3.0,1,9,4.879843003846233,0,0,0,1
3963,2017-09-04,2017-09-08,Eastern Asia,61881,1.0,215.65,-39.34,4.0,1.0,Late delivery,0,3.0,1,9,5.378283148185918,1,0,0,0
3964,2017-09-18,2017-09-22,US Center,77076,5.0,178.81,-4.66,4.0,4.0,Shipping on time,0,0.0,0,9,5.191900737843547,0,0,0,1
3965,2016-02-11,2016-02-18,Oceania,69909,3.0,312.97,-12.35,7.0,4.0,Late delivery,0,3.0,1,2,5.749297439942609,0,0,0,1
3966,2016-02-17,2016-02-19,Eastern Asia,71096,5.0,102.54,-13.92,2.0,2.0,Shipping on time,0,0.0,0,2,4.639958011473755,0,0,1,0
3967,2015-01-05,2015-01-09,South Asia,60564,5.0,245.34,-39.85,4.0,4.0,Shipping on time,0,0.0,0,1,5.506712695513338,0,0,0,1
3968,2015-01-14,2015-01-14,Oceania,27730,4.0,187.09,57.35,0.0,1.0,Shipping on time,0,-1.0,0,1,5.236920571682713,1,0,0,0
3969,2016-10-22,2016-10-26,West Europe,20150,5.0,148.28,-24.52,4.0,4.0,Shipping on time,0,0.0,0,10,5.005823737099034,0,0,0,1
3970,2015-02-21,2015-02-23,Oceania,92545,2.0,72.12,-10.77,2.0,1.0,Late delivery,0,1.0,1,2,4.292101927145895,1,0,0,0
3971,2016-12-16,2016-12-18,South Asia,68904,2.0,208.39,-31.95,2.0,1.0,Late delivery,0,1.0,1,12,5.344198541804225,1,0,0,0
3972,2016-04-19,2016-04-26,Oceania,18971,5.0,178.89,33.49,7.0,4.0,Late delivery,0,3.0,1,4,5.1923455529745945,0,0,0,1
3973,2017-08-06,2017-08-10,South Asia,48203,3.0,237.45,17.94,4.0,4.0,Shipping on time,0,0.0,0,8,5.474159644744233,0,0,0,1
3974,2016-10-09,2016-10-14,Eastern Asia,89084,2.0,144.68,6.07,5.0,4.0,Late delivery,0,1.0,1,10,4.981412435419353,0,0,0,1
3975,2015-09-02,2015-09-09,Eastern Asia,29080,2.0,127.02,33.33,7.0,4.0,Late delivery,0,3.0,1,9,4.852186501713858,0,0,0,1
3976,2017-08-24,2017-08-28,Oceania,64436,2.0,187.0,16.14,4.0,4.0,Shipping on time,0,0.0,0,8,5.236441962829949,0,0,0,1
3977,2015-11-14,2015-11-16,Central America,31495,4.0,195.36,10.8,2.0,1.0,Late delivery,0,1.0,1,11,5.279949709189852,1,0,0,0
3978,2017-02-11,2017-02-18,Oceania,16401,4.0,223.54,51.23,7.0,4.0,Late delivery,0,3.0,1,2,5.414053865030634,0,0,0,1
3979,2017-01-18,2017-01-22,Eastern Asia,26641,2.0,460.66,0.53,4.0,2.0,Late delivery,0,2.0,1,1,6.134828689415852,0,0,1,0
3981,2016-09-17,2016-09-23,Eastern Asia,90580,3.0,492.32,156.94,6.0,4.0,Late delivery,0,2.0,1,9,6.201158050697788,0,0,0,1
3982,2015-03-04,2015-03-08,Eastern Asia,51042,1.0,36.216,-4.67,4.0,4.0,Shipping on time,0,0.0,0,3,3.6167387763362537,0,0,0,1
3983,2016-09-16,2016-09-16,Oceania,66100,1.0,263.13,47.74,0.0,1.0,Shipping on time,0,-1.0,0,9,5.57644140618771,1,0,0,0
3984,2015-03-06,2015-03-10,US Center,30606,3.0,932.5600000000057,-61.534,4.0,4.0,Shipping on time,0,0.0,0,3,6.839005235153027,0,0,0,1
3985,2017-07-23,2017-07-26,Central America,25999,2.0,492.36,-61.534,3.0,4.0,Shipping on time,0,-1.0,0,7,6.201239130683238,0,0,0,1
3986,2015-03-25,2015-03-30,Eastern Asia,65249,5.0,87.01,-5.29,5.0,4.0,Late delivery,0,1.0,1,3,4.47745044438572,0,0,0,1
3987,2017-09-23,2017-09-26,Central America,14146,2.0,279.65,-15.28,3.0,4.0,Shipping on time,0,-1.0,0,9,5.637108341388208,0,0,0,1
3988,2015-04-17,2015-04-22,South Asia,71699,3.0,81.9,12.72,5.0,4.0,Late delivery,0,1.0,1,4,4.417635062141249,0,0,0,1
3989,2015-01-09,2015-01-14,South Asia,72412,1.0,75.2,12.4,5.0,4.0,Late delivery,0,1.0,1,1,4.333361462692601,0,0,0,1
3990,2015-06-23,2015-06-30,Oceania,95940,4.0,239.59,87.15,7.0,4.0,Late delivery,0,3.0,1,6,5.4830942399170555,0,0,0,1
3991,2016-01-23,2016-01-27,Oceania,84364,1.0,249.24,66.97,4.0,2.0,Late delivery,0,2.0,1,1,5.522420457356946,0,0,1,0
3992,2015-05-26,2015-05-31,Central America,79465,1.0,97.42,-18.12,5.0,2.0,Late delivery,0,3.0,1,5,4.589244035437832,0,0,1,0
3993,2017-08-01,2017-08-08,US Center,20876,3.0,624.94,28.06,7.0,4.0,Late delivery,0,3.0,1,8,6.439254519861148,0,0,0,1
3994,2017-05-10,2017-05-14,West Europe,17898,4.0,122.28,30.79,4.0,4.0,Shipping on time,0,0.0,0,5,4.814458191011861,0,0,0,1
3995,2015-01-18,2015-01-25,US Center,86738,4.0,377.63,147.41,7.0,4.0,Late delivery,0,3.0,1,1,5.936559474938649,0,0,0,1
3996,2015-12-27,2016-01-01,Eastern Asia,48655,2.0,80.76,4.86,5.0,4.0,Late delivery,0,1.0,1,12,4.403788126455394,0,0,0,1
3997,2015-12-05,2015-12-09,West Europe,57876,1.0,83.22,-13.65,4.0,2.0,Late delivery,0,2.0,1,12,4.433432422733782,0,0,1,0
3998,2015-10-10,2015-10-14,US Center,16481,2.0,156.36,-19.11,4.0,4.0,Shipping on time,0,0.0,0,10,5.058536174080804,0,0,0,1
3999,2017-02-03,2017-02-03,Central America,42525,3.0,80.81,20.33,0.0,0.0,Shipping on time,0,0.0,0,2,4.404399485525607,0,1,0,0
4000,2015-10-10,2015-10-13,Eastern Asia,11019,4.0,194.62,51.51,3.0,4.0,Shipping on time,0,-1.0,0,10,5.276174001862347,0,0,0,1
4001,2015-03-16,2015-03-17,South Asia,38625,3.0,40.96,5.7,1.0,1.0,Shipping on time,0,0.0,0,3,3.7367167835280966,1,0,0,0
4002,2015-06-03,2015-06-05,West Europe,93426,3.0,164.76,31.41,2.0,2.0,Shipping on time,0,0.0,0,6,5.110540959071118,0,0,1,0
4004,2015-04-29,2015-05-01,South Asia,61331,3.0,83.38,9.75,2.0,1.0,Late delivery,0,1.0,1,4,4.435330406696193,1,0,0,0
4005,2017-07-09,2017-07-13,Eastern Asia,62708,3.0,168.13,-6.75,4.0,4.0,Shipping on time,0,0.0,0,7,5.13066764998595,0,0,0,1
4006,2015-01-13,2015-01-13,West Europe,11834,2.0,129.7,23.43,0.0,1.0,Shipping on time,0,-1.0,0,1,4.872904620630176,1,0,0,0
4007,2016-06-18,2016-06-24,Oceania,48876,2.0,113.22,-14.91,6.0,4.0,Late delivery,0,2.0,1,6,4.738126413236717,0,0,0,1
4008,2015-01-12,2015-01-15,West Europe,30679,2.0,240.57,54.84,3.0,2.0,Late delivery,0,1.0,1,1,5.487159286165225,0,0,1,0
4009,2015-01-05,2015-01-07,US Center,15126,5.0,176.8,8.64,2.0,0.0,Late delivery,0,2.0,1,1,5.180659323079804,0,1,0,0
4010,2017-04-16,2017-04-20,West Europe,93953,5.0,186.0,9.69,4.0,4.0,Shipping on time,0,0.0,0,4,5.231108616854587,0,0,0,1
4011,2015-04-24,2015-04-27,Eastern Asia,58526,1.0,328.24,56.07,3.0,4.0,Shipping on time,0,-1.0,0,4,5.796786968104443,0,0,0,1
4012,2015-04-06,2015-04-09,Oceania,71177,3.0,141.86,32.38,3.0,4.0,Shipping on time,0,-1.0,0,4,4.961865129726826,0,0,0,1
4013,2016-02-14,2016-02-21,Eastern Asia,10808,2.0,244.66,6.58,7.0,4.0,Late delivery,0,3.0,1,2,5.503948466110948,0,0,0,1
4014,2016-07-31,2016-08-06,West Europe,99627,4.0,115.44,38.89,6.0,4.0,Late delivery,0,2.0,1,7,4.757376118877422,0,0,0,1
4015,2015-01-13,2015-01-16,Central America,50078,2.0,213.11,78.51,3.0,4.0,Shipping on time,0,-1.0,0,1,5.366489901651086,0,0,0,1
4016,2015-08-13,2015-08-16,Oceania,18723,5.0,203.1,76.4,3.0,4.0,Shipping on time,0,-1.0,0,8,5.318610069815799,0,0,0,1
4017,2016-10-22,2016-10-22,South Asia,89892,2.0,106.85,38.08,0.0,0.0,Shipping on time,0,0.0,0,10,4.680741372835166,0,1,0,0
4018,2015-01-12,2015-01-15,Eastern Asia,76992,3.0,59.88,6.58,3.0,2.0,Late delivery,0,1.0,1,1,4.1089047135534305,0,0,1,0
4019,2015-09-27,2015-10-02,South Asia,63227,2.0,68.93,-3.22,5.0,2.0,Late delivery,0,3.0,1,9,4.247494741715776,0,0,1,0
4020,2017-07-22,2017-07-28,Central America,Unknown,4.0,84.35,26.35,6.0,4.0,Late delivery,0,2.0,1,7,4.4467604492404496,0,0,0,1
4021,2015-12-09,2015-12-15,Central America,51331,3.0,206.55,25.5,6.0,4.0,Late delivery,0,2.0,1,12,5.335372274499048,0,0,0,1
4022,2015-03-27,2015-03-28,Central America,42643,1.0,136.75,-2.73,1.0,1.0,Shipping on time,0,0.0,0,3,4.925440448033024,1,0,0,0
4023,2017-02-22,2017-03-01,US Center,34622,3.0,124.03,13.29,7.0,4.0,Late delivery,0,3.0,1,2,4.828553708506909,0,0,0,1
4024,2016-09-16,2016-09-19,South Asia,38325,3.0,197.07,10.36,3.0,0.0,Late delivery,0,3.0,1,9,5.288620503569173,0,1,0,0
4025,2017-01-04,2017-01-11,US Center,58645,3.0,149.29,18.74,7.0,4.0,Late delivery,1,3.0,1,1,5.012566760946003,0,0,0,1
4026,2015-03-08,2015-03-15,West Europe,75776,4.0,340.96,126.57,7.0,4.0,Late delivery,0,3.0,1,3,5.834693771158033,0,0,0,1
4027,2017-03-11,2017-03-15,Central America,21772,2.0,103.81,10.29,4.0,4.0,Shipping on time,0,0.0,0,3,4.652149187182086,0,0,0,1
4028,2017-07-11,2017-07-14,Oceania,12407,4.0,205.82,3.2,3.0,4.0,Shipping on time,0,-1.0,0,7,5.331848849756829,0,0,0,1
4029,2015-07-09,2015-07-15,Eastern Asia,74994,2.0,226.15,56.37,6.0,4.0,Late delivery,0,2.0,1,7,5.4256105922054125,0,0,0,1
4030,2016-12-17,2016-12-22,Central America,67095,3.0,83.95,26.22,5.0,4.0,Late delivery,0,1.0,1,12,4.442062848117941,0,0,0,1
4032,2015-03-11,2015-03-17,Oceania,71744,3.0,85.73,-13.15,6.0,4.0,Late delivery,0,2.0,1,3,4.462799844696365,0,0,0,1
4033,2016-09-28,2016-10-01,Eastern Asia,34880,4.0,129.55,-0.05,3.0,4.0,Shipping on time,0,-1.0,0,9,4.871756295145138,0,0,0,1
4034,2016-08-26,2016-08-29,West Europe,76804,5.0,190.56,67.19,3.0,4.0,Shipping on time,0,-1.0,0,8,5.2552010754744085,0,0,0,1
4035,2016-05-16,2016-05-19,US Center,18072,4.0,149.29,8.22,3.0,4.0,Shipping on time,1,-1.0,0,5,5.012566760946003,0,0,0,1
4036,2016-11-11,2016-11-15,Eastern Asia,62958,1.0,88.01,-13.06,4.0,4.0,Shipping on time,0,0.0,0,11,4.48874872297084,0,0,0,1
4037,2017-03-17,2017-03-20,Eastern Asia,77573,4.0,91.53,20.25,3.0,4.0,Shipping on time,0,-1.0,0,3,4.527532916260939,0,0,0,1
4038,2015-06-12,2015-06-16,Eastern Asia,92253,4.0,156.63,34.4,4.0,2.0,Late delivery,0,2.0,1,6,5.060250514638451,0,0,1,0
4039,2016-02-18,2016-02-24,Central America,76076,2.0,95.46,-4.35,6.0,4.0,Late delivery,0,2.0,1,2,4.569128414640826,0,0,0,1
4040,2016-08-29,2016-09-04,US Center,66185,2.0,185.2,42.86,6.0,4.0,Late delivery,0,2.0,1,8,5.226821364842967,0,0,0,1
4041,2017-06-29,2017-07-03,West Europe,50214,5.0,88.82,-5.64,4.0,2.0,Late delivery,0,2.0,1,6,4.4978076676595915,0,0,1,0
4042,2015-04-07,2015-04-12,US Center,44053,1.0,108.9,40.7,5.0,4.0,Late delivery,0,1.0,1,4,4.699570861409576,0,0,0,1
4043,2015-08-09,2015-08-13,South Asia,54971,3.0,212.67,38.77,4.0,1.0,Late delivery,0,3.0,1,8,5.364432768754897,1,0,0,0
4044,2017-01-27,2017-01-31,US Center,90424,5.0,179.18,-19.13,4.0,2.0,Late delivery,0,2.0,1,1,5.193956351223294,0,0,1,0
4045,2016-10-16,2016-10-20,Central America,77290,5.0,162.23,21.3,4.0,4.0,Shipping on time,0,0.0,0,10,5.095160249165944,0,0,0,1
4046,2017-06-21,2017-06-24,Oceania,75869,3.0,144.87,45.35,3.0,4.0,Shipping on time,0,-1.0,0,6,4.982715814098122,0,0,0,1
4047,2017-03-10,2017-03-14,Central America,55983,2.0,151.34,-27.43,4.0,2.0,Late delivery,1,2.0,1,3,5.026114864944642,0,0,1,0
4048,2016-10-21,2016-10-26,West Europe,77819,5.0,336.57,107.86,5.0,4.0,Late delivery,0,1.0,1,10,5.821772896214049,0,0,0,1
4049,2017-09-15,2017-09-17,Central America,31249,1.0,118.76,39.01,2.0,2.0,Shipping on time,0,0.0,0,9,4.785489740111373,0,0,1,0
4050,2017-09-07,2017-09-07,Eastern Asia,18403,1.0,96.13,-12.8,0.0,0.0,Shipping on time,0,0.0,0,9,4.5760502874142395,0,1,0,0
4051,2016-01-14,2016-01-16,Central America,73529,3.0,79.67,24.77,2.0,2.0,Shipping on time,0,0.0,0,1,4.390366758948883,0,0,1,0
4053,2017-06-03,2017-06-06,Eastern Asia,91002,5.0,86.86,14.96,3.0,1.0,Late delivery,0,2.0,1,6,4.475744638547633,1,0,0,0
4054,2016-05-10,2016-05-15,South Asia,98102,3.0,67.31,9.77,5.0,4.0,Late delivery,0,1.0,1,5,4.224056168743758,0,0,0,1
4055,2016-08-25,2016-08-29,South Asia,80890,1.0,173.85,64.89,4.0,4.0,Shipping on time,0,0.0,0,8,5.163928463509385,0,0,0,1
4056,2017-09-25,2017-09-28,Eastern Asia,18327,2.0,277.48,43.88,3.0,4.0,Shipping on time,0,-1.0,0,9,5.629346243503184,0,0,0,1
4057,2016-10-03,2016-10-10,Central America,40727,5.0,70.94,5.13,7.0,4.0,Late delivery,0,3.0,1,10,4.275832438267478,0,0,0,1
4058,2016-07-12,2016-07-15,Central America,22964,3.0,137.63,-11.77,3.0,1.0,Late delivery,0,2.0,1,7,4.931808513550284,1,0,0,0
4059,2015-09-14,2015-09-16,South Asia,82625,5.0,62.96,14.57,2.0,2.0,Shipping on time,0,0.0,0,9,4.158257887965753,0,0,1,0
4060,2016-10-31,2016-11-03,Oceania,47120,5.0,97.88,31.34,3.0,4.0,Shipping on time,0,-1.0,0,10,4.59390699370938,0,0,0,1
4061,2017-05-28,2017-05-28,Oceania,74360,3.0,391.33,1.22,0.0,0.0,Shipping on time,0,0.0,0,5,5.972103322379354,0,1,0,0
4062,2015-07-08,2015-07-13,US Center,97266,5.0,163.82,61.14,5.0,4.0,Late delivery,0,1.0,1,7,5.104853969335237,0,0,0,1
4064,2017-03-21,2017-03-27,Central America,68167,3.0,154.65,6.72,6.0,4.0,Late delivery,0,2.0,1,3,5.047609896887617,0,0,0,1
4065,2017-09-17,2017-09-24,Eastern Asia,33223,2.0,175.43,-11.7,7.0,4.0,Late delivery,0,3.0,1,9,5.172924197139975,0,0,0,1
4066,2016-12-24,2016-12-29,Eastern Asia,48174,4.0,139.4,2.23,5.0,4.0,Late delivery,0,1.0,1,12,4.944495491591711,0,0,0,1
4067,2016-07-20,2016-07-21,Eastern Asia,33016,3.0,72.99,9.11,1.0,2.0,Shipping on time,0,-1.0,0,7,4.303929948937459,0,0,1,0
4068,2015-04-18,2015-04-20,Eastern Asia,58501,5.0,151.34,-10.13,2.0,2.0,Shipping on time,1,0.0,0,4,5.026114864944642,0,0,1,0
4069,2016-08-04,2016-08-04,Eastern Asia,18729,4.0,491.37,174.0700000000001,0.0,0.0,Shipping on time,0,0.0,0,8,6.199230466377869,0,1,0,0
4070,2015-07-12,2015-07-15,Eastern Asia,21271,4.0,93.97,2.49,3.0,4.0,Shipping on time,0,-1.0,0,7,4.553561052254861,0,0,0,1
4071,2015-06-24,2015-06-26,South Asia,18434,5.0,302.76,-20.32,2.0,1.0,Late delivery,0,1.0,1,6,5.716237915923547,1,0,0,0
4072,2016-03-20,2016-03-21,US Center,90183,5.0,96.6,16.09,1.0,2.0,Shipping on time,0,-1.0,0,3,4.580877493419047,0,0,1,0
4073,2016-11-06,2016-11-09,Eastern Asia,51230,2.0,322.01,79.12,3.0,4.0,Shipping on time,0,-1.0,0,11,5.777683282495735,0,0,0,1
4074,2017-06-30,2017-07-06,US Center,34160,3.0,224.57,-24.06,6.0,4.0,Late delivery,0,2.0,1,6,5.418630532058045,0,0,0,1
4075,2015-06-05,2015-06-07,US Center,97677,4.0,130.74,3.04,2.0,2.0,Shipping on time,0,0.0,0,6,4.880830283212547,0,0,1,0
4076,2015-10-23,2015-10-30,Eastern Asia,72208,1.0,491.55,21.45,7.0,4.0,Late delivery,0,3.0,1,10,6.199595978301688,0,0,0,1
4077,2017-04-15,2017-04-21,US Center,44573,4.0,84.93,26.01,6.0,4.0,Late delivery,0,2.0,1,4,4.453533011325132,0,0,0,1
4078,2015-08-15,2015-08-16,Eastern Asia,57422,3.0,128.94,-5.79,1.0,1.0,Shipping on time,0,0.0,0,8,4.867072805452385,1,0,0,0
4079,2017-01-17,2017-01-23,South Asia,16755,1.0,88.9,1.12,6.0,4.0,Late delivery,0,2.0,1,1,4.498697941477575,0,0,0,1
4080,2016-02-08,2016-02-14,Central America,32630,3.0,93.3,-7.68,6.0,4.0,Late delivery,0,2.0,1,2,4.546481189639412,0,0,0,1
4081,2015-06-18,2015-06-21,Oceania,31420,4.0,119.41,11.6,3.0,4.0,Shipping on time,0,-1.0,0,6,4.790902585904128,0,0,0,1
4082,2015-04-11,2015-04-13,Oceania,86430,4.0,83.8,2.87,2.0,1.0,Late delivery,0,1.0,1,4,4.440295542797857,1,0,0,0
4083,2017-02-27,2017-03-03,Eastern Asia,70161,5.0,122.11,26.89,4.0,4.0,Shipping on time,0,0.0,0,2,4.813078264659524,0,0,0,1
4084,2015-12-01,2015-12-04,South Asia,88973,5.0,380.31,6.46,3.0,4.0,Shipping on time,0,-1.0,0,12,5.943612692588333,0,0,0,1
4085,2016-09-25,2016-09-25,West Europe,60391,3.0,52.57,-4.93,0.0,0.0,Shipping on time,0,0.0,0,9,3.980989209892869,0,1,0,0
4086,2016-01-25,2016-01-29,South Asia,47898,1.0,149.29,-8.15,4.0,4.0,Shipping on time,1,0.0,0,1,5.012566760946003,0,0,0,1
4087,2015-10-24,2015-10-28,Oceania,90576,4.0,84.02,18.6,4.0,2.0,Late delivery,0,2.0,1,10,4.442886522930644,0,0,1,0
4088,2016-04-06,2016-04-11,Oceania,71103,2.0,112.3,-12.27,5.0,4.0,Late delivery,0,1.0,1,4,4.730039168033961,0,0,0,1
4089,2016-10-25,2016-10-26,US Center,26354,1.0,270.89,-26.75,1.0,2.0,Shipping on time,0,-1.0,0,10,5.6053975727348,0,0,1,0
4090,2015-02-09,2015-02-12,Oceania,44391,1.0,227.85,50.57,3.0,2.0,Late delivery,0,1.0,1,2,5.433066767099651,0,0,1,0
4091,2016-11-26,2016-11-30,Oceania,76990,5.0,932.5600000000057,174.0700000000001,4.0,1.0,Late delivery,0,3.0,1,11,6.839005235153027,1,0,0,0
4092,2017-07-26,2017-08-01,US Center,15388,5.0,167.43,-27.7,6.0,4.0,Late delivery,0,2.0,1,7,5.126520233210295,0,0,0,1
4093,2016-05-14,2016-05-17,South Asia,28737,4.0,618.32,-61.534,3.0,4.0,Shipping on time,0,-1.0,0,5,6.428622101948636,0,0,0,1
4094,2015-07-27,2015-07-29,Eastern Asia,65492,1.0,75.73,-3.09,2.0,2.0,Shipping on time,0,0.0,0,7,4.340292766189574,0,0,1,0
4095,2016-11-24,2016-11-26,US Center,71368,3.0,74.62,0.58,2.0,1.0,Late delivery,0,1.0,1,11,4.325720798462787,1,0,0,0
4096,2015-12-05,2015-12-10,South Asia,38180,5.0,146.1,15.09,5.0,4.0,Late delivery,0,1.0,1,12,4.991112627607392,0,0,0,1
4097,2017-03-02,2017-03-08,Central America,65535,3.0,167.62,-16.78,6.0,4.0,Late delivery,0,2.0,1,3,5.12764766249453,0,0,0,1
4098,2015-11-21,2015-11-25,South Asia,64222,1.0,128.73,45.71,4.0,4.0,Shipping on time,0,0.0,0,11,4.865455367582921,0,0,0,1
4099,2017-06-10,2017-06-14,Central America,75156,3.0,89.83,-9.38,4.0,1.0,Late delivery,0,3.0,1,6,4.508989627514122,1,0,0,0
4100,2016-07-11,2016-07-15,Central America,71314,5.0,67.96,22.79,4.0,4.0,Shipping on time,0,0.0,0,7,4.233526626355437,0,0,0,1
4101,2017-04-10,2017-04-16,West Europe,77394,4.0,125.75,-4.15,6.0,4.0,Late delivery,0,2.0,1,4,4.842216642471293,0,0,0,1
4102,2016-02-11,2016-02-16,US Center,46491,3.0,97.24,14.48,5.0,4.0,Late delivery,0,1.0,1,2,4.587413464398832,0,0,0,1
4103,2015-04-18,2015-04-22,Eastern Asia,72861,5.0,111.3,7.51,4.0,1.0,Late delivery,0,3.0,1,4,4.721173861744398,1,0,0,0
4104,2015-07-17,2015-07-21,Central America,84121,5.0,77.82,-7.44,4.0,4.0,Shipping on time,0,0.0,0,7,4.367166771766858,0,0,0,1
4105,2017-05-11,2017-05-14,US Center,80983,5.0,329.6,-43.22,3.0,2.0,Late delivery,0,1.0,1,5,5.8009091853869235,0,0,1,0
4106,2015-12-10,2015-12-15,South Asia,35213,5.0,151.34,12.79,5.0,2.0,Late delivery,1,3.0,1,12,5.026114864944642,0,0,1,0
4107,2017-08-07,2017-08-11,Central America,30950,4.0,447.43,26.6,4.0,4.0,Shipping on time,0,0.0,0,8,6.1057525935095045,0,0,0,1
4108,2016-09-13,2016-09-16,South Asia,44715,5.0,109.06,-19.36,3.0,2.0,Late delivery,0,1.0,1,9,4.701025671631613,0,0,1,0
4109,2016-04-27,2016-05-02,Eastern Asia,50594,2.0,153.59,2.47,5.0,4.0,Late delivery,0,1.0,1,4,5.0407764510082425,0,0,0,1
4110,2016-11-08,2016-11-12,US Center,70728,1.0,127.88,-23.46,4.0,4.0,Shipping on time,0,0.0,0,11,4.858881738868719,0,0,0,1
4111,2017-06-24,2017-06-30,West Europe,96526,4.0,150.15,-24.55,6.0,4.0,Late delivery,0,2.0,1,6,5.018272721225467,0,0,0,1
4112,2017-08-28,2017-08-31,Central America,18387,5.0,149.29,30.75,3.0,4.0,Shipping on time,1,-1.0,0,8,5.012566760946003,0,0,0,1
4113,2015-08-13,2015-08-18,Eastern Asia,75512,2.0,134.44,46.34,5.0,4.0,Late delivery,0,1.0,1,8,4.90852873782488,0,0,0,1
4114,2015-06-11,2015-06-18,Oceania,67892,4.0,45.8,-3.77,7.0,4.0,Late delivery,0,3.0,1,6,3.845883202923601,0,0,0,1
4115,2015-02-10,2015-02-16,Central America,56699,1.0,126.09,8.81,6.0,4.0,Late delivery,0,2.0,1,2,4.8448954968939795,0,0,0,1
4116,2017-02-19,2017-02-22,Eastern Asia,60013,2.0,223.99,78.35,3.0,1.0,Late delivery,0,2.0,1,2,5.416055956772293,1,0,0,0
4117,2016-03-22,2016-03-27,US Center,89421,2.0,149.29,-0.48,5.0,4.0,Late delivery,1,1.0,1,3,5.012566760946003,0,0,0,1
4118,2015-01-26,2015-02-02,Oceania,85636,2.0,120.5,-11.72,7.0,4.0,Late delivery,0,3.0,1,1,4.799914262780603,0,0,0,1
4119,2015-04-30,2015-05-02,West Europe,42381,1.0,208.62,46.07,2.0,2.0,Shipping on time,0,0.0,0,4,5.345296367742031,0,0,1,0
4120,2017-05-22,2017-05-25,South Asia,72259,4.0,315.41,-17.01,3.0,4.0,Shipping on time,0,-1.0,0,5,5.757038840956633,0,0,0,1
4121,2015-05-11,2015-05-16,Eastern Asia,73164,5.0,141.01,13.41,5.0,4.0,Late delivery,0,1.0,1,5,4.955897477656921,0,0,0,1
4122,2015-08-05,2015-08-10,Central America,73812,4.0,194.65,-3.51,5.0,4.0,Late delivery,0,1.0,1,8,5.276327348656421,0,0,0,1
4123,2016-03-19,2016-03-22,US Center,35757,1.0,421.75,14.75,3.0,2.0,Late delivery,0,1.0,1,3,6.04678098777869,0,0,1,0
4124,2015-03-22,2015-03-28,US Center,81481,1.0,321.31,-24.42,6.0,4.0,Late delivery,0,2.0,1,3,5.775513815333549,0,0,0,1
4125,2017-08-31,2017-08-31,West Europe,21652,3.0,160.44,-21.5,0.0,0.0,Shipping on time,1,0.0,0,8,5.084133556605299,0,1,0,0
4126,2017-01-30,2017-02-01,South Asia,72136,4.0,103.44,2.9,2.0,2.0,Shipping on time,0,0.0,0,1,4.648612743830928,0,0,1,0
4127,2016-06-04,2016-06-08,Eastern Asia,70819,2.0,272.21,87.8,4.0,4.0,Shipping on time,0,0.0,0,6,5.6102407302478365,0,0,0,1
4128,2016-01-01,2016-01-04,Eastern Asia,43028,3.0,169.37,35.26,3.0,1.0,Late delivery,0,2.0,1,1,5.137972542557451,1,0,0,0
4129,2017-09-14,2017-09-19,West Europe,20948,4.0,107.37,35.19,5.0,4.0,Late delivery,0,1.0,1,9,4.685551297934904,0,0,0,1
4130,2015-03-03,2015-03-10,Eastern Asia,21358,4.0,129.26,-1.09,7.0,4.0,Late delivery,0,3.0,1,3,4.869532453118255,0,0,0,1
4131,2016-05-23,2016-05-26,West Europe,90705,1.0,179.1,-34.17,3.0,1.0,Late delivery,0,2.0,1,5,5.19351225218191,1,0,0,0
4132,2017-04-16,2017-04-20,West Europe,89962,5.0,131.67,-9.78,4.0,4.0,Shipping on time,0,0.0,0,4,4.887864841928826,0,0,0,1
4133,2016-04-08,2016-04-13,West Europe,33648,3.0,127.48,-3.49,5.0,4.0,Late delivery,0,1.0,1,4,4.855773250198451,0,0,0,1
4134,2016-09-30,2016-10-07,Eastern Asia,92738,3.0,128.84,42.88,5.0,4.0,Late delivery,0,1.0,1,9,4.8663029232063355,0,0,0,1
4135,2015-01-21,2015-01-25,West Europe,30496,3.0,60.99,21.17,4.0,2.0,Late delivery,0,2.0,1,1,4.126973081713828,0,0,1,0
4136,2016-01-06,2016-01-07,Oceania,46100,5.0,417.23,-22.17,1.0,2.0,Shipping on time,0,-1.0,0,1,6.036031520433107,0,0,1,0
4137,2015-03-25,2015-03-30,Oceania,47596,4.0,306.95,-15.01,5.0,4.0,Late delivery,0,1.0,1,3,5.7299374321330525,0,0,0,1
4138,2017-08-16,2017-08-20,West Europe,64639,3.0,365.58,21.31,4.0,4.0,Shipping on time,0,0.0,0,8,5.904216778543701,0,0,0,1
4139,2017-05-24,2017-05-28,US Center,64209,1.0,136.92,-5.75,4.0,4.0,Shipping on time,0,0.0,0,5,4.926673806915383,0,0,0,1
4140,2017-06-25,2017-07-02,US Center,95338,2.0,159.85,46.96,7.0,4.0,Late delivery,0,3.0,1,6,5.080472253685035,0,0,0,1
4141,2016-11-18,2016-11-22,South Asia,82282,2.0,209.03,45.86,4.0,4.0,Shipping on time,0,0.0,0,11,5.347250377657216,0,0,0,1
4142,2015-06-28,2015-07-01,US Center,19171,2.0,241.85,87.38,3.0,2.0,Late delivery,0,1.0,1,6,5.492443968791754,0,0,1,0
4143,2016-07-17,2016-07-23,Eastern Asia,35650,2.0,49.92,2.53,6.0,4.0,Late delivery,0,2.0,1,7,3.930255773689206,0,0,0,1
4144,2016-06-16,2016-06-22,US Center,94650,2.0,183.17,72.78,6.0,4.0,Late delivery,0,2.0,1,6,5.215859244107515,0,0,0,1
4145,2017-06-10,2017-06-14,Oceania,10497,5.0,81.84,3.56,4.0,1.0,Late delivery,0,3.0,1,6,4.416911036527384,1,0,0,0
4146,2017-08-29,2017-09-04,Eastern Asia,98126,5.0,142.1,-8.24,6.0,4.0,Late delivery,0,2.0,1,8,4.963543686562405,0,0,0,1
4147,2016-10-12,2016-10-15,South Asia,42169,4.0,99.95,29.52,3.0,1.0,Late delivery,0,2.0,1,10,4.614625344758847,1,0,0,0
4148,2017-06-06,2017-06-09,US Center,15331,4.0,409.39,86.56,3.0,2.0,Late delivery,0,1.0,1,6,6.017107927087958,0,0,1,0
4149,2015-10-10,2015-10-12,South Asia,47931,2.0,204.39,13.36,2.0,2.0,Shipping on time,0,0.0,0,10,5.3249106108175575,0,0,1,0
4150,2016-01-26,2016-02-01,South Asia,21904,3.0,145.92,26.04,6.0,4.0,Late delivery,0,2.0,1,1,4.989888220951467,0,0,0,1
4151,2017-05-15,2017-05-19,Central America,32447,5.0,340.32,-59.04,4.0,2.0,Late delivery,0,2.0,1,5,5.832820453668384,0,0,1,0
4152,2015-09-21,2015-09-27,West Europe,32210,5.0,142.2,18.66,6.0,4.0,Late delivery,0,2.0,1,9,4.964242254526545,0,0,0,1
4153,2016-12-29,2017-01-03,Central America,93022,2.0,96.34,-18.27,5.0,4.0,Late delivery,0,1.0,1,12,4.5782100044053085,0,0,0,1
4154,2016-01-11,2016-01-11,Oceania,16348,4.0,132.83,15.25,0.0,1.0,Shipping on time,0,-1.0,0,1,4.896570337808283,1,0,0,0
4155,2015-03-22,2015-03-29,Oceania,29567,3.0,119.34,37.29,7.0,4.0,Late delivery,0,3.0,1,3,4.790321069792205,0,0,0,1
4156,2017-05-15,2017-05-21,Central America,25173,3.0,152.63,-23.09,6.0,4.0,Late delivery,0,2.0,1,5,5.034547114142568,0,0,0,1
4157,2017-04-11,2017-04-12,Eastern Asia,11808,2.0,244.72,-4.44,1.0,2.0,Shipping on time,0,-1.0,0,4,5.504192676295727,0,0,1,0
4158,2016-08-27,2016-08-30,Central America,81894,3.0,138.29,-0.36,3.0,4.0,Shipping on time,0,-1.0,0,8,4.93655809069994,0,0,0,1
4159,2015-12-31,2016-01-06,Central America,46809,3.0,142.7,-20.83,6.0,4.0,Late delivery,0,2.0,1,12,4.967727793084979,0,0,0,1
4160,2015-07-19,2015-07-22,West Europe,69409,5.0,271.2,34.31,3.0,1.0,Late delivery,0,2.0,1,7,5.6065370902173655,1,0,0,0
4161,2017-04-25,2017-04-30,South Asia,Unknown,4.0,176.16,50.78,5.0,4.0,Late delivery,0,1.0,1,4,5.177053279054998,0,0,0,1
4162,2016-07-17,2016-07-22,Central America,19439,3.0,261.02,43.16,5.0,4.0,Late delivery,0,1.0,1,7,5.568420836725524,0,0,0,1
4163,2017-04-05,2017-04-09,South Asia,95615,2.0,160.74,-22.44,4.0,1.0,Late delivery,0,3.0,1,4,5.085990107667676,1,0,0,0
4164,2015-02-13,2015-02-19,Eastern Asia,47536,2.0,68.3,-4.12,6.0,4.0,Late delivery,0,2.0,1,2,4.238444906195857,0,0,0,1
4165,2017-06-26,2017-07-02,Oceania,41550,3.0,76.08,6.47,6.0,4.0,Late delivery,0,2.0,1,6,4.344843843546165,0,0,0,1
4166,2017-03-21,2017-03-21,Central America,81776,2.0,55.26,13.39,0.0,1.0,Shipping on time,0,-1.0,0,3,4.029983803061711,1,0,0,0
4167,2015-04-24,2015-04-27,Eastern Asia,47362,3.0,292.18,7.0,3.0,4.0,Shipping on time,0,-1.0,0,4,5.680786754861885,0,0,0,1
4168,2016-09-25,2016-09-27,Eastern Asia,35897,2.0,189.93,75.22,2.0,0.0,Late delivery,0,2.0,1,9,5.251906868725373,0,1,0,0
4169,2017-01-05,2017-01-08,US Center,79860,3.0,111.85,10.98,3.0,1.0,Late delivery,0,2.0,1,1,4.726059503263545,1,0,0,0
4170,2015-12-16,2015-12-20,West Europe,61388,4.0,82.3,32.67,4.0,1.0,Late delivery,0,3.0,1,12,4.422448549172797,1,0,0,0
4171,2015-11-10,2015-11-15,Eastern Asia,88809,1.0,183.93,52.51,5.0,4.0,Late delivery,0,1.0,1,11,5.219977375096785,0,0,0,1
4172,2016-07-14,2016-07-20,US Center,44691,2.0,137.12,-11.84,6.0,4.0,Late delivery,0,2.0,1,7,4.928122872521792,0,0,0,1
4174,2015-06-21,2015-06-23,South Asia,27776,5.0,89.81,5.4,2.0,1.0,Late delivery,0,1.0,1,6,4.508769411701737,1,0,0,0
4176,2017-02-13,2017-02-16,Eastern Asia,92732,5.0,377.7,13.43,3.0,4.0,Shipping on time,0,-1.0,0,2,5.9367443349077496,0,0,0,1
4177,2017-05-26,2017-05-30,Eastern Asia,29795,2.0,84.19,22.72,4.0,4.0,Shipping on time,0,0.0,0,5,4.444884056054749,0,0,0,1
4178,2015-04-07,2015-04-10,West Europe,28429,2.0,146.36,35.39,3.0,4.0,Shipping on time,0,-1.0,0,4,4.992878572506997,0,0,0,1
4179,2017-08-30,2017-09-04,US Center,40414,3.0,328.77,-13.66,5.0,4.0,Late delivery,0,1.0,1,8,5.798395441767263,0,0,0,1
4180,2016-08-26,2016-08-30,Oceania,61753,1.0,49.85,-7.88,4.0,4.0,Shipping on time,0,0.0,0,8,3.928880122494569,0,0,0,1
4181,2016-05-31,2016-06-03,Central America,16657,5.0,151.34,-21.71,3.0,2.0,Late delivery,1,1.0,1,5,5.026114864944642,0,0,1,0
4182,2016-04-26,2016-05-02,Oceania,62374,5.0,154.59,5.05,6.0,4.0,Late delivery,0,2.0,1,4,5.047224342326872,0,0,0,1
4183,2016-07-02,2016-07-05,Central America,69002,1.0,136.22,46.89,3.0,4.0,Shipping on time,0,-1.0,0,7,4.921585477262745,0,0,0,1
4185,2016-09-02,2016-09-05,Oceania,49880,1.0,73.27,25.75,3.0,4.0,Shipping on time,0,-1.0,0,9,4.307707101681205,0,0,0,1
4186,2016-07-18,2016-07-21,Central America,66195,5.0,39.55,11.98,3.0,4.0,Shipping on time,0,-1.0,0,7,3.702535780561422,0,0,0,1
4187,2017-06-16,2017-06-19,South Asia,13245,3.0,456.35,156.44,3.0,1.0,Late delivery,0,2.0,1,6,6.125448962102373,1,0,0,0
4188,2015-05-30,2015-06-04,Eastern Asia,70362,5.0,125.16,17.84,5.0,4.0,Late delivery,0,1.0,1,5,4.837550942654783,0,0,0,1
4189,2015-03-30,2015-04-04,South Asia,12261,2.0,251.99,46.53,5.0,4.0,Late delivery,0,1.0,1,3,5.53334996225466,0,0,0,1
4190,2016-12-23,2016-12-27,West Europe,98162,1.0,286.65,55.66,4.0,2.0,Late delivery,0,2.0,1,12,5.661744463309303,0,0,1,0
4191,2017-05-02,2017-05-04,Central America,42429,2.0,176.12,65.85,2.0,0.0,Late delivery,0,2.0,1,5,5.176827468960327,0,1,0,0
4192,2016-01-12,2016-01-13,Central America,99555,4.0,194.62,60.58,1.0,2.0,Shipping on time,0,-1.0,0,1,5.276174001862347,0,0,1,0
4193,2015-12-15,2015-12-18,Central America,70555,3.0,226.66,35.75,3.0,2.0,Late delivery,0,1.0,1,12,5.4278532878970704,0,0,1,0
4194,2016-10-06,2016-10-11,Eastern Asia,66738,2.0,378.92,64.71,5.0,4.0,Late delivery,0,1.0,1,10,5.939960704240867,0,0,0,1
4195,2016-02-11,2016-02-15,Oceania,98188,2.0,198.83,29.13,4.0,4.0,Shipping on time,0,0.0,0,2,5.297467005093198,0,0,0,1
4196,2016-12-17,2016-12-22,Oceania,43214,3.0,314.17,66.45,5.0,4.0,Late delivery,0,1.0,1,12,5.753112175789068,0,0,0,1
4197,2017-05-23,2017-05-26,West Europe,48262,5.0,124.85,37.79,3.0,1.0,Late delivery,0,2.0,1,5,4.835090721581325,1,0,0,0
4198,2017-03-06,2017-03-09,Oceania,89403,1.0,145.37,-21.64,3.0,1.0,Late delivery,1,2.0,1,3,4.986137662495856,1,0,0,0
4199,2015-05-02,2015-05-06,Central America,71774,1.0,156.1,27.3,4.0,4.0,Shipping on time,0,0.0,0,5,5.056882545261575,0,0,0,1
4200,2016-08-17,2016-08-20,Eastern Asia,75966,4.0,188.34,40.63,3.0,1.0,Late delivery,0,2.0,1,8,5.243544340700745,1,0,0,0
4201,2015-05-24,2015-05-25,West Europe,31111,1.0,204.21,-27.68,1.0,2.0,Shipping on time,0,-1.0,0,5,5.324033845052673,0,0,1,0
4202,2015-09-29,2015-09-30,Oceania,93095,2.0,472.06,-51.51,1.0,2.0,Shipping on time,0,-1.0,0,9,6.159222230341457,0,0,1,0
4203,2016-11-11,2016-11-15,US Center,25575,2.0,244.5,57.05,4.0,4.0,Shipping on time,0,0.0,0,11,5.503296947234575,0,0,0,1
4204,2016-09-04,2016-09-09,Oceania,39097,1.0,154.29,1.58,5.0,4.0,Late delivery,0,1.0,1,9,5.045294336581097,0,0,0,1
4205,2016-12-30,2017-01-04,Oceania,94108,1.0,483.73,118.71,5.0,4.0,Late delivery,0,1.0,1,12,6.183592034891002,0,0,0,1
4206,2016-10-03,2016-10-04,US Center,15477,1.0,180.6,70.93,2.0,1.0,Shipping on time,0,1.0,1,10,5.201806466167193,1,0,0,0
4207,2015-08-14,2015-08-15,West Europe,47863,2.0,183.75,43.12,1.0,1.0,Shipping on time,0,0.0,0,8,5.2190035598283115,1,0,0,0
4208,2016-08-04,2016-08-05,West Europe,49016,3.0,199.01,26.53,1.0,1.0,Shipping on time,0,0.0,0,8,5.298367365298079,1,0,0,0
4209,2016-11-24,2016-11-28,Eastern Asia,16868,1.0,121.97,-17.98,4.0,1.0,Late delivery,0,3.0,1,11,4.811940423184356,1,0,0,0
4210,2016-07-29,2016-07-31,Eastern Asia,50219,2.0,77.74,23.08,2.0,1.0,Late delivery,0,1.0,1,7,4.366151285515591,1,0,0,0
4211,2015-12-23,2015-12-27,Eastern Asia,99099,4.0,160.73,35.8,4.0,4.0,Shipping on time,0,0.0,0,12,5.085928278131687,0,0,0,1
4212,2017-03-18,2017-03-22,Oceania,58158,4.0,151.34,-7.41,4.0,2.0,Late delivery,1,2.0,1,3,5.026114864944642,0,0,1,0
4213,2015-01-28,2015-01-31,Eastern Asia,37110,1.0,88.95,27.41,3.0,4.0,Shipping on time,0,-1.0,0,1,4.499253960396542,0,0,0,1
4214,2017-01-17,2017-01-18,Central America,96294,1.0,932.5600000000057,174.0700000000001,1.0,2.0,Late delivery,0,-1.0,0,1,6.839005235153027,0,0,1,0
4215,2015-09-20,2015-09-26,Oceania,45964,3.0,132.05,40.57,6.0,4.0,Late delivery,0,2.0,1,9,4.890724997423698,0,0,0,1
4216,2017-07-04,2017-07-04,Eastern Asia,83907,2.0,104.56,3.75,0.0,0.0,Shipping on time,0,0.0,0,7,4.659279511635123,0,1,0,0
4217,2015-06-11,2015-06-11,Oceania,75158,3.0,51.74,12.52,0.0,1.0,Shipping on time,0,-1.0,0,6,3.965374180925141,1,0,0,0
4218,2017-05-07,2017-05-11,Eastern Asia,85260,5.0,134.46,21.58,4.0,4.0,Shipping on time,0,0.0,0,5,4.908676393786758,0,0,0,1
4219,2016-03-27,2016-03-29,Oceania,98777,5.0,421.99,-16.09,2.0,2.0,Shipping on time,0,0.0,0,3,6.047348538104894,0,0,1,0
4220,2015-05-28,2015-05-31,West Europe,Unknown,2.0,251.75,-18.63,3.0,1.0,Late delivery,0,2.0,1,5,5.532400857900581,1,0,0,0
4221,2016-03-29,2016-04-03,Eastern Asia,56243,4.0,282.37,-9.49,5.0,4.0,Late delivery,0,1.0,1,3,5.646753464207978,0,0,0,1
4222,2016-01-15,2016-01-21,Oceania,29053,1.0,146.74,-28.91,6.0,4.0,Late delivery,0,2.0,1,1,4.9954539721005915,0,0,0,1
4223,2016-01-20,2016-01-24,US Center,26424,3.0,278.11,-43.46,4.0,4.0,Shipping on time,0,0.0,0,1,5.6316059693522265,0,0,0,1
4224,2016-03-19,2016-03-21,Oceania,31883,1.0,99.68,22.23,2.0,2.0,Shipping on time,0,0.0,0,3,4.611947170267115,0,0,1,0
4225,2017-06-28,2017-07-01,South Asia,37369,5.0,113.32,40.09,3.0,1.0,Late delivery,0,2.0,1,6,4.739001533621612,1,0,0,0
4226,2015-05-26,2015-05-27,South Asia,54709,5.0,202.19,68.64,1.0,2.0,Shipping on time,0,-1.0,0,5,5.314141501894922,0,0,1,0
4227,2016-01-21,2016-01-24,Oceania,24982,1.0,63.76,19.67,3.0,4.0,Shipping on time,0,-1.0,0,1,4.170688128809434,0,0,0,1
4228,2017-04-03,2017-04-08,Central America,40748,1.0,153.74,-1.01,5.0,4.0,Late delivery,0,1.0,1,4,5.041746289121308,0,0,0,1
4229,2015-07-11,2015-07-17,West Europe,85339,3.0,177.68,-10.79,6.0,4.0,Late delivery,0,2.0,1,7,5.185596496483918,0,0,0,1
4230,2016-09-11,2016-09-16,US Center,68340,2.0,404.54,18.31,5.0,4.0,Late delivery,0,1.0,1,9,6.005219512340318,0,0,0,1
4231,2017-08-05,2017-08-08,West Europe,54651,5.0,98.16,20.07,3.0,4.0,Shipping on time,0,-1.0,0,8,4.5967347071669895,0,0,0,1
4232,2016-02-23,2016-03-01,US Center,40342,3.0,190.85,64.92,7.0,4.0,Late delivery,0,3.0,1,2,5.256713816692962,0,0,0,1
4233,2016-10-02,2016-10-07,West Europe,32205,5.0,100.98,7.88,5.0,4.0,Late delivery,0,1.0,1,10,4.62477671562701,0,0,0,1
4234,2016-10-13,2016-10-18,Eastern Asia,23761,2.0,107.56,36.22,5.0,4.0,Late delivery,0,1.0,1,10,4.687303015526614,0,0,0,1
4235,2017-08-09,2017-08-14,South Asia,34389,2.0,36.216,9.55,5.0,2.0,Late delivery,0,3.0,1,8,3.6167387763362537,0,0,1,0
4236,2016-08-20,2016-08-22,Oceania,19277,1.0,85.15,3.39,2.0,0.0,Late delivery,0,2.0,1,8,4.456089962973938,0,1,0,0
4237,2016-03-27,2016-04-02,West Europe,42373,4.0,294.29,-36.41,6.0,4.0,Late delivery,0,2.0,1,3,5.68795792430923,0,0,0,1
4238,2016-09-26,2016-09-27,West Europe,21926,3.0,202.21,37.05,1.0,2.0,Shipping on time,0,-1.0,0,9,5.314239927091852,0,0,1,0
4239,2016-08-28,2016-09-02,US Center,23536,2.0,163.26,6.61,5.0,2.0,Late delivery,0,3.0,1,8,5.101450538312046,0,0,1,0
4240,2017-04-25,2017-04-30,Oceania,26239,2.0,642.08,174.0700000000001,5.0,2.0,Late delivery,0,3.0,1,4,6.466269133294759,0,0,1,0
4241,2015-11-25,2015-11-28,US Center,16858,2.0,932.5600000000057,174.0700000000001,3.0,2.0,Late delivery,0,1.0,1,11,6.839005235153027,0,0,1,0
4242,2017-05-17,2017-05-22,West Europe,60406,3.0,71.37,9.44,5.0,4.0,Late delivery,0,1.0,1,5,4.281791848878036,0,0,0,1
4243,2017-08-21,2017-08-21,West Europe,63625,3.0,932.5600000000057,174.0700000000001,0.0,1.0,Shipping on time,0,-1.0,0,8,6.839005235153027,1,0,0,0
4244,2015-04-12,2015-04-16,West Europe,74597,3.0,143.73,-1.43,4.0,4.0,Shipping on time,0,0.0,0,4,4.974869937649514,0,0,0,1
4245,2015-10-04,2015-10-08,West Europe,55985,5.0,385.75,-26.82,4.0,4.0,Shipping on time,0,0.0,0,10,5.957778489453175,0,0,0,1
4246,2015-04-01,2015-04-06,South Asia,58028,3.0,87.23,11.58,5.0,4.0,Late delivery,0,1.0,1,4,4.479947041234014,0,0,0,1
4247,2017-07-20,2017-07-26,Central America,41187,1.0,191.21,-26.9,6.0,4.0,Late delivery,0,2.0,1,7,5.25858852431904,0,0,0,1
4248,2015-01-23,2015-01-28,Oceania,46941,1.0,265.68,42.47,5.0,2.0,Late delivery,0,3.0,1,1,5.5860494377498595,0,0,1,0
4249,2015-12-08,2015-12-11,Oceania,70489,3.0,92.02,12.11,3.0,4.0,Shipping on time,0,-1.0,0,12,4.532814523795951,0,0,0,1
4250,2015-10-12,2015-10-14,South Asia,53425,4.0,156.77,56.01,2.0,1.0,Late delivery,0,1.0,1,10,5.061138276269363,1,0,0,0
4252,2017-09-17,2017-09-17,Eastern Asia,37402,2.0,157.83,-7.95,0.0,1.0,Shipping on time,0,-1.0,0,9,5.067834447847064,1,0,0,0
4253,2016-10-09,2016-10-13,Oceania,58140,1.0,40.27,-2.17,4.0,4.0,Shipping on time,0,0.0,0,10,3.7201358437644907,0,0,0,1
4254,2015-04-12,2015-04-19,US Center,57525,5.0,118.37,41.93,7.0,4.0,Late delivery,0,3.0,1,4,4.782227913106947,0,0,0,1
4255,2017-02-16,2017-02-23,South Asia,33679,2.0,412.95,38.98,7.0,4.0,Late delivery,0,3.0,1,2,6.0257451935848145,0,0,0,1
4256,2015-02-04,2015-02-08,US Center,49835,3.0,189.74,71.23,4.0,2.0,Late delivery,0,2.0,1,2,5.250911244150767,0,0,1,0
4257,2015-07-24,2015-07-28,South Asia,31111,4.0,153.39,17.98,4.0,4.0,Shipping on time,0,0.0,0,7,5.039481868653835,0,0,0,1
4258,2015-04-22,2015-04-26,US Center,96729,1.0,162.82,-11.76,4.0,4.0,Shipping on time,0,0.0,0,4,5.098768264087456,0,0,0,1
4259,2017-09-26,2017-09-30,Central America,70181,1.0,535.0,-61.534,4.0,4.0,Shipping on time,0,0.0,0,9,6.284134161070802,0,0,0,1
4260,2015-02-16,2015-02-21,West Europe,90369,5.0,206.73,37.62,5.0,4.0,Late delivery,0,1.0,1,2,5.336239159546593,0,0,0,1
4261,2016-05-11,2016-05-15,Oceania,58589,1.0,276.03,98.28,4.0,4.0,Shipping on time,0,0.0,0,5,5.6241258035720625,0,0,0,1
4262,2015-08-04,2015-08-09,South Asia,43631,2.0,114.91,9.21,5.0,4.0,Late delivery,0,1.0,1,8,4.752814027900653,0,0,0,1
4263,2015-03-16,2015-03-18,US Center,21652,3.0,115.11,41.97,2.0,1.0,Late delivery,0,1.0,1,3,4.7545380176389145,1,0,0,0
4264,2015-10-28,2015-11-03,US Center,43756,1.0,80.11,3.61,6.0,4.0,Late delivery,0,2.0,1,10,4.395806258082254,0,0,0,1
4265,2016-11-13,2016-11-16,Oceania,68793,4.0,134.16,-26.22,3.0,0.0,Late delivery,0,3.0,1,11,4.90645926184609,0,1,0,0
4266,2015-08-24,2015-08-24,West Europe,43544,5.0,98.4,33.7,0.0,1.0,Shipping on time,0,-1.0,0,8,4.599152113662528,1,0,0,0
4267,2015-03-19,2015-03-24,Central America,67588,5.0,267.26,17.55,5.0,4.0,Late delivery,0,1.0,1,3,5.5919566594739445,0,0,0,1
4268,2016-06-26,2016-06-29,Oceania,57579,3.0,217.87,2.64,3.0,2.0,Late delivery,0,1.0,1,6,5.3884779462559935,0,0,1,0
4269,2016-10-10,2016-10-16,Eastern Asia,30464,5.0,138.85,55.07,6.0,4.0,Late delivery,0,2.0,1,10,4.940570419647969,0,0,0,1
4270,2017-06-19,2017-06-22,Oceania,26868,2.0,107.87,6.95,3.0,4.0,Shipping on time,0,-1.0,0,6,4.690154509893088,0,0,0,1
4271,2016-12-18,2016-12-20,US Center,27990,1.0,36.216,-2.59,2.0,1.0,Late delivery,0,1.0,1,12,3.6167387763362537,1,0,0,0
4272,2015-03-30,2015-03-30,Oceania,88924,4.0,104.81,1.67,0.0,1.0,Shipping on time,0,-1.0,0,3,4.66164503291607,1,0,0,0
4273,2015-07-23,2015-07-26,Eastern Asia,44938,2.0,178.36,24.46,3.0,4.0,Shipping on time,0,-1.0,0,7,5.18939495932385,0,0,0,1
4274,2016-12-17,2016-12-18,West Europe,38578,5.0,220.29,81.15,1.0,1.0,Shipping on time,0,0.0,0,12,5.399474058507774,1,0,0,0
4275,2015-04-26,2015-05-01,Eastern Asia,55184,3.0,36.216,7.15,5.0,4.0,Late delivery,0,1.0,1,4,3.6167387763362537,0,0,0,1
4276,2017-03-29,2017-04-03,Eastern Asia,16994,1.0,36.216,1.67,5.0,4.0,Late delivery,0,1.0,1,3,3.6167387763362537,0,0,0,1
4277,2015-05-15,2015-05-20,Oceania,35222,2.0,163.52,57.28,5.0,4.0,Late delivery,0,1.0,1,5,5.103032143362223,0,0,0,1
4278,2016-06-04,2016-06-09,Eastern Asia,88574,4.0,80.7,14.06,5.0,4.0,Late delivery,0,1.0,1,6,4.403054001865957,0,0,0,1
4279,2016-10-18,2016-10-23,Oceania,56576,1.0,130.86,-6.39,5.0,4.0,Late delivery,0,1.0,1,10,4.881740753685154,0,0,0,1
4280,2015-12-09,2015-12-15,Central America,61356,5.0,112.42,-9.15,6.0,4.0,Late delivery,0,2.0,1,12,4.731097742585882,0,0,0,1
4281,2017-01-16,2017-01-20,US Center,43058,5.0,210.89,-34.94,4.0,4.0,Shipping on time,0,0.0,0,1,5.35606727208894,0,0,0,1
4282,2017-09-20,2017-09-20,Central America,18795,5.0,49.46,-3.97,0.0,1.0,Shipping on time,0,-1.0,0,9,3.921180943212912,1,0,0,0
4283,2017-07-08,2017-07-09,US Center,95993,3.0,106.17,-9.84,1.0,1.0,Shipping on time,0,0.0,0,7,4.674416358724906,1,0,0,0
4284,2016-04-21,2016-04-28,West Europe,59883,2.0,260.34,-25.94,7.0,4.0,Late delivery,0,3.0,1,4,5.565822241561,0,0,0,1
4285,2015-11-21,2015-11-25,West Europe,36656,4.0,168.34,-15.99,4.0,4.0,Shipping on time,0,0.0,0,11,5.131908528214131,0,0,0,1
4286,2015-05-31,2015-06-05,Oceania,64848,1.0,91.06,2.34,5.0,2.0,Late delivery,0,3.0,1,5,4.5224405383890955,0,0,1,0
4287,2015-04-08,2015-04-11,West Europe,88226,2.0,194.83,-35.62,3.0,4.0,Shipping on time,0,-1.0,0,4,5.277246935928745,0,0,0,1
4288,2015-05-01,2015-05-08,Central America,44081,3.0,176.29,-9.71,7.0,4.0,Late delivery,0,3.0,1,5,5.177786809910289,0,0,0,1
4289,2016-09-21,2016-09-22,Central America,76217,4.0,87.89,14.53,1.0,2.0,Late delivery,0,-1.0,0,9,4.487399650253583,0,0,1,0
4290,2017-02-22,2017-02-25,Eastern Asia,25510,4.0,224.24,21.21,3.0,4.0,Shipping on time,0,-1.0,0,2,5.417166500386418,0,0,0,1
4291,2017-04-16,2017-04-18,West Europe,70846,4.0,222.15,37.66,2.0,2.0,Shipping on time,0,0.0,0,4,5.407844191075279,0,0,1,0
4292,2017-06-22,2017-06-23,Eastern Asia,78338,2.0,137.67,26.27,1.0,2.0,Shipping on time,0,-1.0,0,6,4.932097009765773,0,0,1,0
4293,2016-12-26,2016-12-31,Eastern Asia,35597,3.0,260.2,59.57,5.0,4.0,Late delivery,0,1.0,1,12,5.565286397402276,0,0,0,1
4294,2016-08-09,2016-08-15,Eastern Asia,10664,3.0,74.32,-6.93,6.0,4.0,Late delivery,0,2.0,1,8,4.3217457037889515,0,0,0,1
4295,2016-05-05,2016-05-12,Eastern Asia,19887,5.0,234.39,55.17,5.0,4.0,Late delivery,0,1.0,1,5,5.461243713040235,0,0,0,1
4296,2015-06-04,2015-06-09,US Center,68336,1.0,132.82,38.09,5.0,4.0,Late delivery,0,1.0,1,6,4.896495613354671,0,0,0,1
4297,2015-09-26,2015-09-29,US Center,54452,1.0,85.37,19.14,3.0,1.0,Late delivery,0,2.0,1,9,4.458640393292194,1,0,0,0
4298,2015-06-05,2015-06-11,Central America,91530,5.0,149.29,11.6,6.0,4.0,Late delivery,1,2.0,1,6,5.012566760946003,0,0,0,1
4299,2016-12-30,2017-01-04,Oceania,59662,3.0,297.52,-39.56,5.0,4.0,Late delivery,0,1.0,1,12,5.698836932263187,0,0,0,1
4300,2016-01-18,2016-01-22,Eastern Asia,88803,2.0,107.13,-6.43,4.0,1.0,Late delivery,0,3.0,1,1,4.683334206957445,1,0,0,0
4301,2017-05-06,2017-05-10,Eastern Asia,18181,1.0,121.18,10.46,4.0,2.0,Late delivery,0,2.0,1,5,4.805495367221621,0,0,1,0
4302,2017-01-19,2017-01-22,South Asia,90852,1.0,100.97,0.39,3.0,4.0,Shipping on time,0,-1.0,0,1,4.624678652376135,0,0,0,1
4303,2015-08-08,2015-08-13,West Europe,98749,1.0,93.08,3.57,5.0,4.0,Late delivery,0,1.0,1,8,4.544145484150317,0,0,0,1
4304,2016-03-18,2016-03-24,Eastern Asia,31864,2.0,263.39,-11.29,6.0,4.0,Late delivery,0,2.0,1,3,5.577425285779679,0,0,0,1
4305,2016-12-11,2016-12-11,Eastern Asia,Unknown,2.0,553.42,45.84,0.0,1.0,Shipping on time,0,-1.0,0,12,6.31792252226108,1,0,0,0
4306,2015-01-29,2015-02-01,Oceania,48359,5.0,329.38,92.85,3.0,4.0,Shipping on time,0,-1.0,0,1,5.800243507126995,0,0,0,1
4307,2017-02-10,2017-02-16,Eastern Asia,81838,5.0,201.13,-29.31,6.0,4.0,Late delivery,0,2.0,1,2,5.308911054758907,0,0,0,1
4308,2016-06-08,2016-06-09,US Center,52037,1.0,233.14,89.37,1.0,0.0,Late delivery,0,1.0,1,6,5.455919227051527,0,1,0,0
4309,2017-09-23,2017-09-29,South Asia,94692,1.0,149.29,-12.5,6.0,4.0,Late delivery,1,2.0,1,9,5.012566760946003,0,0,0,1
4310,2017-04-30,2017-05-01,West Europe,54010,2.0,110.97,33.89,1.0,1.0,Shipping on time,0,0.0,0,4,4.718230978272105,1,0,0,0
4311,2016-01-11,2016-01-17,Oceania,74504,1.0,74.24,-4.88,6.0,4.0,Late delivery,0,2.0,1,1,4.32068300443283,0,0,0,1
4312,2015-01-03,2015-01-10,Oceania,46247,2.0,149.29,-15.92,7.0,4.0,Late delivery,1,3.0,1,1,5.012566760946003,0,0,0,1
4313,2016-01-28,2016-02-04,Eastern Asia,47268,4.0,121.84,40.46,7.0,4.0,Late delivery,0,3.0,1,1,4.810882695572622,0,0,0,1
4314,2016-08-28,2016-08-29,West Europe,66541,3.0,97.4,36.18,1.0,1.0,Shipping on time,0,0.0,0,8,4.589040804058207,1,0,0,0
4315,2015-02-14,2015-02-20,Central America,29775,1.0,102.08,13.52,6.0,4.0,Late delivery,0,2.0,1,2,4.635505385784164,0,0,0,1
4316,2015-02-21,2015-02-28,South Asia,70196,1.0,166.78,40.64,7.0,4.0,Late delivery,0,3.0,1,2,5.122653597418148,0,0,0,1
4317,2015-06-09,2015-06-16,Oceania,92608,3.0,107.57,-4.89,7.0,4.0,Late delivery,0,3.0,1,6,4.687395126243761,0,0,0,1
4318,2016-04-07,2016-04-13,South Asia,81407,2.0,150.59,-21.38,6.0,4.0,Late delivery,0,2.0,1,4,5.021179507971927,0,0,0,1
4319,2017-01-14,2017-01-17,West Europe,66269,2.0,164.45,0.45,3.0,4.0,Shipping on time,0,-1.0,0,1,5.1086690343676215,0,0,0,1
4320,2015-01-20,2015-01-26,Central America,33915,4.0,329.3,-5.32,6.0,4.0,Late delivery,0,2.0,1,1,5.800001332396744,0,0,0,1
4321,2015-09-30,2015-10-05,Eastern Asia,16209,1.0,71.39,-0.57,5.0,2.0,Late delivery,0,3.0,1,9,4.28206816830505,0,0,1,0
4322,2017-08-22,2017-08-26,US Center,49070,4.0,177.59,31.9,4.0,4.0,Shipping on time,0,0.0,0,8,5.185092675833409,0,0,0,1
4323,2017-06-30,2017-07-05,South Asia,72908,1.0,98.67,-8.39,5.0,4.0,Late delivery,0,1.0,1,6,4.601864728979365,0,0,0,1
4324,2017-07-03,2017-07-07,US Center,12481,2.0,115.54,2.83,4.0,4.0,Shipping on time,0,0.0,0,7,4.758234561714928,0,0,0,1
4325,2015-11-15,2015-11-20,South Asia,14162,5.0,389.32,54.69,5.0,4.0,Late delivery,0,1.0,1,11,5.966966915507582,0,0,0,1
4326,2016-11-18,2016-11-19,West Europe,11501,5.0,215.94,82.28,1.0,1.0,Shipping on time,0,0.0,0,11,5.3796208176120714,1,0,0,0
4327,2017-03-07,2017-03-13,US Center,16689,4.0,118.45,15.92,6.0,4.0,Late delivery,0,2.0,1,3,4.782897873771819,0,0,0,1
4328,2016-08-06,2016-08-09,US Center,28651,2.0,199.42,43.5,3.0,2.0,Late delivery,0,1.0,1,8,5.3004151646301825,0,0,1,0
4329,2015-12-27,2015-12-31,West Europe,86625,3.0,147.31,13.62,4.0,4.0,Shipping on time,0,0.0,0,12,4.999304677753871,0,0,0,1
4330,2015-07-20,2015-07-24,Central America,28042,3.0,287.96,79.21,4.0,2.0,Late delivery,0,2.0,1,7,5.666288270228621,0,0,1,0
4331,2017-01-26,2017-01-28,Oceania,56341,1.0,111.72,-19.16,2.0,2.0,Shipping on time,0,0.0,0,1,4.724906867590425,0,0,1,0
4332,2017-04-23,2017-04-28,West Europe,43655,4.0,199.17,8.28,5.0,4.0,Late delivery,0,1.0,1,4,5.299167005502614,0,0,0,1
4333,2016-03-14,2016-03-19,West Europe,76855,1.0,131.9,-9.88,5.0,2.0,Late delivery,0,3.0,1,3,4.8895969657192,0,0,1,0
4334,2016-12-01,2016-12-05,South Asia,33919,5.0,150.08,1.84,4.0,1.0,Late delivery,0,3.0,1,12,5.017809497844256,1,0,0,0
4335,2015-07-31,2015-08-06,US Center,66772,1.0,136.23,-2.73,6.0,4.0,Late delivery,0,2.0,1,7,4.921658350281541,0,0,0,1
4336,2016-04-17,2016-04-22,West Europe,10398,4.0,103.24,22.83,5.0,2.0,Late delivery,0,3.0,1,4,4.6466959328165895,0,0,1,0
4337,2015-07-25,2015-08-01,Eastern Asia,61291,5.0,158.85,26.35,7.0,4.0,Late delivery,0,3.0,1,7,5.074235875505851,0,0,0,1
4338,2015-07-24,2015-07-28,Oceania,75444,5.0,266.71,52.29,4.0,4.0,Shipping on time,0,0.0,0,7,5.589904305077029,0,0,0,1
4339,2015-10-14,2015-10-16,Oceania,44922,2.0,104.16,6.44,2.0,2.0,Shipping on time,0,0.0,0,10,4.655482999861681,0,0,1,0
4340,2016-08-22,2016-08-23,West Europe,28607,3.0,118.59,-11.1,1.0,1.0,Shipping on time,0,0.0,0,8,4.7840692259807165,1,0,0,0
4341,2015-04-30,2015-05-05,South Asia,49793,3.0,185.56,-12.21,5.0,4.0,Late delivery,0,1.0,1,4,5.228752903162127,0,0,0,1
4342,2015-08-06,2015-08-09,West Europe,97560,2.0,95.44,11.93,3.0,4.0,Shipping on time,0,-1.0,0,8,4.5689210533129705,0,0,0,1
4343,2017-05-17,2017-05-23,West Europe,95242,1.0,249.79,-12.87,6.0,4.0,Late delivery,0,2.0,1,5,5.524615935555547,0,0,0,1
4344,2015-02-11,2015-02-13,Eastern Asia,35746,4.0,226.75,14.56,2.0,2.0,Shipping on time,0,0.0,0,2,5.428248536140067,0,0,1,0
4346,2015-01-03,2015-01-03,Eastern Asia,57506,4.0,101.25,-1.86,0.0,0.0,Shipping on time,0,0.0,0,1,4.627420794922911,0,1,0,0
4347,2017-03-07,2017-03-11,Central America,57811,2.0,78.7,-10.74,4.0,2.0,Late delivery,0,2.0,1,3,4.378269585796169,0,0,1,0
4348,2017-08-11,2017-08-13,West Europe,14643,3.0,243.62,92.3,2.0,1.0,Late delivery,0,1.0,1,8,5.499705986059217,1,0,0,0
4349,2015-01-05,2015-01-09,Central America,23359,3.0,260.14,75.52,4.0,4.0,Shipping on time,0,0.0,0,1,5.5650566619798925,0,0,0,1
4350,2015-09-04,2015-09-06,Oceania,42924,1.0,73.39,-9.82,2.0,2.0,Shipping on time,0,0.0,0,9,4.30932152420325,0,0,1,0
4351,2017-06-01,2017-06-02,US Center,60231,5.0,99.39,33.28,1.0,0.0,Late delivery,0,1.0,1,6,4.609062600703435,0,1,0,0
4352,2015-05-23,2015-05-28,Central America,82816,3.0,142.28,22.66,5.0,4.0,Late delivery,0,1.0,1,5,4.964800757752457,0,0,0,1
4353,2017-03-05,2017-03-08,US Center,11604,1.0,119.92,-10.48,3.0,4.0,Shipping on time,0,-1.0,0,3,4.795129169911258,0,0,0,1
4354,2016-07-30,2016-08-06,West Europe,77137,1.0,228.51,56.97,7.0,4.0,Late delivery,0,3.0,1,7,5.435946601536075,0,0,0,1
4355,2017-04-22,2017-04-25,Oceania,88127,2.0,266.52,15.14,3.0,2.0,Late delivery,0,1.0,1,4,5.589194329896337,0,0,1,0
4356,2016-01-24,2016-01-27,US Center,85980,4.0,211.86,75.15,3.0,4.0,Shipping on time,0,-1.0,0,1,5.360634672612898,0,0,0,1
4357,2016-09-23,2016-09-27,West Europe,58197,4.0,284.85,106.89,4.0,2.0,Late delivery,0,2.0,1,9,5.655467197709981,0,0,1,0
4358,2017-02-14,2017-02-18,West Europe,45279,2.0,259.86,-40.96,4.0,4.0,Shipping on time,0,0.0,0,2,5.563983864942137,0,0,0,1
4359,2015-07-27,2015-08-01,Central America,15148,5.0,143.15,45.32,5.0,2.0,Late delivery,0,3.0,1,7,4.970854424084411,0,0,1,0
4360,2015-02-10,2015-02-15,Eastern Asia,37178,3.0,115.46,-19.87,5.0,2.0,Late delivery,0,3.0,1,2,4.757547866408974,0,0,1,0
4361,2015-10-25,2015-10-29,US Center,Unknown,1.0,96.45,32.79,4.0,1.0,Late delivery,0,3.0,1,10,4.57933942595357,1,0,0,0
4362,2016-11-09,2016-11-12,South Asia,11784,3.0,242.49,22.45,3.0,1.0,Late delivery,0,2.0,1,11,5.495075873917534,1,0,0,0
4363,2016-01-25,2016-02-01,West Europe,55407,1.0,252.96,-37.44,7.0,4.0,Late delivery,0,3.0,1,1,5.5371767743022495,0,0,0,1
4364,2017-07-31,2017-08-03,South Asia,15127,1.0,272.48,10.93,3.0,2.0,Late delivery,0,1.0,1,7,5.611228493045593,0,0,1,0
4365,2015-07-04,2015-07-11,US Center,54627,5.0,123.07,-0.47,7.0,4.0,Late delivery,0,3.0,1,7,4.82084592245478,0,0,0,1
4366,2017-01-03,2017-01-07,Central America,71852,5.0,118.56,25.79,4.0,4.0,Shipping on time,0,0.0,0,1,4.783818337415737,0,0,0,1
4367,2015-01-28,2015-02-01,Oceania,44202,4.0,174.78,39.28,4.0,2.0,Late delivery,0,2.0,1,1,5.169233213136499,0,0,1,0
4368,2016-10-21,2016-10-25,US Center,47650,2.0,313.53,6.44,4.0,1.0,Late delivery,0,3.0,1,10,5.751079461098359,1,0,0,0
4369,2017-08-11,2017-08-13,South Asia,48995,4.0,184.56,42.12,2.0,2.0,Shipping on time,0,0.0,0,8,5.223378279883543,0,0,1,0
4370,2015-01-30,2015-02-05,South Asia,68748,4.0,170.7,-33.13,6.0,4.0,Late delivery,0,2.0,1,1,5.14574876790343,0,0,0,1
4371,2016-01-25,2016-01-28,Central America,24576,1.0,91.71,-5.54,3.0,2.0,Late delivery,0,1.0,1,1,4.529476341618891,0,0,1,0
4372,2017-03-26,2017-03-31,Central America,33743,5.0,194.29,-26.15,5.0,2.0,Late delivery,0,3.0,1,3,5.274485633294691,0,0,1,0
4373,2016-08-31,2016-09-03,Oceania,49308,3.0,205.49,-21.41,3.0,4.0,Shipping on time,0,-1.0,0,8,5.330251985078383,0,0,0,1
4374,2016-11-11,2016-11-16,Central America,43768,3.0,85.24,-2.06,5.0,4.0,Late delivery,0,1.0,1,11,4.457134107160687,0,0,0,1
4375,2015-04-18,2015-04-20,Oceania,38939,3.0,422.49,-38.97,2.0,1.0,Late delivery,0,1.0,1,4,6.048529901062438,1,0,0,0
4376,2016-12-05,2016-12-10,South Asia,42740,2.0,86.82,9.55,5.0,4.0,Late delivery,0,1.0,1,12,4.475289265133571,0,0,0,1
4377,2017-05-07,2017-05-08,West Europe,26482,3.0,259.04,97.44,1.0,1.0,Shipping on time,0,0.0,0,5,5.560835465336268,1,0,0,0
4378,2015-07-15,2015-07-19,West Europe,55525,1.0,132.56,47.2,4.0,2.0,Late delivery,0,2.0,1,7,4.894550815075454,0,0,1,0
4379,2017-01-21,2017-01-24,West Europe,Unknown,5.0,164.49,42.68,3.0,2.0,Late delivery,0,1.0,1,1,5.108910770030852,0,0,1,0
4380,2016-03-05,2016-03-09,South Asia,42284,2.0,93.92,26.91,4.0,1.0,Late delivery,0,3.0,1,3,4.553034431567563,1,0,0,0
4381,2015-02-10,2015-02-12,Eastern Asia,97560,2.0,107.14,-12.27,2.0,0.0,Late delivery,0,2.0,1,2,4.683426683953859,0,1,0,0
4382,2015-03-04,2015-03-07,West Europe,32804,3.0,226.37,-33.94,3.0,0.0,Late delivery,0,3.0,1,3,5.426578646492048,0,1,0,0
4383,2015-07-21,2015-07-24,West Europe,97921,4.0,133.33,26.16,3.0,4.0,Shipping on time,0,-1.0,0,7,4.900299459074922,0,0,0,1
4384,2015-01-29,2015-02-04,US Center,51317,2.0,122.22,6.49,6.0,4.0,Late delivery,0,2.0,1,1,4.813971375586425,0,0,0,1
4385,2017-01-14,2017-01-19,Eastern Asia,10009,2.0,252.91,-21.41,5.0,2.0,Late delivery,0,3.0,1,1,5.5369798735199165,0,0,1,0
4386,2017-09-24,2017-09-26,US Center,43595,2.0,227.98,-33.97,2.0,0.0,Late delivery,0,2.0,1,9,5.433634663495666,0,1,0,0
4387,2015-02-26,2015-02-27,South Asia,40708,5.0,164.98,-2.71,1.0,2.0,Shipping on time,0,-1.0,0,2,5.111867299170302,0,0,1,0
4388,2017-01-31,2017-02-03,Oceania,46389,4.0,171.62,11.86,3.0,4.0,Shipping on time,0,-1.0,0,1,5.151092646791511,0,0,0,1
4389,2015-01-24,2015-01-29,US Center,41031,1.0,413.98,-61.534,5.0,4.0,Late delivery,0,1.0,1,1,6.0282303262983055,0,0,0,1
4390,2016-11-08,2016-11-15,Central America,81271,4.0,135.51,5.92,7.0,4.0,Late delivery,0,3.0,1,11,4.916397872014886,0,0,0,1
4391,2015-04-29,2015-05-01,South Asia,65817,5.0,188.36,-19.82,2.0,2.0,Shipping on time,0,0.0,0,4,5.243649965205728,0,0,1,0
4392,2015-06-27,2015-06-29,Central America,79474,2.0,192.52,62.29,2.0,1.0,Late delivery,0,1.0,1,6,5.265380866301772,1,0,0,0
4393,2015-05-23,2015-05-26,Eastern Asia,98377,5.0,65.43,15.45,5.0,4.0,Shipping on time,0,1.0,1,5,4.19614876167715,0,0,0,1
4394,2016-01-19,2016-01-24,Oceania,37529,2.0,47.75,-3.51,5.0,4.0,Late delivery,0,1.0,1,1,3.886705197443856,0,0,0,1
4395,2017-02-12,2017-02-17,US Center,13366,3.0,161.38,-19.97,5.0,4.0,Late delivery,0,1.0,1,2,5.089939267434301,0,0,0,1
4396,2015-06-17,2015-06-21,West Europe,88530,2.0,249.94,67.26,4.0,4.0,Shipping on time,0,0.0,0,6,5.525213866731554,0,0,0,1
4397,2017-02-21,2017-02-25,Central America,79951,3.0,168.65,43.1,4.0,4.0,Shipping on time,0,0.0,0,2,5.13373749123024,0,0,0,1
4398,2017-06-01,2017-06-07,South Asia,62455,1.0,109.23,41.86,6.0,4.0,Late delivery,0,2.0,1,6,4.702569091975224,0,0,0,1
4399,2016-07-25,2016-07-28,Central America,12711,5.0,101.64,-11.89,3.0,4.0,Shipping on time,0,-1.0,0,7,4.631227720307381,0,0,0,1
4400,2015-07-21,2015-07-24,US Center,68934,5.0,241.97,31.73,3.0,1.0,Late delivery,0,2.0,1,7,5.4929379789290085,1,0,0,0
4401,2015-11-02,2015-11-09,Eastern Asia,75225,3.0,125.56,36.89,7.0,4.0,Late delivery,0,3.0,1,11,4.840716504019344,0,0,0,1
4402,2015-12-26,2015-12-26,West Europe,32105,5.0,57.84,3.92,0.0,1.0,Shipping on time,0,-1.0,0,12,4.074821895733237,1,0,0,0
4403,2017-02-22,2017-02-26,Central America,79758,2.0,223.85,-11.3,4.0,4.0,Shipping on time,0,0.0,0,2,5.415433513216716,0,0,0,1
4404,2017-06-16,2017-06-21,Oceania,54936,1.0,172.36,-21.34,5.0,4.0,Late delivery,0,1.0,1,6,5.1553703572281036,0,0,0,1
4406,2017-08-08,2017-08-15,Oceania,29697,1.0,276.86,4.61,7.0,4.0,Late delivery,0,3.0,1,8,5.627117389720715,0,0,0,1
4407,2015-03-03,2015-03-06,Eastern Asia,44420,5.0,327.32,62.83,3.0,1.0,Late delivery,0,2.0,1,3,5.79398874254235,1,0,0,0
4408,2017-03-24,2017-03-24,West Europe,60444,5.0,208.4,-31.89,0.0,0.0,Shipping on time,0,0.0,0,3,5.3442462984364365,0,1,0,0
4409,2015-07-08,2015-07-08,Oceania,71624,1.0,135.05,33.97,0.0,0.0,Shipping on time,0,0.0,0,7,4.913022465229256,0,1,0,0
4410,2015-12-03,2015-12-08,Central America,69563,3.0,42.89,-5.28,5.0,4.0,Late delivery,0,1.0,1,12,3.7816865037001426,0,0,0,1
4411,2016-11-26,2016-11-27,Central America,71850,3.0,178.26,-7.22,1.0,2.0,Shipping on time,0,-1.0,0,11,5.188837265929216,0,0,1,0
4412,2015-02-18,2015-02-21,West Europe,64185,2.0,137.06,9.64,3.0,2.0,Late delivery,0,1.0,1,2,4.92768837327533,0,0,1,0
4413,2016-07-20,2016-07-24,US Center,54309,3.0,326.24,-55.83,4.0,1.0,Late delivery,0,3.0,1,7,5.790693846645498,1,0,0,0
4414,2017-09-25,2017-09-28,West Europe,39538,5.0,318.18,1.67,3.0,4.0,Shipping on time,0,-1.0,0,9,5.765755206971041,0,0,0,1
4415,2016-01-30,2016-02-02,Eastern Asia,98791,4.0,198.25,73.33,3.0,4.0,Shipping on time,0,-1.0,0,1,5.294560317670324,0,0,0,1
4416,2017-09-25,2017-09-28,Central America,18987,3.0,336.13,124.34,3.0,1.0,Late delivery,0,2.0,1,9,5.820468612643942,1,0,0,0
4417,2016-06-14,2016-06-20,US Center,29513,2.0,143.21,40.74,6.0,4.0,Late delivery,0,2.0,1,6,4.971270570573979,0,0,0,1
4418,2016-03-25,2016-04-01,Eastern Asia,86634,3.0,145.84,-3.03,7.0,4.0,Late delivery,0,3.0,1,3,4.989343558628634,0,0,0,1
4419,2015-08-31,2015-09-05,South Asia,65819,2.0,90.79,11.06,5.0,4.0,Late delivery,0,1.0,1,8,4.519503359231,0,0,0,1
4420,2017-05-13,2017-05-15,West Europe,82303,5.0,124.55,35.98,2.0,2.0,Shipping on time,0,0.0,0,5,4.832704085603594,0,0,1,0
4421,2016-08-09,2016-08-14,Eastern Asia,46019,5.0,169.56,-33.85,5.0,4.0,Late delivery,0,1.0,1,8,5.139087140977479,0,0,0,1
4422,2016-10-08,2016-10-10,Oceania,32313,4.0,279.57,14.12,2.0,2.0,Shipping on time,0,0.0,0,10,5.636823248196441,0,0,1,0
4423,2015-05-19,2015-05-19,South Asia,10595,2.0,96.97,11.4,0.0,1.0,Shipping on time,0,-1.0,0,5,4.584661309356551,1,0,0,0
4424,2017-02-03,2017-02-10,Central America,98384,3.0,240.16,41.93,7.0,4.0,Late delivery,0,3.0,1,2,5.485460613621205,0,0,0,1
4425,2017-09-14,2017-09-16,Eastern Asia,18075,1.0,596.07,-34.4,2.0,1.0,Late delivery,0,1.0,1,9,6.392034359450338,1,0,0,0
4426,2015-09-19,2015-09-20,Central America,22685,1.0,67.61,0.21,1.0,1.0,Shipping on time,0,0.0,0,9,4.2284382967028,1,0,0,0
4427,2017-04-03,2017-04-03,US Center,10684,3.0,128.45,51.14,0.0,1.0,Shipping on time,0,-1.0,0,4,4.8632947061975464,1,0,0,0
4428,2016-03-25,2016-03-27,South Asia,71126,3.0,151.47,-23.07,2.0,2.0,Shipping on time,0,0.0,0,3,5.026967855383815,0,0,1,0
4429,2016-05-12,2016-05-18,Oceania,40893,1.0,270.87,79.6,6.0,4.0,Late delivery,0,2.0,1,5,5.605324010869238,0,0,0,1
4430,2016-12-02,2016-12-05,Central America,74128,5.0,484.04,72.7,3.0,4.0,Shipping on time,0,-1.0,0,12,6.184231361763476,0,0,0,1
4431,2017-09-04,2017-09-07,Eastern Asia,23893,3.0,310.05,122.01,3.0,1.0,Late delivery,0,2.0,1,9,5.739953670961029,1,0,0,0
4432,2017-01-07,2017-01-11,Eastern Asia,19910,3.0,146.4,21.77,4.0,4.0,Shipping on time,0,0.0,0,1,4.993149979755236,0,0,0,1
4433,2016-11-08,2016-11-11,South Asia,86557,5.0,90.56,3.67,3.0,4.0,Shipping on time,0,-1.0,0,11,4.516994495084366,0,0,0,1
4434,2016-11-02,2016-11-05,US Center,42880,1.0,144.71,54.69,3.0,2.0,Late delivery,0,1.0,1,11,4.981618345025764,0,0,1,0
4435,2016-08-01,2016-08-04,US Center,29009,5.0,146.21,23.4,3.0,2.0,Late delivery,0,1.0,1,8,4.991860138769922,0,0,1,0
4436,2016-08-16,2016-08-20,Central America,71418,4.0,172.74,27.16,4.0,2.0,Late delivery,0,2.0,1,8,5.157559928831774,0,0,1,0
4437,2016-10-08,2016-10-09,US Center,98547,1.0,88.22,26.25,1.0,2.0,Shipping on time,0,-1.0,0,10,4.491105229700119,0,0,1,0
4438,2015-02-04,2015-02-11,West Europe,18713,4.0,368.28,2.67,7.0,4.0,Late delivery,0,3.0,1,2,5.91155516387968,0,0,0,1
4439,2016-12-02,2016-12-06,Oceania,88650,1.0,97.59,15.57,4.0,2.0,Late delivery,0,2.0,1,12,4.59096983658695,0,0,1,0
4440,2015-04-08,2015-04-14,West Europe,10737,3.0,223.67,61.0,6.0,4.0,Late delivery,0,2.0,1,4,5.414632658929385,0,0,0,1
4441,2017-09-17,2017-09-20,Central America,16661,4.0,169.71,-11.66,3.0,4.0,Shipping on time,0,-1.0,0,9,5.139966210392662,0,0,0,1
4442,2017-02-26,2017-02-26,Oceania,10973,3.0,78.28,-4.16,0.0,1.0,Shipping on time,0,-1.0,0,2,4.372985890021733,1,0,0,0
4443,2017-02-23,2017-02-23,US Center,99441,1.0,155.49,39.17,0.0,1.0,Shipping on time,0,-1.0,0,2,5.05299211017508,1,0,0,0
4444,2017-08-27,2017-08-31,West Europe,18010,4.0,151.28,47.23,4.0,2.0,Late delivery,0,2.0,1,8,5.0257209315142966,0,0,1,0
4445,2015-08-26,2015-08-30,South Asia,53203,4.0,133.78,29.69,4.0,4.0,Shipping on time,0,0.0,0,8,4.903643819518071,0,0,0,1
4446,2015-06-29,2015-07-05,West Europe,67425,2.0,240.9,44.42,6.0,4.0,Late delivery,0,2.0,1,6,5.488524417615982,0,0,0,1
4447,2015-03-01,2015-03-05,Central America,87612,5.0,112.93,-13.44,4.0,1.0,Late delivery,0,3.0,1,3,4.735584224710024,1,0,0,0
4448,2016-07-13,2016-07-17,West Europe,44466,2.0,673.3,174.0700000000001,4.0,1.0,Late delivery,0,3.0,1,7,6.513675115740536,1,0,0,0
4449,2017-07-09,2017-07-16,Eastern Asia,70589,1.0,291.41,113.6,7.0,4.0,Late delivery,0,3.0,1,7,5.678156927017229,0,0,0,1
4450,2016-03-01,2016-03-05,US Center,76503,3.0,86.98,28.73,4.0,2.0,Late delivery,0,2.0,1,3,4.477109515920573,0,0,1,0
4451,2017-01-07,2017-01-12,West Europe,94376,2.0,36.216,3.99,5.0,4.0,Late delivery,0,1.0,1,1,3.6167387763362537,0,0,0,1
4452,2015-04-14,2015-04-18,South Asia,58651,2.0,314.02,-39.03,4.0,4.0,Shipping on time,0,0.0,0,4,5.752636128873589,0,0,0,1
4453,2016-08-05,2016-08-09,US Center,29153,3.0,173.35,11.6,4.0,2.0,Late delivery,0,2.0,1,8,5.161064773121661,0,0,1,0
4454,2015-09-08,2015-09-13,Central America,68544,4.0,156.79,54.79,5.0,4.0,Late delivery,0,1.0,1,9,5.061265035047578,0,0,0,1
4455,2016-05-04,2016-05-05,US Center,79065,4.0,83.85,17.2,1.0,1.0,Shipping on time,0,0.0,0,5,4.440884991680235,1,0,0,0
4456,2016-09-09,2016-09-11,West Europe,42105,4.0,63.68,-6.87,2.0,1.0,Late delivery,0,1.0,1,9,4.169452034708906,1,0,0,0
4457,2017-08-07,2017-08-10,Oceania,91392,1.0,49.56,18.36,3.0,4.0,Shipping on time,0,-1.0,0,8,3.923160749838602,0,0,0,1
4458,2016-12-05,2016-12-06,Central America,96792,3.0,682.37,131.93,3.0,2.0,Shipping on time,0,1.0,1,12,6.5270364405613615,0,0,1,0
4459,2015-02-12,2015-02-19,Eastern Asia,90038,1.0,385.99,99.3,7.0,4.0,Late delivery,0,3.0,1,2,5.958398852902647,0,0,0,1
4460,2016-05-06,2016-05-13,West Europe,29361,5.0,107.69,-14.54,7.0,4.0,Late delivery,0,3.0,1,5,4.688499793575096,0,0,0,1
4461,2015-06-05,2015-06-08,US Center,96501,5.0,453.64,73.78,3.0,4.0,Shipping on time,0,-1.0,0,6,6.119505896988866,0,0,0,1
4462,2017-03-30,2017-04-02,US Center,20294,5.0,49.8,13.7,3.0,4.0,Shipping on time,0,-1.0,0,3,3.927896354584436,0,0,0,1
4463,2015-11-14,2015-11-17,Eastern Asia,38033,5.0,225.8,-23.32,3.0,1.0,Late delivery,0,2.0,1,11,5.4240685718535975,1,0,0,0
4464,2016-10-08,2016-10-11,Central America,85695,5.0,226.67,-7.85,3.0,2.0,Late delivery,0,1.0,1,10,5.4278972120839315,0,0,1,0
4465,2017-09-24,2017-10-01,Eastern Asia,80572,4.0,89.63,28.83,7.0,4.0,Late delivery,0,3.0,1,9,4.50678528406669,0,0,0,1
4466,2016-10-24,2016-10-31,US Center,87871,4.0,113.89,13.55,7.0,4.0,Late delivery,0,3.0,1,10,4.743975148865274,0,0,0,1
4467,2016-11-25,2016-11-25,Oceania,57535,2.0,80.39,21.47,0.0,0.0,Shipping on time,0,0.0,0,11,4.3992524153389505,0,1,0,0
4468,2016-05-23,2016-05-28,South Asia,13740,5.0,152.89,40.12,5.0,4.0,Late delivery,0,1.0,1,5,5.0362380614757605,0,0,0,1
4469,2016-08-23,2016-08-28,US Center,27077,2.0,325.18,37.5,5.0,2.0,Late delivery,0,3.0,1,8,5.787449376228771,0,0,1,0
4470,2017-08-14,2017-08-17,Oceania,78771,2.0,269.01,14.63,3.0,4.0,Shipping on time,0,-1.0,0,8,5.598458995349557,0,0,0,1
4471,2015-12-09,2015-12-12,Eastern Asia,49676,3.0,190.91,46.61,3.0,1.0,Late delivery,0,2.0,1,12,5.257026512130156,1,0,0,0
4472,2015-01-11,2015-01-15,West Europe,75775,4.0,289.32,7.45,4.0,4.0,Shipping on time,0,0.0,0,1,5.6709837629048145,0,0,0,1
4473,2015-06-07,2015-06-10,Eastern Asia,33430,2.0,51.65,10.59,3.0,4.0,Shipping on time,0,-1.0,0,6,3.9636662385799846,0,0,0,1
4474,2015-12-12,2015-12-18,Central America,29637,3.0,494.84,-61.534,6.0,4.0,Late delivery,0,2.0,1,12,6.206253294039438,0,0,0,1
4475,2015-01-17,2015-01-20,South Asia,25389,5.0,144.57,35.69,3.0,2.0,Late delivery,0,1.0,1,1,4.980657070576569,0,0,1,0
4477,2015-05-22,2015-05-26,West Europe,Unknown,5.0,118.67,35.42,4.0,4.0,Shipping on time,0,0.0,0,5,4.784737954585425,0,0,0,1
4478,2017-03-22,2017-03-28,South Asia,74946,5.0,101.24,10.34,6.0,4.0,Late delivery,0,2.0,1,3,4.627322990629224,0,0,0,1
4479,2015-06-23,2015-06-24,Eastern Asia,58334,2.0,157.49,45.76,1.0,1.0,Shipping on time,0,0.0,0,6,5.065691499844334,1,0,0,0
4480,2016-01-29,2016-02-05,West Europe,82766,3.0,179.35,-12.08,7.0,4.0,Late delivery,0,3.0,1,1,5.194899407349548,0,0,0,1
4481,2016-05-25,2016-05-29,Eastern Asia,19421,1.0,37.16,-7.02,4.0,4.0,Shipping on time,0,0.0,0,5,3.6417878465800855,0,0,0,1
4482,2017-04-29,2017-05-02,US Center,69354,3.0,315.09,104.74,3.0,4.0,Shipping on time,0,-1.0,0,4,5.75602698316279,0,0,0,1
4483,2016-01-02,2016-01-04,Eastern Asia,11487,1.0,416.18,-50.96,2.0,2.0,Shipping on time,0,0.0,0,1,6.033517783338981,0,0,1,0
4484,2017-04-11,2017-04-12,US Center,15859,1.0,80.39,-5.01,1.0,2.0,Shipping on time,0,-1.0,0,4,4.3992524153389505,0,0,1,0
4485,2017-09-05,2017-09-08,Eastern Asia,16623,5.0,149.29,-11.67,3.0,4.0,Shipping on time,1,-1.0,0,9,5.012566760946003,0,0,0,1
4486,2015-04-06,2015-04-13,South Asia,15094,4.0,314.75,-58.61,7.0,4.0,Late delivery,0,3.0,1,4,5.7549507612306,0,0,0,1
4487,2017-07-10,2017-07-14,Oceania,56582,3.0,932.5600000000057,-61.534,4.0,4.0,Shipping on time,0,0.0,0,7,6.839005235153027,0,0,0,1
4488,2015-07-10,2015-07-17,Oceania,39396,2.0,393.21,16.41,7.0,4.0,Late delivery,0,3.0,1,7,5.9768837622304485,0,0,0,1
4489,2016-07-09,2016-07-13,South Asia,37481,1.0,65.05,-6.4,4.0,4.0,Shipping on time,0,0.0,0,7,4.190412030968334,0,0,0,1
4490,2017-02-25,2017-03-04,Central America,35169,3.0,229.21,80.76,7.0,4.0,Late delivery,0,3.0,1,2,5.438991935830805,0,0,0,1
4491,2015-06-16,2015-06-22,Eastern Asia,91677,5.0,81.43,-13.53,6.0,4.0,Late delivery,0,2.0,1,6,4.411949448325136,0,0,0,1
4492,2016-04-23,2016-04-23,West Europe,70468,2.0,610.35,-15.74,0.0,0.0,Shipping on time,0,0.0,0,4,6.415669626590199,0,1,0,0
4493,2015-11-14,2015-11-20,US Center,80155,4.0,83.38,-5.95,6.0,4.0,Late delivery,0,2.0,1,11,4.435330406696193,0,0,0,1
4494,2015-05-04,2015-05-07,Eastern Asia,41515,4.0,71.67,8.74,3.0,4.0,Shipping on time,0,-1.0,0,5,4.2859286446285445,0,0,0,1
4495,2015-01-27,2015-01-31,Oceania,38901,4.0,290.54,-44.02,4.0,2.0,Late delivery,0,2.0,1,1,5.675177217645866,0,0,1,0
4496,2015-09-18,2015-09-23,Central America,76843,2.0,215.5,26.97,5.0,4.0,Late delivery,0,1.0,1,9,5.377590547442544,0,0,0,1
4497,2016-10-23,2016-10-29,West Europe,29006,3.0,151.26,-15.28,6.0,4.0,Late delivery,0,2.0,1,10,5.025589585878066,0,0,0,1
4498,2015-01-19,2015-01-19,Eastern Asia,59509,3.0,161.39,40.88,0.0,1.0,Shipping on time,0,-1.0,0,1,5.090000849476996,1,0,0,0
4499,2016-01-21,2016-01-28,Eastern Asia,65154,5.0,214.5,6.69,7.0,4.0,Late delivery,0,3.0,1,1,5.372960909543803,0,0,0,1
4500,2016-07-18,2016-07-21,Eastern Asia,59767,3.0,417.04,9.28,3.0,4.0,Shipping on time,0,-1.0,0,7,6.035577121726303,0,0,0,1
4501,2017-07-15,2017-07-17,Central America,74877,2.0,97.19,30.6,2.0,1.0,Late delivery,0,1.0,1,7,4.586904377181199,1,0,0,0
4502,2016-01-23,2016-01-23,West Europe,93093,3.0,106.42,-10.87,0.0,0.0,Shipping on time,0,0.0,0,1,4.676746384477314,0,1,0,0
4503,2015-11-13,2015-11-14,Central America,72979,2.0,105.33,11.46,1.0,1.0,Shipping on time,0,0.0,0,11,4.666547465662995,1,0,0,0
4504,2015-05-21,2015-05-28,US Center,39789,5.0,142.31,33.76,7.0,4.0,Late delivery,0,3.0,1,5,4.96501011606998,0,0,0,1
4505,2017-05-01,2017-05-02,South Asia,74162,5.0,149.76,13.69,1.0,2.0,Shipping on time,0,-1.0,0,5,5.015689168398935,0,0,1,0
4506,2017-09-03,2017-09-03,South Asia,18069,3.0,68.91,27.37,0.0,1.0,Shipping on time,0,-1.0,0,9,4.247208700523894,1,0,0,0
4507,2016-01-30,2016-02-05,Eastern Asia,73615,1.0,178.15,70.79,6.0,4.0,Late delivery,0,2.0,1,1,5.188223443750963,0,0,0,1
4508,2017-02-24,2017-02-24,Eastern Asia,65988,4.0,69.82,-10.62,0.0,0.0,Shipping on time,0,0.0,0,2,4.2601414466837575,0,1,0,0
4509,2016-10-15,2016-10-20,Central America,57926,5.0,123.44,45.43,5.0,4.0,Late delivery,0,1.0,1,10,4.8238236720294365,0,0,0,1
4510,2017-03-25,2017-03-29,South Asia,86744,3.0,128.06,42.76,4.0,2.0,Late delivery,0,2.0,1,3,4.860277412507694,0,0,1,0
4511,2015-12-22,2015-12-25,Oceania,35268,1.0,128.53,-17.41,3.0,4.0,Shipping on time,0,-1.0,0,12,4.8639125145421644,0,0,0,1
4512,2016-04-09,2016-04-15,Eastern Asia,46862,1.0,360.72,91.5,6.0,4.0,Late delivery,0,2.0,1,4,5.89087043187228,0,0,0,1
4513,2017-03-19,2017-03-24,West Europe,50813,3.0,395.84,0.74,5.0,4.0,Late delivery,0,1.0,1,3,5.983533176781702,0,0,0,1
4514,2015-01-19,2015-01-20,South Asia,79504,5.0,283.27,-12.09,1.0,1.0,Shipping on time,0,0.0,0,1,5.64992449075352,1,0,0,0
4515,2015-08-13,2015-08-20,US Center,Unknown,4.0,383.32,45.07,7.0,4.0,Late delivery,0,3.0,1,8,5.951475538891619,0,0,0,1
4516,2015-05-12,2015-05-12,West Europe,46616,3.0,125.22,-18.98,0.0,1.0,Shipping on time,0,-1.0,0,5,4.838026416156094,1,0,0,0
4517,2015-06-10,2015-06-16,US Center,82313,5.0,345.19,94.64,6.0,4.0,Late delivery,0,2.0,1,6,5.846987757287377,0,0,0,1
4518,2015-05-10,2015-05-13,West Europe,52631,5.0,143.99,54.37,3.0,4.0,Shipping on time,0,-1.0,0,5,4.976664774525102,0,0,0,1
4519,2015-02-21,2015-02-25,Oceania,73855,5.0,170.3,-4.37,4.0,4.0,Shipping on time,0,0.0,0,2,5.143416405330075,0,0,0,1
4520,2015-02-15,2015-02-15,Eastern Asia,64308,1.0,174.93,68.59,0.0,0.0,Shipping on time,0,0.0,0,2,5.170086188650955,0,1,0,0
4521,2016-01-17,2016-01-24,US Center,29529,1.0,66.75,24.31,7.0,4.0,Late delivery,0,3.0,1,1,4.21582445975981,0,0,0,1
4522,2016-09-19,2016-09-22,Central America,69792,3.0,145.37,6.63,3.0,1.0,Late delivery,1,2.0,1,9,4.986137662495856,1,0,0,0
4523,2017-01-03,2017-01-07,US Center,89979,5.0,135.05,10.54,4.0,4.0,Shipping on time,0,0.0,0,1,4.913022465229256,0,0,0,1
4524,2017-02-21,2017-02-24,Eastern Asia,47619,2.0,184.87,34.6,3.0,0.0,Late delivery,0,3.0,1,2,5.225047504620262,0,1,0,0
4525,2016-04-07,2016-04-08,Oceania,66670,3.0,137.7,-22.03,1.0,2.0,Shipping on time,0,-1.0,0,4,4.932313327320786,0,0,1,0
4526,2016-05-29,2016-06-04,West Europe,93063,1.0,89.16,-6.67,6.0,4.0,Late delivery,0,2.0,1,5,4.501585869731521,0,0,0,1
4527,2017-04-23,2017-04-26,West Europe,63712,3.0,74.24,10.01,3.0,4.0,Shipping on time,0,-1.0,0,4,4.32068300443283,0,0,0,1
4528,2015-11-23,2015-11-27,US Center,54079,5.0,149.38,2.29,4.0,4.0,Shipping on time,0,0.0,0,11,5.01316542394988,0,0,0,1
4529,2016-08-09,2016-08-16,South Asia,86947,5.0,73.14,7.71,7.0,4.0,Late delivery,0,3.0,1,8,4.305955197722586,0,0,0,1
4530,2016-03-20,2016-03-23,Oceania,Unknown,4.0,73.33,-7.04,3.0,4.0,Shipping on time,0,-1.0,0,3,4.308514638737202,0,0,0,1
4531,2016-06-17,2016-06-18,US Center,18553,4.0,139.59,52.02,1.0,2.0,Shipping on time,0,-1.0,0,6,4.945847853091816,0,0,1,0
4532,2015-03-20,2015-03-23,US Center,13212,5.0,165.21,9.72,3.0,4.0,Shipping on time,0,-1.0,0,3,5.113252049083019,0,0,0,1
4533,2016-05-13,2016-05-19,West Europe,89221,2.0,90.31,-5.09,6.0,4.0,Late delivery,0,2.0,1,5,4.514260310628249,0,0,0,1
4534,2017-01-06,2017-01-11,Eastern Asia,98902,3.0,51.06,-8.83,5.0,4.0,Late delivery,0,1.0,1,1,3.9523968995664194,0,0,0,1
4535,2015-02-10,2015-02-10,South Asia,77463,2.0,176.3,26.14,0.0,1.0,Shipping on time,0,-1.0,0,2,5.177843213080163,1,0,0,0
4536,2015-04-20,2015-04-25,US Center,84662,2.0,242.39,11.22,5.0,4.0,Late delivery,0,1.0,1,4,5.494665095075083,0,0,0,1
4537,2016-08-13,2016-08-18,West Europe,95804,5.0,116.24,24.44,5.0,4.0,Late delivery,0,1.0,1,8,4.764223115842691,0,0,0,1
4538,2017-08-06,2017-08-09,South Asia,32031,3.0,118.53,25.72,3.0,4.0,Shipping on time,0,-1.0,0,8,4.7835673858898895,0,0,0,1
4539,2015-07-11,2015-07-15,Oceania,56520,3.0,36.86,-5.9,4.0,4.0,Shipping on time,0,0.0,0,7,3.633895145781177,0,0,0,1
4540,2015-02-06,2015-02-11,South Asia,72850,1.0,255.01,-35.23,5.0,4.0,Late delivery,0,1.0,1,2,5.545216506216643,0,0,0,1
4541,2015-03-24,2015-03-28,South Asia,46899,1.0,76.98,5.72,4.0,4.0,Shipping on time,0,0.0,0,3,4.356452383554451,0,0,0,1
4542,2015-08-11,2015-08-16,Eastern Asia,44104,4.0,228.51,13.25,5.0,4.0,Late delivery,0,1.0,1,8,5.435946601536075,0,0,0,1
4543,2015-04-13,2015-04-16,West Europe,12487,3.0,104.25,5.56,3.0,4.0,Shipping on time,0,-1.0,0,4,4.656338472562491,0,0,0,1
4544,2016-05-17,2016-05-20,Eastern Asia,15670,4.0,136.32,15.78,3.0,2.0,Late delivery,0,1.0,1,5,4.922313968589491,0,0,1,0
4545,2015-06-15,2015-06-20,Eastern Asia,73282,2.0,132.64,8.66,5.0,4.0,Late delivery,0,1.0,1,6,4.895149617488555,0,0,0,1
4546,2016-03-14,2016-03-21,Oceania,55909,3.0,50.49,15.47,7.0,4.0,Late delivery,0,3.0,1,3,3.94138761405805,0,0,0,1
4547,2016-09-12,2016-09-18,West Europe,21472,5.0,772.76,120.69,6.0,4.0,Late delivery,0,2.0,1,9,6.651261747986373,0,0,0,1
4548,2015-03-27,2015-04-02,West Europe,51828,4.0,58.11,-1.27,6.0,4.0,Late delivery,0,2.0,1,3,4.079400114836278,0,0,0,1
4549,2015-10-14,2015-10-17,South Asia,94384,4.0,158.55,6.52,3.0,2.0,Late delivery,0,1.0,1,10,5.072357352724253,0,0,1,0
4550,2015-02-08,2015-02-15,Central America,71639,2.0,91.16,-5.51,7.0,4.0,Late delivery,0,3.0,1,2,4.523526196947581,0,0,0,1
4552,2017-04-18,2017-04-24,Eastern Asia,61855,5.0,339.01,109.22,6.0,4.0,Late delivery,0,2.0,1,4,5.828975028942396,0,0,0,1
4553,2016-02-18,2016-02-25,Oceania,69039,1.0,149.29,9.17,7.0,4.0,Late delivery,1,3.0,1,2,5.012566760946003,0,0,0,1
4554,2016-01-02,2016-01-05,Oceania,93748,4.0,136.28,48.09,3.0,1.0,Late delivery,0,2.0,1,1,4.922022635739652,1,0,0,0
4555,2017-08-14,2017-08-21,Oceania,62446,2.0,199.45,50.54,7.0,4.0,Late delivery,0,3.0,1,8,5.300564839088516,0,0,0,1
4556,2016-01-15,2016-01-22,US Center,54393,2.0,159.55,24.79,7.0,4.0,Late delivery,0,3.0,1,1,5.078605420535523,0,0,0,1
4557,2015-09-15,2015-09-20,Central America,81246,2.0,188.32,56.02,5.0,4.0,Late delivery,0,1.0,1,9,5.243438705038047,0,0,0,1
4558,2016-10-20,2016-10-24,US Center,19927,4.0,94.63,19.1,4.0,1.0,Late delivery,0,3.0,1,10,4.560486578361451,1,0,0,0
4559,2015-10-28,2015-11-01,South Asia,77475,2.0,55.49,-10.65,4.0,4.0,Shipping on time,0,0.0,0,10,4.034063631337171,0,0,0,1
4560,2017-03-15,2017-03-16,Eastern Asia,21369,4.0,67.58,12.8,1.0,1.0,Shipping on time,0,0.0,0,3,4.228000947034774,1,0,0,0
4561,2015-09-08,2015-09-08,Eastern Asia,65798,4.0,116.11,30.56,0.0,1.0,Shipping on time,0,-1.0,0,9,4.763113664054046,1,0,0,0
4562,2015-12-03,2015-12-06,Central America,93978,5.0,231.67,61.23,3.0,4.0,Shipping on time,0,-1.0,0,12,5.449621140639202,0,0,0,1
4563,2015-11-11,2015-11-14,Central America,63716,4.0,155.77,-4.61,3.0,4.0,Shipping on time,0,-1.0,0,11,5.05477976308044,0,0,0,1
4564,2016-06-07,2016-06-08,West Europe,69206,3.0,388.52,-36.08,1.0,2.0,Shipping on time,0,-1.0,0,6,5.9649152118744455,0,0,1,0
4565,2015-10-25,2015-10-29,Eastern Asia,18619,4.0,157.66,-31.5,4.0,4.0,Shipping on time,0,0.0,0,10,5.066763547873856,0,0,0,1
4566,2015-05-31,2015-06-04,Eastern Asia,79398,2.0,166.69,-10.4,4.0,4.0,Late delivery,0,0.0,0,5,5.122117036759018,0,0,0,1
4567,2017-04-10,2017-04-13,Oceania,70957,3.0,149.29,-14.4,3.0,4.0,Shipping on time,1,-1.0,0,4,5.012566760946003,0,0,0,1
4568,2017-05-19,2017-05-22,Eastern Asia,40157,1.0,52.52,-1.44,3.0,2.0,Late delivery,0,1.0,1,5,3.9800554158199732,0,0,1,0
4569,2017-09-06,2017-09-10,US Center,68670,4.0,209.71,-29.49,4.0,1.0,Late delivery,0,3.0,1,9,5.350482780528716,1,0,0,0
4570,2017-04-14,2017-04-14,West Europe,39818,2.0,76.23,-6.85,0.0,1.0,Shipping on time,0,-1.0,0,4,4.346787982581173,1,0,0,0
4571,2016-01-29,2016-02-04,Oceania,62912,3.0,118.19,-14.72,6.0,4.0,Late delivery,0,2.0,1,1,4.780718858494617,0,0,0,1
4572,2015-03-26,2015-04-02,US Center,23792,3.0,605.58,-34.29,7.0,4.0,Late delivery,0,3.0,1,3,6.407836624054821,0,0,0,1
4573,2017-05-17,2017-05-17,Oceania,58649,1.0,70.69,2.81,0.0,0.0,Shipping on time,0,0.0,0,5,4.272351267864781,0,1,0,0
4574,2015-09-10,2015-09-12,Oceania,49876,4.0,159.35,46.01,2.0,2.0,Shipping on time,0,0.0,0,9,5.077358926139164,0,0,1,0
4575,2015-04-17,2015-04-18,West Europe,54064,1.0,176.83,61.91,1.0,0.0,Late delivery,0,1.0,1,4,5.180828037755569,0,1,0,0
4576,2016-01-29,2016-01-31,US Center,80368,1.0,160.37,24.64,2.0,2.0,Shipping on time,0,0.0,0,1,5.083699864953261,0,0,1,0
4577,2016-04-27,2016-04-28,South Asia,67950,3.0,148.74,15.93,1.0,2.0,Shipping on time,0,-1.0,0,4,5.0089004568025395,0,0,1,0
4578,2016-10-13,2016-10-18,Eastern Asia,70003,1.0,106.18,9.87,5.0,2.0,Late delivery,0,3.0,1,10,4.674509664066704,0,0,1,0
4579,2017-04-02,2017-04-09,West Europe,50514,2.0,490.46,174.0700000000001,7.0,4.0,Late delivery,0,3.0,1,4,6.197380552755566,0,0,0,1
4580,2015-03-22,2015-03-29,Central America,78697,4.0,44.53,14.82,7.0,4.0,Late delivery,0,3.0,1,3,3.818371449346691,0,0,0,1
4581,2015-04-01,2015-04-06,Central America,46491,4.0,80.18,14.59,5.0,4.0,Late delivery,0,1.0,1,4,4.396668911410751,0,0,0,1
4582,2017-06-22,2017-06-26,US Center,10486,1.0,361.51,2.99,4.0,1.0,Late delivery,0,3.0,1,6,5.893052060121134,1,0,0,0
4583,2017-09-25,2017-09-27,Central America,92019,1.0,160.44,62.86,2.0,0.0,Late delivery,1,2.0,1,9,5.084133556605299,0,1,0,0
4584,2016-04-16,2016-04-20,West Europe,79367,1.0,93.78,34.63,4.0,2.0,Late delivery,0,2.0,1,4,4.551558416539442,0,0,1,0
4585,2016-02-04,2016-02-07,Central America,87363,5.0,86.58,8.49,3.0,4.0,Shipping on time,0,-1.0,0,2,4.4725526613732525,0,0,0,1
4586,2016-11-27,2016-11-30,Eastern Asia,76009,1.0,127.81,-10.83,5.0,4.0,Shipping on time,0,1.0,1,11,4.858338450407997,0,0,0,1
4587,2016-05-14,2016-05-19,South Asia,13151,2.0,723.32,66.11,5.0,4.0,Late delivery,0,1.0,1,5,6.585233283687648,0,0,0,1
4588,2016-05-14,2016-05-17,Central America,52398,4.0,199.55,-0.37,3.0,4.0,Shipping on time,0,-1.0,0,5,5.301063592216062,0,0,0,1
4589,2017-08-03,2017-08-09,US Center,12190,5.0,79.94,-12.47,6.0,4.0,Late delivery,0,2.0,1,8,4.393708139447719,0,0,0,1
4590,2015-11-02,2015-11-08,Eastern Asia,21916,3.0,149.29,31.84,6.0,4.0,Late delivery,1,2.0,1,11,5.012566760946003,0,0,0,1
4591,2017-07-08,2017-07-10,South Asia,71647,3.0,101.93,16.47,2.0,2.0,Shipping on time,0,0.0,0,7,4.6340491455384685,0,0,1,0
4592,2015-02-25,2015-02-28,South Asia,63742,5.0,364.68,53.56,3.0,2.0,Late delivery,0,1.0,1,2,5.901758634023489,0,0,1,0
4593,2015-07-28,2015-07-31,West Europe,88252,1.0,177.04,-25.04,3.0,4.0,Shipping on time,0,-1.0,0,7,5.182008244147654,0,0,0,1
4594,2017-09-22,2017-09-27,Central America,Unknown,1.0,316.16,63.73,5.0,4.0,Late delivery,0,1.0,1,9,5.759406378404198,0,0,0,1
4595,2016-03-31,2016-04-05,US Center,52335,2.0,163.49,8.66,5.0,4.0,Late delivery,0,1.0,1,3,5.1028497780840665,0,0,0,1
4597,2017-01-05,2017-01-10,South Asia,34351,1.0,190.02,-0.34,5.0,2.0,Late delivery,0,3.0,1,1,5.252378134606592,0,0,1,0
4598,2015-05-15,2015-05-20,West Europe,80881,1.0,175.65,11.98,5.0,4.0,Late delivery,0,1.0,1,5,5.174170373805154,0,0,0,1
4599,2016-04-05,2016-04-07,South Asia,60376,2.0,80.51,9.7,2.0,1.0,Late delivery,0,1.0,1,4,4.400725712106366,1,0,0,0
4600,2015-02-01,2015-02-07,Central America,52220,5.0,115.26,32.31,6.0,4.0,Late delivery,0,2.0,1,2,4.755829062273205,0,0,0,1
4601,2017-07-28,2017-08-04,US Center,70202,3.0,187.56,29.31,7.0,4.0,Late delivery,0,3.0,1,7,5.239416258627876,0,0,0,1
4602,2015-07-10,2015-07-13,West Europe,35119,3.0,110.18,-19.67,3.0,2.0,Late delivery,0,1.0,1,7,4.711150509525323,0,0,1,0
4603,2015-07-20,2015-07-22,South Asia,66535,3.0,660.25,42.68,2.0,1.0,Late delivery,0,1.0,1,7,6.494131983172509,1,0,0,0
4605,2017-09-02,2017-09-09,Eastern Asia,31075,3.0,93.98,2.15,7.0,4.0,Late delivery,0,3.0,1,9,4.553666343120976,0,0,0,1
4606,2016-12-05,2016-12-09,West Europe,59736,1.0,268.44,-47.11,4.0,4.0,Shipping on time,0,0.0,0,12,5.596345731053962,0,0,0,1
4607,2016-09-13,2016-09-16,Central America,82132,5.0,108.02,40.07,3.0,4.0,Shipping on time,0,-1.0,0,9,4.691531351636135,0,0,0,1
4608,2016-05-29,2016-05-31,West Europe,25034,5.0,189.47,21.39,2.0,0.0,Late delivery,0,2.0,1,5,5.249494701850468,0,1,0,0
4609,2016-09-05,2016-09-09,West Europe,56012,1.0,140.34,-12.66,4.0,2.0,Late delivery,0,2.0,1,9,4.951168335262708,0,0,1,0
4611,2016-11-14,2016-11-19,Eastern Asia,62210,2.0,341.39,-57.9,5.0,4.0,Late delivery,0,1.0,1,11,5.835950438233619,0,0,0,1
4612,2016-10-17,2016-10-18,West Europe,78411,5.0,156.8,-24.76,1.0,0.0,Late delivery,0,1.0,1,10,5.061328408411774,0,1,0,0
4614,2016-02-16,2016-02-19,South Asia,10444,1.0,121.09,-10.12,3.0,4.0,Shipping on time,0,-1.0,0,2,4.804758477680764,0,0,0,1
4615,2016-03-19,2016-03-24,Oceania,31471,1.0,63.05,9.96,5.0,2.0,Late delivery,0,3.0,1,3,4.1596640283427435,0,0,1,0
4616,2016-02-29,2016-03-03,US Center,87152,3.0,70.38,25.35,3.0,1.0,Late delivery,0,2.0,1,2,4.268017718062014,1,0,0,0
4617,2015-08-07,2015-08-07,West Europe,11175,3.0,108.74,2.04,0.0,1.0,Shipping on time,0,-1.0,0,8,4.69811393163083,1,0,0,0
4618,2016-03-30,2016-04-02,Oceania,58718,4.0,132.93,46.52,3.0,4.0,Shipping on time,0,-1.0,0,3,4.897317275399031,0,0,0,1
4619,2017-03-16,2017-03-21,US Center,82804,1.0,153.42,-5.82,5.0,4.0,Late delivery,0,1.0,1,3,5.03967616288067,0,0,0,1
4620,2015-07-15,2015-07-18,Oceania,76146,1.0,201.93,-1.31,3.0,0.0,Late delivery,0,3.0,1,7,5.312861091988878,0,1,0,0
4621,2015-11-28,2015-12-02,Eastern Asia,63714,4.0,70.41,8.84,4.0,4.0,Shipping on time,0,0.0,0,11,4.268437915561019,0,0,0,1
4622,2015-05-15,2015-05-19,Oceania,64363,3.0,170.32,51.46,4.0,4.0,Shipping on time,0,0.0,0,5,5.14353315274717,0,0,0,1
4623,2015-05-24,2015-05-31,US Center,47918,3.0,71.46,15.05,7.0,4.0,Late delivery,0,3.0,1,5,4.283034685466931,0,0,0,1
4624,2017-04-09,2017-04-12,US Center,40682,5.0,98.47,2.75,3.0,1.0,Late delivery,0,2.0,1,4,4.599856091164322,1,0,0,0
4625,2017-06-08,2017-06-11,US Center,19891,2.0,691.72,-18.27,3.0,1.0,Late delivery,0,2.0,1,6,6.540625877139546,1,0,0,0
4626,2016-03-02,2016-03-06,Eastern Asia,11497,2.0,318.73,1.79,4.0,4.0,Shipping on time,0,0.0,0,3,5.767476889636389,0,0,0,1
4628,2016-01-12,2016-01-13,Eastern Asia,25393,2.0,151.34,-5.64,1.0,2.0,Shipping on time,1,-1.0,0,1,5.026114864944642,0,0,1,0
4629,2017-08-08,2017-08-08,West Europe,22517,3.0,347.72,-33.45,0.0,0.0,Shipping on time,0,0.0,0,8,5.854269307930137,0,1,0,0
4630,2017-09-12,2017-09-17,Eastern Asia,56113,2.0,253.04,-10.35,5.0,4.0,Late delivery,0,1.0,1,9,5.537491734934774,0,0,0,1
4631,2016-03-21,2016-03-22,US Center,59163,1.0,358.01,12.91,1.0,2.0,Shipping on time,0,-1.0,0,3,5.883350243253535,0,0,1,0
4632,2016-07-17,2016-07-19,South Asia,51509,3.0,127.91,47.65,2.0,1.0,Late delivery,0,1.0,1,7,4.859114486455013,1,0,0,0
4633,2016-10-12,2016-10-13,Eastern Asia,47857,3.0,137.7,11.85,1.0,2.0,Shipping on time,0,-1.0,0,10,4.932313327320786,0,0,1,0
4634,2016-02-08,2016-02-14,Oceania,56991,2.0,88.61,28.99,6.0,4.0,Late delivery,0,2.0,1,2,4.495466920896128,0,0,0,1
4635,2017-02-24,2017-03-03,South Asia,32907,2.0,210.63,70.96,7.0,4.0,Late delivery,0,3.0,1,2,5.354839466872362,0,0,0,1
4636,2015-04-10,2015-04-14,US Center,47623,3.0,69.95,10.73,4.0,2.0,Late delivery,0,2.0,1,4,4.261975403606051,0,0,1,0
4637,2016-05-30,2016-06-03,US Center,20547,1.0,109.72,26.08,4.0,1.0,Late delivery,0,3.0,1,5,4.707004491869359,1,0,0,0
4638,2016-06-20,2016-06-23,US Center,13729,5.0,195.43,-23.23,3.0,0.0,Late delivery,0,3.0,1,6,5.280306133746185,0,1,0,0
4639,2017-08-02,2017-08-08,Oceania,10819,1.0,109.64,5.45,6.0,4.0,Late delivery,0,2.0,1,8,4.706281687356503,0,0,0,1
4640,2016-05-02,2016-05-07,Oceania,54078,1.0,182.77,-24.86,5.0,4.0,Late delivery,0,1.0,1,5,5.213684975707333,0,0,0,1
4641,2017-03-20,2017-03-23,US Center,93865,5.0,443.63,-60.04,3.0,2.0,Late delivery,0,1.0,1,3,6.097242475636933,0,0,1,0
4642,2017-03-19,2017-03-21,West Europe,89148,5.0,82.19,7.69,2.0,1.0,Late delivery,0,1.0,1,3,4.421127148295796,1,0,0,0
4643,2017-06-10,2017-06-15,West Europe,86252,3.0,344.53,103.38,5.0,4.0,Late delivery,0,1.0,1,6,5.845079470118333,0,0,0,1
4644,2016-07-29,2016-07-30,Eastern Asia,54506,4.0,98.52,-14.56,1.0,2.0,Shipping on time,0,-1.0,0,7,4.600358628990869,0,0,1,0
4645,2016-06-15,2016-06-20,West Europe,58224,3.0,84.73,-15.22,5.0,4.0,Late delivery,0,1.0,1,6,4.451202822690664,0,0,0,1
4646,2016-09-03,2016-09-03,South Asia,36351,4.0,169.91,51.4,0.0,0.0,Shipping on time,0,0.0,0,9,5.141137102160414,0,1,0,0
4647,2015-05-10,2015-05-17,West Europe,19923,3.0,275.09,18.98,7.0,4.0,Late delivery,0,3.0,1,5,5.620726899518875,0,0,0,1
4648,2016-05-28,2016-05-31,South Asia,42536,2.0,96.71,-12.21,3.0,4.0,Shipping on time,0,-1.0,0,5,4.582003907956252,0,0,0,1
4649,2015-06-22,2015-06-23,South Asia,39866,2.0,95.85,32.44,1.0,2.0,Shipping on time,0,-1.0,0,6,4.573163389853005,0,0,1,0
4650,2017-09-01,2017-09-08,Oceania,93522,4.0,114.01,14.76,7.0,4.0,Late delivery,0,3.0,1,9,4.74501908110449,0,0,0,1
4651,2015-05-27,2015-05-30,West Europe,97189,5.0,96.35,24.19,3.0,4.0,Shipping on time,0,-1.0,0,5,4.578312731818208,0,0,0,1
4652,2015-11-09,2015-11-12,Eastern Asia,13277,1.0,166.2,58.06,3.0,4.0,Shipping on time,0,-1.0,0,11,5.119190700650601,0,0,0,1
4653,2016-06-18,2016-06-23,West Europe,77314,3.0,96.79,-11.64,5.0,4.0,Late delivery,0,1.0,1,6,4.5828223223241835,0,0,0,1
4654,2016-09-19,2016-09-22,US Center,46805,1.0,127.4,-13.65,3.0,4.0,Shipping on time,0,-1.0,0,9,4.855150391255861,0,0,0,1
4655,2017-08-08,2017-08-11,US Center,10254,3.0,183.55,66.52,3.0,4.0,Shipping on time,0,-1.0,0,8,5.217920429476008,0,0,0,1
4656,2015-05-13,2015-05-18,South Asia,62677,3.0,932.5600000000057,-14.84,5.0,4.0,Late delivery,0,1.0,1,5,6.839005235153027,0,0,0,1
4657,2016-07-06,2016-07-13,Central America,82265,5.0,296.61,45.62,7.0,4.0,Late delivery,0,3.0,1,7,5.6957839045449346,0,0,0,1
4658,2017-03-14,2017-03-19,Eastern Asia,93109,2.0,98.89,12.83,5.0,2.0,Late delivery,0,3.0,1,3,4.604069580544058,0,0,1,0
4659,2016-03-05,2016-03-05,West Europe,40555,1.0,93.41,-6.5,0.0,1.0,Shipping on time,0,-1.0,0,3,4.547646999744425,1,0,0,0
4660,2016-06-17,2016-06-21,US Center,71403,2.0,504.12,-10.84,4.0,4.0,Shipping on time,0,0.0,0,6,6.224796024809682,0,0,0,1
4661,2015-04-23,2015-04-30,West Europe,15923,1.0,149.29,-48.78,7.0,4.0,Late delivery,1,3.0,1,4,5.012566760946003,0,0,0,1
4662,2015-10-30,2015-10-30,US Center,22423,2.0,154.9,16.76,0.0,0.0,Shipping on time,0,0.0,0,10,5.049214776063731,0,1,0,0
4663,2016-01-11,2016-01-15,Central America,37819,5.0,149.29,174.0700000000001,4.0,4.0,Shipping on time,1,0.0,0,1,5.012566760946003,0,0,0,1
4664,2017-03-21,2017-03-28,Eastern Asia,17320,2.0,182.04,-34.61,7.0,4.0,Late delivery,0,3.0,1,3,5.209704708191433,0,0,0,1
4665,2015-07-04,2015-07-07,Oceania,54535,5.0,109.27,32.1,3.0,4.0,Shipping on time,0,-1.0,0,7,4.702931903770587,0,0,0,1
4666,2015-01-07,2015-01-08,Central America,16609,3.0,222.63,-10.52,1.0,2.0,Shipping on time,0,-1.0,0,1,5.409992900438626,0,0,1,0
4667,2016-04-01,2016-04-06,US Center,25080,5.0,178.15,20.77,5.0,4.0,Late delivery,0,1.0,1,4,5.188223443750963,0,0,0,1
4668,2016-02-13,2016-02-20,West Europe,53067,5.0,320.25,-51.51,7.0,4.0,Late delivery,0,3.0,1,2,5.77221963620943,0,0,0,1
4669,2016-04-03,2016-04-07,Eastern Asia,69718,1.0,49.12,-0.07,4.0,2.0,Late delivery,0,2.0,1,4,3.9144201300278674,0,0,1,0
4670,2015-05-02,2015-05-09,US Center,72626,5.0,240.85,-34.88,7.0,4.0,Late delivery,0,3.0,1,5,5.488317699268992,0,0,0,1
4671,2017-07-23,2017-07-30,Eastern Asia,79795,1.0,164.03,25.14,7.0,4.0,Late delivery,0,3.0,1,7,5.106127275555476,0,0,0,1
4672,2015-12-14,2015-12-20,Central America,76083,3.0,98.28,-0.69,6.0,4.0,Late delivery,0,2.0,1,12,4.5979441408963515,0,0,0,1
4673,2016-01-31,2016-02-05,West Europe,66395,4.0,114.75,40.25,5.0,4.0,Late delivery,0,1.0,1,1,4.751432692966343,0,0,0,1
4674,2015-12-24,2015-12-31,South Asia,67115,1.0,116.41,-14.07,7.0,4.0,Late delivery,0,3.0,1,12,4.76567208264212,0,0,0,1
4675,2017-06-02,2017-06-07,Oceania,67890,4.0,67.12,8.45,5.0,2.0,Late delivery,0,3.0,1,6,4.221270855794487,0,0,1,0
4676,2017-07-22,2017-07-27,Oceania,41448,2.0,105.18,39.29,5.0,4.0,Late delivery,0,1.0,1,7,4.665135767155525,0,0,0,1
4677,2015-02-11,2015-02-18,Eastern Asia,60874,2.0,237.36,-6.39,7.0,4.0,Late delivery,0,3.0,1,2,5.473782135878778,0,0,0,1
4678,2015-01-29,2015-02-01,US Center,58107,5.0,151.34,19.24,3.0,2.0,Late delivery,1,1.0,1,1,5.026114864944642,0,0,1,0
4679,2015-12-13,2015-12-17,West Europe,86729,3.0,118.44,46.73,4.0,1.0,Late delivery,0,3.0,1,12,4.782814153230935,1,0,0,0
4680,2017-01-01,2017-01-03,Central America,17872,1.0,36.216,-5.39,2.0,2.0,Shipping on time,0,0.0,0,1,3.6167387763362537,0,0,1,0
4681,2016-12-22,2016-12-26,US Center,42840,1.0,105.08,12.95,4.0,4.0,Shipping on time,0,0.0,0,12,4.664193526437552,0,0,0,1
4682,2015-01-21,2015-01-22,South Asia,19118,5.0,187.7,9.43,1.0,1.0,Shipping on time,0,0.0,0,1,5.240158452374504,1,0,0,0
4683,2016-03-22,2016-03-27,Eastern Asia,89170,2.0,144.02,12.67,5.0,4.0,Late delivery,0,1.0,1,3,4.976871663943447,0,0,0,1
4684,2017-07-23,2017-07-23,Eastern Asia,13346,3.0,152.4,44.0,0.0,1.0,Shipping on time,0,-1.0,0,7,5.0330488889331555,1,0,0,0
4685,2015-03-21,2015-03-24,Oceania,54720,4.0,75.87,21.05,3.0,4.0,Shipping on time,0,-1.0,0,3,4.34211568336104,0,0,0,1
4686,2017-07-22,2017-07-27,Eastern Asia,15385,4.0,208.93,-9.28,5.0,4.0,Late delivery,0,1.0,1,7,5.346774141816231,0,0,0,1
4687,2015-12-23,2015-12-24,Central America,90325,5.0,86.32,12.67,1.0,1.0,Shipping on time,0,0.0,0,12,4.4695795316817435,1,0,0,0
4688,2016-11-08,2016-11-13,Central America,81708,4.0,256.01,95.9,5.0,2.0,Late delivery,0,3.0,1,11,5.5491149946440625,0,0,1,0
4689,2016-07-07,2016-07-07,US Center,84455,1.0,168.54,-10.26,0.0,0.0,Shipping on time,0,0.0,0,7,5.13308888718026,0,1,0,0
4690,2015-04-09,2015-04-11,Central America,35175,3.0,117.9,-9.9,2.0,1.0,Late delivery,0,1.0,1,4,4.778282803696737,1,0,0,0
4691,2017-08-13,2017-08-16,West Europe,27422,2.0,361.98,49.53,3.0,4.0,Shipping on time,0,-1.0,0,8,5.894347736328255,0,0,0,1
4692,2015-10-09,2015-10-12,West Europe,81922,5.0,117.11,4.77,3.0,4.0,Shipping on time,0,-1.0,0,10,4.771616393623756,0,0,0,1
4693,2015-08-26,2015-08-31,Eastern Asia,77757,1.0,274.42,-7.43,5.0,2.0,Late delivery,0,3.0,1,8,5.61829720529898,0,0,1,0
4694,2015-03-18,2015-03-23,West Europe,62489,5.0,932.5600000000057,174.0700000000001,5.0,4.0,Late delivery,0,1.0,1,3,6.839005235153027,0,0,0,1
4695,2015-03-31,2015-04-04,Eastern Asia,57184,5.0,148.48,55.07,4.0,4.0,Shipping on time,0,0.0,0,3,5.0071626046172835,0,0,0,1
4697,2017-01-27,2017-01-30,Central America,28037,2.0,193.06,-24.26,3.0,4.0,Shipping on time,0,-1.0,0,1,5.268167389597154,0,0,0,1
4698,2016-12-09,2016-12-15,South Asia,13613,5.0,149.29,10.69,6.0,4.0,Late delivery,1,2.0,1,12,5.012566760946003,0,0,0,1
4699,2016-09-07,2016-09-10,Eastern Asia,40010,1.0,138.26,16.45,3.0,4.0,Shipping on time,0,-1.0,0,9,4.936342689514401,0,0,0,1
4700,2015-06-22,2015-06-25,West Europe,Unknown,1.0,168.59,55.44,3.0,4.0,Late delivery,0,-1.0,0,6,5.1333837593553096,0,0,0,1
4701,2015-12-16,2015-12-19,Eastern Asia,80883,4.0,156.29,58.23,3.0,4.0,Shipping on time,0,-1.0,0,12,5.058091235252551,0,0,0,1
4702,2017-09-19,2017-09-24,Oceania,94811,3.0,122.06,14.87,5.0,4.0,Late delivery,0,1.0,1,9,4.812672041312344,0,0,0,1
4703,2016-01-27,2016-01-30,Eastern Asia,37916,1.0,79.71,15.13,3.0,1.0,Late delivery,0,2.0,1,1,4.390862483336281,1,0,0,0
4704,2015-09-22,2015-09-26,Central America,42042,5.0,36.216,4.29,4.0,4.0,Shipping on time,0,0.0,0,9,3.6167387763362537,0,0,0,1
4705,2015-11-24,2015-11-29,Oceania,54100,4.0,138.84,-27.37,5.0,4.0,Late delivery,0,1.0,1,11,4.940498911907225,0,0,0,1
4706,2016-08-19,2016-08-25,Eastern Asia,38068,2.0,128.34,17.93,6.0,4.0,Late delivery,0,2.0,1,8,4.862444596018447,0,0,0,1
4707,2016-10-25,2016-10-30,Eastern Asia,53818,3.0,307.53,65.73,5.0,4.0,Late delivery,0,1.0,1,10,5.731819083350057,0,0,0,1
4708,2015-08-06,2015-08-06,US Center,71293,2.0,194.39,1.75,0.0,0.0,Shipping on time,0,0.0,0,8,5.27499756122642,0,1,0,0
4709,2017-05-15,2017-05-20,South Asia,80386,5.0,149.29,49.8,5.0,4.0,Late delivery,1,1.0,1,5,5.012566760946003,0,0,0,1
4710,2016-03-17,2016-03-20,South Asia,47381,5.0,420.86,22.66,3.0,1.0,Late delivery,0,2.0,1,3,6.044673505439125,1,0,0,0
4711,2015-10-27,2015-11-03,Eastern Asia,15253,2.0,139.22,48.76,7.0,4.0,Late delivery,0,3.0,1,10,4.943212617778822,0,0,0,1
4712,2016-01-23,2016-01-28,Oceania,72419,4.0,89.64,7.78,5.0,2.0,Late delivery,0,3.0,1,1,4.506895616719751,0,0,1,0
4713,2017-06-28,2017-06-30,Eastern Asia,77310,4.0,242.47,33.54,2.0,2.0,Shipping on time,0,0.0,0,6,5.494993731647075,0,0,1,0
4714,2016-08-14,2016-08-17,South Asia,37242,5.0,103.86,-9.92,3.0,4.0,Shipping on time,0,-1.0,0,8,4.652626127144386,0,0,0,1
4715,2016-02-23,2016-02-28,South Asia,11941,5.0,127.48,30.1,5.0,4.0,Late delivery,0,1.0,1,2,4.855773250198451,0,0,0,1
4716,2017-06-25,2017-06-29,Eastern Asia,51923,5.0,352.18,27.21,4.0,4.0,Shipping on time,0,0.0,0,6,5.866977841984978,0,0,0,1
4717,2016-05-06,2016-05-12,Eastern Asia,75803,5.0,206.9,-22.33,6.0,4.0,Late delivery,0,2.0,1,5,5.337057194863967,0,0,0,1
4718,2015-02-15,2015-02-19,Eastern Asia,87432,5.0,286.88,30.87,4.0,4.0,Shipping on time,0,0.0,0,2,5.662543726639604,0,0,0,1
4719,2015-09-14,2015-09-21,Eastern Asia,17414,3.0,66.12,-4.75,7.0,4.0,Late delivery,0,3.0,1,9,4.206482062158951,0,0,0,1
4720,2017-08-18,2017-08-21,Central America,25779,1.0,151.74,1.27,3.0,4.0,Shipping on time,0,-1.0,0,8,5.0287371294602385,0,0,0,1
4721,2015-03-28,2015-04-04,Eastern Asia,57535,5.0,290.76,-9.21,7.0,4.0,Late delivery,0,3.0,1,3,5.675931546500425,0,0,0,1
4722,2016-11-26,2016-11-30,South Asia,29173,3.0,68.87,7.37,4.0,4.0,Shipping on time,0,0.0,0,11,4.246636372564359,0,0,0,1
4723,2015-07-21,2015-07-28,Eastern Asia,98520,5.0,167.35,23.7,7.0,4.0,Late delivery,0,3.0,1,7,5.126045145607083,0,0,0,1
4724,2015-05-02,2015-05-09,US Center,23681,3.0,189.36,52.53,7.0,4.0,Late delivery,0,3.0,1,5,5.24891701625291,0,0,0,1
4725,2015-09-08,2015-09-09,Central America,25811,2.0,37.26,4.03,1.0,2.0,Shipping on time,0,-1.0,0,9,3.644404964012107,0,0,1,0
4726,2015-12-24,2015-12-31,Eastern Asia,19469,3.0,387.33,127.01,7.0,4.0,Late delivery,0,3.0,1,12,5.961855493603864,0,0,0,1
4727,2016-03-13,2016-03-16,West Europe,52227,3.0,96.87,29.17,3.0,0.0,Late delivery,0,3.0,1,3,4.583640067437728,0,1,0,0
4728,2017-05-12,2017-05-16,US Center,96171,5.0,136.79,-23.67,4.0,4.0,Shipping on time,0,0.0,0,5,4.925730787005811,0,0,0,1
4729,2016-05-08,2016-05-12,Eastern Asia,52057,3.0,407.01,3.41,4.0,1.0,Late delivery,0,3.0,1,5,6.011291683907723,1,0,0,0
4730,2016-04-12,2016-04-15,West Europe,68360,5.0,50.79,-7.15,3.0,4.0,Shipping on time,0,-1.0,0,4,3.9471970804358,0,0,0,1
4731,2017-04-24,2017-04-28,Eastern Asia,96854,3.0,196.39,62.95,4.0,4.0,Shipping on time,0,0.0,0,4,5.285181467154896,0,0,0,1
4732,2017-01-23,2017-01-26,Oceania,14982,4.0,113.67,-19.91,3.0,4.0,Shipping on time,0,-1.0,0,1,4.742058438050213,0,0,0,1
4733,2015-12-26,2015-12-30,Eastern Asia,67016,5.0,152.59,-8.44,4.0,1.0,Late delivery,0,3.0,1,12,5.0342867144275365,1,0,0,0
4734,2015-07-25,2015-07-29,US Center,26658,1.0,90.93,13.8,4.0,4.0,Shipping on time,0,0.0,0,7,4.521027417875663,0,0,0,1
4735,2017-02-04,2017-02-08,West Europe,88527,5.0,337.04,-42.57,4.0,1.0,Late delivery,0,3.0,1,2,5.823164231676282,1,0,0,0
4736,2016-09-14,2016-09-18,Oceania,54942,3.0,932.5600000000057,174.0700000000001,4.0,2.0,Late delivery,0,2.0,1,9,6.839005235153027,0,0,1,0
4737,2015-09-11,2015-09-17,South Asia,87649,2.0,184.73,-7.15,6.0,4.0,Late delivery,0,2.0,1,9,5.22429400619925,0,0,0,1
4738,2017-03-10,2017-03-14,US Center,49961,5.0,205.76,-27.78,4.0,4.0,Shipping on time,0,0.0,0,3,5.331558700327839,0,0,0,1
4739,2016-04-23,2016-04-29,Central America,12316,4.0,140.69,-17.72,6.0,4.0,Late delivery,0,2.0,1,4,4.953641572576135,0,0,0,1
4740,2017-04-19,2017-04-26,West Europe,84934,3.0,126.18,5.99,7.0,4.0,Late delivery,0,3.0,1,4,4.845603405839261,0,0,0,1
4741,2015-03-18,2015-03-23,West Europe,55619,3.0,126.81,11.29,5.0,2.0,Late delivery,0,3.0,1,3,4.850544786143623,0,0,1,0
4742,2015-11-09,2015-11-12,West Europe,12711,2.0,274.72,45.45,3.0,4.0,Shipping on time,0,-1.0,0,11,5.619385858017451,0,0,0,1
4743,2017-06-11,2017-06-15,Eastern Asia,68119,1.0,195.04,-27.45,4.0,1.0,Late delivery,0,3.0,1,6,5.278318720041347,1,0,0,0
4744,2016-08-15,2016-08-20,Eastern Asia,25043,1.0,141.57,-13.5,5.0,4.0,Late delivery,0,1.0,1,8,4.95983310716587,0,0,0,1
4745,2015-12-19,2015-12-25,Eastern Asia,21555,3.0,77.26,-1.03,6.0,4.0,Late delivery,0,2.0,1,12,4.360036616782266,0,0,0,1
4746,2015-11-29,2015-12-04,Central America,50933,1.0,163.6,-26.26,5.0,2.0,Late delivery,0,3.0,1,11,5.103518288242969,0,0,1,0
4747,2016-10-02,2016-10-05,Oceania,49210,5.0,204.78,-30.46,3.0,4.0,Shipping on time,0,-1.0,0,10,5.326807636947664,0,0,0,1
4748,2017-07-10,2017-07-13,West Europe,23066,1.0,145.87,0.96,3.0,2.0,Late delivery,0,1.0,1,7,4.989547841765771,0,0,1,0
4749,2016-07-15,2016-07-19,Oceania,65760,1.0,352.28,8.37,4.0,4.0,Shipping on time,0,0.0,0,7,5.867260943648676,0,0,0,1
4750,2015-10-05,2015-10-10,South Asia,25069,5.0,149.29,11.6,5.0,4.0,Late delivery,1,1.0,1,10,5.012566760946003,0,0,0,1
4751,2016-05-03,2016-05-06,Eastern Asia,60491,4.0,664.09,174.0700000000001,3.0,4.0,Shipping on time,0,-1.0,0,5,6.499922369844311,0,0,0,1
4752,2017-06-06,2017-06-11,Eastern Asia,39591,4.0,133.22,-14.2,5.0,4.0,Late delivery,0,1.0,1,6,4.899480244730094,0,0,0,1
4753,2015-08-28,2015-08-30,Eastern Asia,62971,3.0,75.04,18.59,2.0,1.0,Late delivery,0,1.0,1,8,4.331259517620229,1,0,0,0
4754,2017-06-27,2017-06-30,South Asia,20379,4.0,52.21,-9.27,5.0,4.0,Shipping on time,0,1.0,1,6,3.9742463486082777,0,0,0,1
4755,2017-04-04,2017-04-07,Eastern Asia,37822,4.0,250.34,-22.15,3.0,4.0,Late delivery,0,-1.0,0,4,5.526806604186999,0,0,0,1
4757,2016-04-17,2016-04-19,Central America,74060,5.0,130.59,-21.27,2.0,1.0,Late delivery,0,1.0,1,4,4.879691028162049,1,0,0,0
4758,2016-06-10,2016-06-16,West Europe,11809,3.0,144.45,-13.72,6.0,4.0,Late delivery,0,2.0,1,6,4.9798323849412105,0,0,0,1
4759,2015-05-12,2015-05-15,Central America,70301,4.0,164.66,20.96,3.0,0.0,Late delivery,0,3.0,1,5,5.109937495170118,0,1,0,0
4760,2016-11-24,2016-11-29,Eastern Asia,16886,4.0,115.37,30.51,5.0,4.0,Late delivery,0,1.0,1,11,4.756774770119986,0,0,0,1
4761,2015-04-10,2015-04-15,South Asia,96150,5.0,297.29,101.28,5.0,2.0,Late delivery,0,3.0,1,4,5.698066167660092,0,0,1,0
4762,2017-09-14,2017-09-21,West Europe,50098,5.0,216.61,76.17,7.0,4.0,Late delivery,0,3.0,1,9,5.382704469808202,0,0,0,1
4763,2016-05-18,2016-05-21,South Asia,54441,4.0,138.44,-1.31,3.0,4.0,Shipping on time,0,-1.0,0,5,4.937634401211765,0,0,0,1
4764,2016-01-21,2016-01-25,Central America,32087,4.0,55.64,17.02,4.0,4.0,Shipping on time,0,0.0,0,1,4.036715449385464,0,0,0,1
4765,2016-07-19,2016-07-23,West Europe,86040,5.0,338.73,52.07,4.0,2.0,Late delivery,0,2.0,1,7,5.8281511844847005,0,0,1,0
4766,2015-03-25,2015-03-28,US Center,75879,1.0,111.73,22.59,3.0,4.0,Shipping on time,0,-1.0,0,3,4.72499557905644,0,0,0,1
4767,2015-10-04,2015-10-05,South Asia,51481,1.0,79.96,16.67,1.0,2.0,Shipping on time,0,-1.0,0,10,4.3939552055391555,0,0,1,0
4768,2016-04-10,2016-04-13,South Asia,62844,5.0,322.72,-15.64,3.0,0.0,Late delivery,0,3.0,1,4,5.779878944627502,0,1,0,0
4769,2015-08-23,2015-08-30,West Europe,45367,2.0,200.78,72.88,7.0,4.0,Late delivery,0,3.0,1,8,5.307177994980234,0,0,0,1
4771,2017-04-10,2017-04-11,Oceania,12831,3.0,54.88,-7.86,1.0,2.0,Shipping on time,0,-1.0,0,4,4.023206534388761,0,0,1,0
4772,2015-05-09,2015-05-15,Eastern Asia,72276,4.0,117.28,10.86,6.0,4.0,Late delivery,0,2.0,1,5,4.7730546949842765,0,0,0,1
4773,2016-11-14,2016-11-17,South Asia,87655,5.0,70.01,9.74,5.0,4.0,Shipping on time,0,1.0,1,11,4.262820712194002,0,0,0,1
4774,2015-02-08,2015-02-14,Eastern Asia,86789,2.0,135.72,18.92,6.0,4.0,Late delivery,0,2.0,1,2,4.917935038807335,0,0,0,1
4775,2015-05-24,2015-05-26,West Europe,60274,2.0,715.69,111.54,2.0,2.0,Shipping on time,0,0.0,0,5,6.574643390063129,0,0,1,0
4777,2017-03-18,2017-03-18,Oceania,34914,3.0,145.28,18.15,0.0,1.0,Shipping on time,0,-1.0,0,3,4.98552259328118,1,0,0,0
4778,2017-01-16,2017-01-16,West Europe,35094,1.0,240.95,62.23,0.0,1.0,Shipping on time,0,-1.0,0,1,5.488731093239328,1,0,0,0
4779,2015-02-27,2015-03-05,US Center,21819,1.0,254.32,60.87,6.0,4.0,Late delivery,0,2.0,1,2,5.5425176603878565,0,0,0,1
4780,2017-04-13,2017-04-13,West Europe,75718,1.0,138.73,18.36,0.0,1.0,Shipping on time,0,-1.0,0,4,4.939711989092356,1,0,0,0
4781,2017-04-23,2017-04-25,Central America,94479,2.0,932.5600000000057,174.0700000000001,2.0,2.0,Shipping on time,0,0.0,0,4,6.839005235153027,0,0,1,0
4782,2016-10-07,2016-10-14,South Asia,53960,5.0,284.16,95.85,7.0,4.0,Late delivery,0,3.0,1,10,5.653050426249428,0,0,0,1
4783,2017-04-16,2017-04-18,South Asia,36017,5.0,134.04,-7.26,2.0,0.0,Late delivery,0,2.0,1,4,4.905571030847647,0,1,0,0
4784,2016-08-18,2016-08-22,Eastern Asia,23018,1.0,195.82,51.29,4.0,4.0,Shipping on time,0,0.0,0,8,5.282289605470839,0,0,0,1
4785,2015-05-04,2015-05-09,Eastern Asia,56517,1.0,228.09,7.28,5.0,2.0,Late delivery,0,3.0,1,5,5.434114939445257,0,0,1,0
4786,2017-01-07,2017-01-11,South Asia,10820,1.0,91.79,18.18,4.0,2.0,Late delivery,0,2.0,1,1,4.530338875365088,0,0,1,0
4787,2017-09-18,2017-09-20,West Europe,80583,3.0,410.67,162.32,2.0,1.0,Late delivery,0,1.0,1,9,6.020222057527178,1,0,0,0
4788,2015-11-08,2015-11-09,South Asia,28717,5.0,156.06,8.97,1.0,2.0,Shipping on time,0,-1.0,0,11,5.056627897946728,0,0,1,0
4789,2017-06-19,2017-06-20,Central America,15264,2.0,170.73,49.76,1.0,0.0,Late delivery,0,1.0,1,6,5.145923475995771,0,1,0,0
4790,2016-04-02,2016-04-06,South Asia,75405,1.0,115.03,5.99,4.0,4.0,Shipping on time,0,0.0,0,4,4.753848778359454,0,0,0,1
4791,2015-06-28,2015-07-05,US Center,16105,1.0,228.54,-11.8,7.0,4.0,Late delivery,0,3.0,1,6,5.436077306252522,0,0,0,1
4792,2016-08-08,2016-08-13,Central America,71252,5.0,274.01,-28.15,5.0,4.0,Late delivery,0,1.0,1,8,5.616807460641794,0,0,0,1
4793,2016-10-15,2016-10-19,US Center,54349,5.0,106.76,35.17,4.0,4.0,Shipping on time,0,0.0,0,10,4.679906532102109,0,0,0,1
4794,2017-05-08,2017-05-14,US Center,73448,4.0,211.99,81.52,6.0,4.0,Late delivery,0,2.0,1,5,5.361245216250509,0,0,0,1
4795,2016-04-09,2016-04-16,Central America,Unknown,2.0,114.93,29.46,7.0,4.0,Late delivery,0,3.0,1,4,4.75298656068231,0,0,0,1
4796,2017-06-28,2017-07-01,Oceania,20513,3.0,71.24,0.51,3.0,4.0,Shipping on time,0,-1.0,0,6,4.27999390910873,0,0,0,1
4797,2015-05-25,2015-05-31,Eastern Asia,70163,2.0,122.43,44.53,6.0,4.0,Late delivery,0,2.0,1,5,4.815674193755838,0,0,0,1
4798,2016-11-30,2016-12-04,Oceania,59310,4.0,215.22,19.38,4.0,4.0,Shipping on time,0,0.0,0,11,5.376296407864626,0,0,0,1
4799,2015-07-26,2015-07-27,South Asia,95088,2.0,208.02,20.38,1.0,2.0,Shipping on time,0,-1.0,0,7,5.342429941166357,0,0,1,0
4800,2016-10-31,2016-11-04,South Asia,14413,2.0,285.56,92.69,4.0,4.0,Shipping on time,0,0.0,0,10,5.657947938312402,0,0,0,1
4801,2015-07-26,2015-07-27,Eastern Asia,96418,5.0,99.56,-18.86,1.0,1.0,Shipping on time,0,0.0,0,7,4.610754564281992,1,0,0,0
4802,2017-01-14,2017-01-16,US Center,89946,5.0,124.45,30.28,2.0,2.0,Shipping on time,0,0.0,0,1,4.8319072728124315,0,0,1,0
4803,2016-11-02,2016-11-08,Eastern Asia,66256,3.0,155.97,8.48,6.0,4.0,Late delivery,0,2.0,1,11,5.056054704287115,0,0,0,1
4804,2016-03-30,2016-04-05,Eastern Asia,80738,4.0,216.81,58.89,6.0,4.0,Late delivery,0,2.0,1,3,5.383623123127137,0,0,0,1
4805,2016-07-26,2016-07-29,Oceania,80005,4.0,139.21,0.83,3.0,4.0,Shipping on time,0,-1.0,0,7,4.94314129873304,0,0,0,1
4806,2017-07-23,2017-07-29,South Asia,70628,2.0,84.37,-8.35,6.0,4.0,Late delivery,0,2.0,1,7,4.446994751022215,0,0,0,1
4807,2017-08-28,2017-09-04,South Asia,19103,3.0,58.85,9.43,7.0,4.0,Late delivery,0,3.0,1,8,4.091841432003982,0,0,0,1
4808,2016-09-16,2016-09-21,US Center,19173,2.0,303.4,50.98,5.0,4.0,Late delivery,0,1.0,1,9,5.718342625987531,0,0,0,1
4809,2015-11-03,2015-11-10,Oceania,71278,1.0,284.04,9.89,7.0,4.0,Late delivery,0,3.0,1,11,5.65262952129758,0,0,0,1
4810,2015-11-06,2015-11-10,Central America,41769,4.0,100.17,1.2,4.0,4.0,Shipping on time,0,0.0,0,11,4.616802270217799,0,0,0,1
4811,2016-04-25,2016-05-01,US Center,94636,2.0,149.29,133.07,6.0,4.0,Late delivery,1,2.0,1,4,5.012566760946003,0,0,0,1
4812,2016-09-04,2016-09-04,West Europe,43141,3.0,143.86,-14.51,0.0,1.0,Shipping on time,0,-1.0,0,9,4.97576775876718,1,0,0,0
4813,2016-01-07,2016-01-14,Central America,90133,2.0,196.47,41.66,7.0,4.0,Late delivery,0,3.0,1,1,5.285586674069219,0,0,0,1
4814,2016-04-11,2016-04-17,US Center,14179,5.0,319.38,9.58,6.0,4.0,Late delivery,0,2.0,1,4,5.7695077912733375,0,0,0,1
4815,2016-01-18,2016-01-23,Eastern Asia,12897,4.0,112.03,44.21,5.0,4.0,Late delivery,0,1.0,1,1,4.72765327020264,0,0,0,1
4816,2015-06-14,2015-06-18,South Asia,41735,2.0,93.81,36.24,4.0,4.0,Shipping on time,0,0.0,0,6,4.551874888929868,0,0,0,1
4817,2016-08-06,2016-08-13,US Center,72727,3.0,52.62,13.49,7.0,4.0,Late delivery,0,3.0,1,8,3.981922132807813,0,0,0,1
4818,2016-10-04,2016-10-08,Central America,74893,1.0,179.72,22.54,4.0,4.0,Shipping on time,0,0.0,0,10,5.196948872159748,0,0,0,1
4819,2017-02-24,2017-03-01,Oceania,39983,3.0,196.18,17.4,5.0,4.0,Late delivery,0,1.0,1,2,5.284117017146896,0,0,0,1
4820,2017-02-10,2017-02-16,Oceania,50669,4.0,251.52,-29.35,6.0,4.0,Late delivery,0,2.0,1,2,5.5314904534994245,0,0,0,1
4821,2016-11-14,2016-11-17,West Europe,70615,2.0,215.28,31.13,3.0,2.0,Late delivery,0,1.0,1,11,5.376573864513804,0,0,1,0
4822,2015-05-23,2015-05-26,Central America,98637,1.0,159.44,49.37,3.0,4.0,Shipping on time,0,-1.0,0,5,5.077920040901852,0,0,0,1
4823,2015-04-26,2015-04-30,US Center,41533,4.0,298.81,80.13,4.0,2.0,Late delivery,0,2.0,1,4,5.703148940682593,0,0,1,0
4824,2015-09-09,2015-09-12,Central America,69581,2.0,80.75,2.03,3.0,4.0,Shipping on time,0,-1.0,0,9,4.403665809777363,0,0,0,1
4825,2015-10-03,2015-10-08,West Europe,82719,3.0,189.32,-17.69,5.0,4.0,Late delivery,0,1.0,1,10,5.248706865994702,0,0,0,1
4826,2015-09-11,2015-09-16,Central America,64873,3.0,203.97,16.46,5.0,4.0,Late delivery,0,1.0,1,9,5.322863626966037,0,0,0,1
4827,2016-09-18,2016-09-22,West Europe,31330,1.0,139.25,-24.71,4.0,4.0,Shipping on time,0,0.0,0,9,4.943426544402806,0,0,0,1
4828,2015-09-01,2015-09-06,West Europe,28377,3.0,423.47,59.41,5.0,4.0,Late delivery,0,1.0,1,9,6.05084133187597,0,0,0,1
4829,2017-01-31,2017-02-04,West Europe,73304,1.0,195.04,43.57,4.0,4.0,Shipping on time,0,0.0,0,1,5.278318720041347,0,0,0,1
4831,2017-05-17,2017-05-22,US Center,15131,5.0,257.07,69.93,5.0,4.0,Late delivery,0,1.0,1,5,5.553230865951049,0,0,0,1
4832,2016-02-14,2016-02-20,South Asia,64183,5.0,134.49,2.88,6.0,4.0,Late delivery,0,2.0,1,2,4.90889783685834,0,0,0,1
4833,2015-12-28,2016-01-01,Central America,73391,2.0,932.5600000000057,174.0700000000001,4.0,4.0,Shipping on time,0,0.0,0,12,6.839005235153027,0,0,0,1
4835,2016-04-03,2016-04-06,Eastern Asia,58551,1.0,151.52,48.32,3.0,1.0,Late delivery,0,2.0,1,4,5.027295734989363,1,0,0,0
4836,2017-05-17,2017-05-20,West Europe,97411,1.0,139.48,54.06,3.0,4.0,Shipping on time,0,-1.0,0,5,4.945065129886807,0,0,0,1
4837,2015-02-18,2015-02-24,Oceania,53412,4.0,80.32,15.46,6.0,4.0,Late delivery,0,2.0,1,2,4.398391988760146,0,0,0,1
4838,2017-05-11,2017-05-14,South Asia,59439,1.0,136.83,9.4,3.0,2.0,Late delivery,0,1.0,1,5,4.926021041706347,0,0,1,0
4839,2016-06-02,2016-06-05,West Europe,54483,2.0,129.96,32.53,3.0,1.0,Late delivery,0,2.0,1,6,4.874891933062879,1,0,0,0
4840,2017-01-09,2017-01-15,US Center,92433,4.0,170.01,38.65,6.0,4.0,Late delivery,0,2.0,1,1,5.141722034324962,0,0,0,1
4841,2015-11-01,2015-11-06,West Europe,16806,3.0,116.17,2.67,5.0,2.0,Late delivery,0,3.0,1,11,4.763625871680064,0,0,1,0
4842,2015-07-04,2015-07-09,Oceania,21594,2.0,211.41,71.85,5.0,2.0,Late delivery,0,3.0,1,7,5.358518369238793,0,0,1,0
4843,2016-06-10,2016-06-14,Central America,60049,5.0,142.62,-17.32,4.0,4.0,Shipping on time,0,0.0,0,6,4.967170922682172,0,0,0,1
4844,2015-04-16,2015-04-19,US Center,36669,5.0,57.84,-10.94,3.0,4.0,Shipping on time,0,-1.0,0,4,4.074821895733237,0,0,0,1
4845,2016-08-23,2016-08-25,Eastern Asia,86088,5.0,110.47,-9.43,2.0,2.0,Shipping on time,0,0.0,0,8,4.713755496401532,0,0,1,0
4846,2017-05-11,2017-05-17,Central America,67327,2.0,87.22,16.94,6.0,4.0,Late delivery,0,2.0,1,5,4.479833694676794,0,0,0,1
4847,2015-06-21,2015-06-28,West Europe,23746,1.0,69.57,27.31,7.0,4.0,Late delivery,0,3.0,1,6,4.256605125012738,0,0,0,1
4848,2016-08-30,2016-09-05,US Center,73186,1.0,128.68,5.4,6.0,4.0,Late delivery,0,2.0,1,8,4.865069877427421,0,0,0,1
4849,2015-03-17,2015-03-17,West Europe,97237,4.0,259.99,-31.42,0.0,0.0,Late delivery,0,0.0,0,3,5.564482092412441,0,1,0,0
4850,2016-01-25,2016-01-28,Eastern Asia,89130,2.0,76.44,21.31,3.0,4.0,Shipping on time,0,-1.0,0,1,4.349503442968322,0,0,0,1
4851,2016-12-14,2016-12-20,South Asia,30912,3.0,44.84,17.63,6.0,4.0,Late delivery,0,2.0,1,12,3.8251570724064843,0,0,0,1
4852,2016-04-14,2016-04-21,Central America,70839,4.0,136.03,-21.21,7.0,4.0,Late delivery,0,3.0,1,4,4.920199879958109,0,0,0,1
4853,2016-12-23,2016-12-25,US Center,31110,5.0,907.44,174.0700000000001,2.0,1.0,Late delivery,0,1.0,1,12,6.811728842727392,1,0,0,0
4854,2017-09-12,2017-09-15,Eastern Asia,Unknown,3.0,105.1,11.78,5.0,4.0,Shipping on time,0,1.0,1,9,4.664382045619937,0,0,0,1
4855,2017-09-14,2017-09-18,Oceania,79420,2.0,176.69,31.28,4.0,2.0,Late delivery,0,2.0,1,9,5.1800404589569835,0,0,1,0
4856,2015-11-15,2015-11-20,Eastern Asia,86082,2.0,117.06,2.26,5.0,4.0,Late delivery,0,1.0,1,11,4.771192969812543,0,0,0,1
4857,2016-05-18,2016-05-24,West Europe,58899,3.0,251.72,-7.98,6.0,4.0,Late delivery,0,2.0,1,5,5.53228215649383,0,0,0,1
4858,2017-06-07,2017-06-10,Oceania,92381,5.0,357.58,109.17,3.0,4.0,Shipping on time,0,-1.0,0,6,5.882151787167281,0,0,0,1
4859,2015-03-09,2015-03-13,Central America,91523,4.0,136.38,-20.17,4.0,2.0,Late delivery,0,2.0,1,3,4.922750808785736,0,0,1,0
4860,2016-06-22,2016-06-29,Eastern Asia,65707,5.0,306.12,64.41,7.0,4.0,Late delivery,0,3.0,1,6,5.727238550692542,0,0,0,1
4861,2015-03-19,2015-03-21,South Asia,13295,3.0,78.13,4.59,3.0,2.0,Shipping on time,0,1.0,1,3,4.371092069621102,0,0,1,0
4862,2015-02-28,2015-03-07,South Asia,60064,5.0,170.24,23.05,7.0,4.0,Late delivery,0,3.0,1,2,5.1430660812767455,0,0,0,1
4863,2017-08-28,2017-08-31,US Center,71394,1.0,69.87,25.57,3.0,4.0,Shipping on time,0,-1.0,0,8,4.260847212822164,0,0,0,1
4864,2017-06-28,2017-07-01,Central America,48446,2.0,168.1,39.12,3.0,4.0,Shipping on time,0,-1.0,0,6,5.130490255904535,0,0,0,1
4865,2017-01-05,2017-01-12,US Center,25158,1.0,103.8,24.58,7.0,4.0,Late delivery,0,3.0,1,1,4.6520537718869415,0,0,0,1
4866,2016-07-05,2016-07-09,Oceania,27446,1.0,173.5,15.11,4.0,4.0,Shipping on time,0,0.0,0,7,5.161924741642482,0,0,0,1
4867,2015-06-15,2015-06-22,West Europe,74146,3.0,76.47,15.21,7.0,4.0,Late delivery,0,3.0,1,6,4.349890764643811,0,0,0,1
4868,2015-11-30,2015-12-05,South Asia,67876,4.0,172.64,9.02,5.0,4.0,Late delivery,0,1.0,1,11,5.156984190431393,0,0,0,1
4869,2016-02-28,2016-03-04,Eastern Asia,70648,4.0,160.85,11.14,5.0,4.0,Late delivery,0,1.0,1,2,5.086669980372253,0,0,0,1
4870,2015-12-23,2015-12-23,South Asia,94817,4.0,106.56,33.02,0.0,1.0,Shipping on time,0,-1.0,0,12,4.678048831400664,1,0,0,0
4871,2015-07-15,2015-07-21,Oceania,72689,2.0,92.65,14.5,6.0,4.0,Late delivery,0,2.0,1,7,4.539564428890097,0,0,0,1
4872,2017-04-18,2017-04-23,Eastern Asia,42068,5.0,73.58,19.64,5.0,4.0,Late delivery,0,1.0,1,4,4.311872374750675,0,0,0,1
4873,2017-02-15,2017-02-16,Eastern Asia,50547,5.0,118.4,18.18,1.0,2.0,Shipping on time,0,-1.0,0,2,4.782479200958502,0,0,1,0
4874,2017-06-24,2017-06-26,South Asia,73418,1.0,191.46,20.2,2.0,1.0,Late delivery,0,1.0,1,6,5.2598883399282546,1,0,0,0
4875,2017-01-01,2017-01-06,West Europe,26985,2.0,138.75,34.41,5.0,4.0,Late delivery,0,1.0,1,1,4.939855112035208,0,0,0,1
4876,2017-02-18,2017-02-24,Eastern Asia,15077,2.0,165.23,-0.1,6.0,4.0,Late delivery,0,2.0,1,2,5.113372371547368,0,0,0,1
4877,2017-07-16,2017-07-21,West Europe,90027,4.0,322.84,97.05,5.0,4.0,Late delivery,0,1.0,1,7,5.780249566659046,0,0,0,1
4878,2017-04-28,2017-05-04,Eastern Asia,18975,5.0,123.86,21.44,6.0,4.0,Late delivery,0,2.0,1,4,4.8271931096335985,0,0,0,1
4879,2016-10-19,2016-10-23,Central America,74741,5.0,179.58,-8.89,4.0,2.0,Late delivery,0,2.0,1,10,5.196173892879333,0,0,1,0
4880,2017-01-21,2017-01-28,Eastern Asia,16740,5.0,247.86,50.17,7.0,4.0,Late delivery,0,3.0,1,1,5.516890489347485,0,0,0,1
4881,2016-02-09,2016-02-13,Eastern Asia,63532,5.0,149.29,61.39,4.0,4.0,Shipping on time,1,0.0,0,2,5.012566760946003,0,0,0,1
4882,2015-10-14,2015-10-21,West Europe,55299,2.0,189.95,-11.8,7.0,4.0,Late delivery,0,3.0,1,10,5.252011613671526,0,0,0,1
4883,2017-06-30,2017-06-30,Eastern Asia,73883,5.0,157.91,2.55,0.0,1.0,Shipping on time,0,-1.0,0,6,5.068338004224545,1,0,0,0
4884,2017-07-31,2017-08-03,Eastern Asia,28466,5.0,480.93,58.91,3.0,4.0,Shipping on time,0,-1.0,0,7,6.177798875288194,0,0,0,1
4885,2016-01-19,2016-01-24,US Center,71122,3.0,143.85,-8.8,5.0,2.0,Late delivery,0,3.0,1,1,4.975698724215359,0,0,1,0
4886,2015-03-16,2015-03-17,Eastern Asia,25556,5.0,119.27,25.16,1.0,2.0,Shipping on time,0,-1.0,0,3,4.789739215322525,0,0,1,0
4887,2017-01-05,2017-01-12,Central America,90427,2.0,215.01,62.41,7.0,4.0,Late delivery,0,3.0,1,1,5.375324702908821,0,0,0,1
4888,2015-04-06,2015-04-10,Oceania,49608,1.0,403.35,33.11,4.0,4.0,Shipping on time,0,0.0,0,4,6.0022808395418314,0,0,0,1
4889,2015-08-08,2015-08-11,South Asia,58191,1.0,353.27,-61.534,3.0,4.0,Shipping on time,0,-1.0,0,8,5.8700593342813,0,0,0,1
4890,2015-03-03,2015-03-06,Oceania,43191,4.0,153.63,-0.5,3.0,4.0,Shipping on time,0,-1.0,0,3,5.041035166487339,0,0,0,1
4891,2015-10-04,2015-10-11,Central America,16624,4.0,248.76,58.11,7.0,4.0,Late delivery,0,3.0,1,10,5.520500456767122,0,0,0,1
4892,2016-02-13,2016-02-16,US Center,61817,3.0,203.53,33.3,3.0,4.0,Shipping on time,0,-1.0,0,2,5.320714663990075,0,0,0,1
4893,2016-08-28,2016-09-02,West Europe,66201,2.0,157.62,16.58,5.0,2.0,Late delivery,0,3.0,1,8,5.066511404655174,0,0,1,0
4894,2016-11-16,2016-11-20,Central America,42457,2.0,223.22,58.66,4.0,4.0,Shipping on time,0,0.0,0,11,5.412627712725447,0,0,0,1
4895,2015-10-21,2015-10-24,Oceania,64337,1.0,218.82,83.39,3.0,4.0,Shipping on time,0,-1.0,0,10,5.3928090296407545,0,0,0,1
4896,2016-03-08,2016-03-11,US Center,16586,4.0,164.02,15.85,3.0,4.0,Shipping on time,0,-1.0,0,3,5.106066678676197,0,0,0,1
4897,2017-05-10,2017-05-14,South Asia,94073,4.0,425.69,-15.73,4.0,1.0,Late delivery,0,3.0,1,5,6.056057754250246,1,0,0,0
4898,2016-12-30,2017-01-03,West Europe,78325,3.0,120.1,30.59,4.0,4.0,Shipping on time,0,0.0,0,12,4.796616650559047,0,0,0,1
4899,2016-05-31,2016-06-04,South Asia,84066,2.0,349.05,-32.42,4.0,4.0,Shipping on time,0,0.0,0,5,5.858076001423207,0,0,0,1
4900,2016-09-17,2016-09-23,Central America,24054,5.0,533.72,-57.24,6.0,4.0,Late delivery,0,2.0,1,9,6.2817432454070286,0,0,0,1
4901,2017-07-17,2017-07-18,Central America,37427,4.0,538.42,111.41,1.0,1.0,Shipping on time,0,0.0,0,7,6.290494488253325,1,0,0,0
4902,2015-08-14,2015-08-15,Eastern Asia,91798,2.0,177.7,-8.52,1.0,2.0,Shipping on time,0,-1.0,0,8,5.185708422165383,0,0,1,0
4903,2016-08-24,2016-08-27,US Center,76773,3.0,135.01,36.63,3.0,4.0,Shipping on time,0,-1.0,0,8,4.912728412444662,0,0,0,1
4904,2016-10-17,2016-10-23,Central America,42837,2.0,57.59,-2.0,6.0,4.0,Late delivery,0,2.0,1,10,4.070564033556697,0,0,0,1
4905,2016-07-30,2016-08-04,Eastern Asia,40388,4.0,145.62,12.11,5.0,4.0,Late delivery,0,1.0,1,7,4.98784420579544,0,0,0,1
4906,2017-09-16,2017-09-18,Oceania,72942,1.0,655.61,12.42,2.0,0.0,Late delivery,0,2.0,1,9,6.4870902349241035,0,1,0,0
4907,2016-05-21,2016-05-27,South Asia,13180,3.0,58.67,-4.76,6.0,4.0,Late delivery,0,2.0,1,5,4.088829381533991,0,0,0,1
4908,2016-06-04,2016-06-07,Central America,61589,5.0,149.29,-2.47,3.0,4.0,Shipping on time,1,-1.0,0,6,5.012566760946003,0,0,0,1
4909,2015-07-14,2015-07-16,South Asia,28313,5.0,249.59,45.19,2.0,1.0,Late delivery,0,1.0,1,7,5.523818137435924,1,0,0,0
4910,2015-05-08,2015-05-11,Central America,17509,2.0,218.74,-16.48,3.0,4.0,Shipping on time,0,-1.0,0,5,5.392445029272735,0,0,0,1
4911,2015-12-17,2015-12-20,West Europe,14321,2.0,50.26,11.07,5.0,4.0,Shipping on time,0,1.0,1,12,3.936910720935925,0,0,0,1
4912,2016-05-15,2016-05-16,South Asia,69828,1.0,145.6,13.46,1.0,2.0,Shipping on time,0,-1.0,0,5,4.987707789452551,0,0,1,0
4913,2017-06-15,2017-06-18,Oceania,33813,4.0,185.05,-6.87,3.0,1.0,Late delivery,0,2.0,1,6,5.226015454792631,1,0,0,0
4914,2017-07-24,2017-07-29,US Center,77452,5.0,60.53,18.33,5.0,4.0,Late delivery,0,1.0,1,7,4.119524860752399,0,0,0,1
4915,2016-11-08,2016-11-12,Eastern Asia,41858,4.0,268.8,-12.9,4.0,4.0,Shipping on time,0,0.0,0,11,5.597680943773655,0,0,0,1
4916,2015-11-02,2015-11-07,Eastern Asia,67106,1.0,67.86,24.79,5.0,4.0,Late delivery,0,1.0,1,11,4.232075457910378,0,0,0,1
4917,2017-02-09,2017-02-13,Eastern Asia,29736,1.0,298.03,42.27,4.0,4.0,Shipping on time,0,0.0,0,2,5.700543902805682,0,0,0,1
4918,2015-09-28,2015-10-04,Eastern Asia,87471,2.0,170.32,44.3,6.0,4.0,Late delivery,0,2.0,1,9,5.14353315274717,0,0,0,1
4919,2016-02-20,2016-02-26,Eastern Asia,89488,4.0,99.06,38.92,6.0,4.0,Late delivery,0,2.0,1,2,4.605770006060059,0,0,0,1
4920,2016-06-22,2016-06-26,Central America,90447,4.0,57.23,4.97,4.0,2.0,Late delivery,0,2.0,1,6,4.064400685849028,0,0,1,0
4921,2015-07-22,2015-07-25,South Asia,44292,4.0,122.7,26.84,3.0,4.0,Late delivery,0,-1.0,0,7,4.8178592793984425,0,0,0,1
4922,2017-04-26,2017-04-28,West Europe,92823,5.0,142.32,-21.61,2.0,1.0,Late delivery,0,1.0,1,4,4.965079892436753,1,0,0,0
4923,2017-03-06,2017-03-13,Eastern Asia,30603,2.0,139.35,35.87,7.0,4.0,Late delivery,0,3.0,1,3,4.9441393028078915,0,0,0,1
4924,2017-03-01,2017-03-06,Eastern Asia,35978,5.0,105.38,-15.1,5.0,4.0,Late delivery,0,1.0,1,3,4.667017589314171,0,0,0,1
4925,2016-02-22,2016-02-28,Oceania,19723,3.0,132.71,-4.37,6.0,4.0,Late delivery,0,2.0,1,2,4.895673275626574,0,0,0,1
4926,2017-01-19,2017-01-26,Central America,55865,5.0,254.61,71.69,7.0,4.0,Late delivery,0,3.0,1,1,5.543652845368744,0,0,0,1
4927,2017-02-17,2017-02-23,West Europe,73808,3.0,87.1,18.71,6.0,4.0,Late delivery,0,2.0,1,2,4.478472532942134,0,0,0,1
4928,2016-10-11,2016-10-18,Oceania,98176,2.0,132.81,0.36,7.0,4.0,Late delivery,0,3.0,1,10,4.896420883316898,0,0,0,1
4929,2015-03-09,2015-03-13,Oceania,25205,1.0,198.58,-26.18,4.0,4.0,Shipping on time,0,0.0,0,3,5.2962151584561665,0,0,0,1
4930,2015-03-23,2015-03-27,Central America,79272,2.0,148.63,-18.6,4.0,4.0,Shipping on time,0,0.0,0,3,5.008165580195328,0,0,0,1
4931,2015-12-19,2015-12-24,Eastern Asia,16624,2.0,253.46,69.17,5.0,4.0,Late delivery,0,1.0,1,12,5.5391436527145546,0,0,0,1
4932,2015-03-15,2015-03-19,Eastern Asia,48199,1.0,383.82,-14.2,4.0,4.0,Shipping on time,0,0.0,0,3,5.95277569249287,0,0,0,1
4933,2016-10-12,2016-10-16,Central America,69629,1.0,149.29,-5.95,4.0,4.0,Shipping on time,1,0.0,0,10,5.012566760946003,0,0,0,1
4934,2016-09-01,2016-09-03,Oceania,81162,4.0,171.43,-33.16,2.0,2.0,Shipping on time,0,0.0,0,9,5.14999135701204,0,0,1,0
4935,2017-07-19,2017-07-19,Eastern Asia,76419,4.0,36.216,3.61,0.0,0.0,Shipping on time,0,0.0,0,7,3.6167387763362537,0,1,0,0
4936,2016-07-21,2016-07-28,South Asia,53254,5.0,122.12,28.18,7.0,4.0,Late delivery,0,3.0,1,7,4.813159489530624,0,0,0,1
4937,2015-07-20,2015-07-22,Central America,49969,4.0,225.3,81.35,2.0,1.0,Late delivery,0,1.0,1,7,5.421861552639491,1,0,0,0
4938,2015-07-05,2015-07-07,Central America,77373,1.0,76.66,29.16,2.0,2.0,Shipping on time,0,0.0,0,7,4.352340324303521,0,0,1,0
4939,2017-09-08,2017-09-14,Oceania,58081,2.0,335.03,-26.29,6.0,4.0,Late delivery,0,2.0,1,9,5.8172004416917575,0,0,0,1
4940,2015-08-02,2015-08-08,Oceania,80736,2.0,48.41,-8.11,6.0,4.0,Late delivery,0,2.0,1,8,3.9001528328576587,0,0,0,1
4941,2016-11-05,2016-11-07,West Europe,64411,2.0,339.03,16.77,2.0,1.0,Late delivery,0,1.0,1,11,5.82903384901182,1,0,0,0
4942,2016-08-09,2016-08-12,Eastern Asia,74587,5.0,110.19,0.22,3.0,4.0,Shipping on time,0,-1.0,0,8,4.711240449715158,0,0,0,1
4943,2015-07-19,2015-07-26,Eastern Asia,49753,5.0,81.31,-11.19,7.0,4.0,Late delivery,0,3.0,1,7,4.410492606984553,0,0,0,1
4944,2016-05-01,2016-05-05,West Europe,37279,3.0,112.2,32.64,4.0,2.0,Late delivery,0,2.0,1,5,4.729156165769083,0,0,1,0
4945,2015-01-15,2015-01-16,US Center,74931,4.0,128.03,1.69,1.0,2.0,Shipping on time,0,-1.0,0,1,4.860044935463755,0,0,1,0
4947,2017-07-17,2017-07-21,Central America,93630,4.0,65.41,-0.59,4.0,4.0,Shipping on time,0,0.0,0,7,4.195847647552622,0,0,0,1
4948,2017-01-29,2017-02-04,Central America,55276,3.0,109.6,-7.25,6.0,4.0,Late delivery,0,2.0,1,1,4.7059200890882344,0,0,0,1
4949,2016-11-06,2016-11-09,Central America,79649,1.0,265.71,1.0,3.0,4.0,Shipping on time,0,-1.0,0,11,5.586161925798122,0,0,0,1
4950,2016-10-13,2016-10-20,Central America,90981,5.0,191.73,37.31,7.0,4.0,Late delivery,0,3.0,1,10,5.26129024571096,0,0,0,1
4951,2016-12-23,2016-12-28,South Asia,94097,1.0,151.34,8.59,5.0,2.0,Late delivery,1,3.0,1,12,5.026114864944642,0,0,1,0
4952,2015-01-28,2015-02-01,Eastern Asia,72237,1.0,103.97,29.83,4.0,1.0,Late delivery,0,3.0,1,1,4.653674595047707,1,0,0,0
4953,2016-02-18,2016-02-21,Eastern Asia,66316,4.0,121.18,9.23,3.0,4.0,Shipping on time,0,-1.0,0,2,4.805495367221621,0,0,0,1
4954,2017-02-07,2017-02-10,Oceania,95730,4.0,149.29,27.01,3.0,4.0,Shipping on time,1,-1.0,0,2,5.012566760946003,0,0,0,1
4955,2015-03-29,2015-04-03,Oceania,47433,1.0,163.6,5.18,5.0,4.0,Late delivery,0,1.0,1,3,5.103518288242969,0,0,0,1
4956,2016-03-09,2016-03-12,West Europe,12611,5.0,198.08,45.69,3.0,4.0,Shipping on time,0,-1.0,0,3,5.293706753990353,0,0,0,1
4957,2016-04-23,2016-04-29,Oceania,57967,1.0,432.08,45.97,6.0,4.0,Late delivery,0,2.0,1,4,6.0709224684426975,0,0,0,1
4958,2017-01-31,2017-02-03,Central America,87340,4.0,229.06,88.44,3.0,0.0,Late delivery,0,3.0,1,1,5.4383401444678645,0,1,0,0
4959,2016-10-05,2016-10-09,Central America,14571,3.0,165.58,27.74,4.0,4.0,Shipping on time,0,0.0,0,10,5.115475674507194,0,0,0,1
4960,2016-04-19,2016-04-20,Central America,12324,5.0,339.2,18.37,1.0,2.0,Shipping on time,0,-1.0,0,4,5.829533679961761,0,0,1,0
4961,2015-10-05,2015-10-09,Eastern Asia,79638,3.0,93.6,18.16,4.0,1.0,Late delivery,0,3.0,1,10,4.549657476057832,1,0,0,0
4962,2015-10-31,2015-11-07,Oceania,68404,2.0,67.97,-0.27,7.0,4.0,Late delivery,0,3.0,1,10,4.2336716274432,0,0,0,1
4963,2017-08-17,2017-08-21,West Europe,Unknown,3.0,223.98,39.87,4.0,1.0,Late delivery,0,3.0,1,8,5.4160115093646795,1,0,0,0
4964,2017-04-02,2017-04-04,Eastern Asia,78894,3.0,165.71,-11.58,2.0,2.0,Shipping on time,0,0.0,0,4,5.11625577595994,0,0,1,0
4965,2017-02-12,2017-02-14,West Europe,49957,1.0,161.08,62.87,2.0,2.0,Shipping on time,0,0.0,0,2,5.088090040500373,0,0,1,0
4966,2015-04-21,2015-04-28,Eastern Asia,83302,3.0,262.6,80.93,7.0,4.0,Late delivery,0,3.0,1,4,5.574432802628352,0,0,0,1
4967,2015-01-19,2015-01-22,West Europe,36440,5.0,122.48,-10.11,3.0,4.0,Shipping on time,0,-1.0,0,1,4.8160791996339585,0,0,0,1
4968,2015-11-03,2015-11-07,South Asia,97148,1.0,140.02,-8.73,4.0,4.0,Shipping on time,0,0.0,0,11,4.948901724290895,0,0,0,1
4969,2015-10-22,2015-10-25,Eastern Asia,48680,1.0,188.21,22.56,3.0,1.0,Late delivery,0,2.0,1,10,5.242857509343669,1,0,0,0
4970,2017-04-06,2017-04-06,Oceania,40935,4.0,221.44,39.52,0.0,1.0,Shipping on time,0,-1.0,0,4,5.404657402319363,1,0,0,0
4971,2017-06-19,2017-06-24,South Asia,70343,3.0,270.86,-0.84,5.0,4.0,Late delivery,0,1.0,1,6,5.605287227907102,0,0,0,1
4972,2015-07-31,2015-08-03,Eastern Asia,16459,1.0,160.69,51.11,3.0,4.0,Shipping on time,0,-1.0,0,7,5.085680921751723,0,0,0,1
4973,2017-01-17,2017-01-23,West Europe,92459,3.0,175.61,-23.74,6.0,4.0,Late delivery,0,2.0,1,1,5.17394391170828,0,0,0,1
4974,2016-05-21,2016-05-22,US Center,45102,2.0,36.216,4.82,1.0,2.0,Shipping on time,0,-1.0,0,5,3.6167387763362537,0,0,1,0
4975,2017-03-13,2017-03-19,Eastern Asia,29229,3.0,312.61,15.88,6.0,4.0,Late delivery,0,2.0,1,3,5.748150175722952,0,0,0,1
4976,2015-12-01,2015-12-05,South Asia,56154,2.0,58.2,21.27,4.0,1.0,Late delivery,0,3.0,1,12,4.0809215418899605,1,0,0,0
4977,2015-07-08,2015-07-13,South Asia,97088,1.0,145.69,34.69,5.0,2.0,Late delivery,0,3.0,1,7,4.9883215164996715,0,0,1,0
4978,2015-03-08,2015-03-12,South Asia,13929,5.0,687.91,174.0700000000001,4.0,4.0,Shipping on time,0,0.0,0,3,6.5351106383887005,0,0,0,1
4979,2017-05-30,2017-06-05,Eastern Asia,24630,4.0,122.86,34.98,6.0,4.0,Late delivery,0,2.0,1,5,4.819151895509915,0,0,0,1
4980,2017-02-10,2017-02-17,Oceania,92048,5.0,57.7,-5.2,7.0,4.0,Late delivery,0,3.0,1,2,4.072439726834051,0,0,0,1
4981,2016-10-20,2016-10-21,Eastern Asia,87465,1.0,394.65,-1.05,1.0,1.0,Shipping on time,0,0.0,0,10,5.980529982055202,1,0,0,0
4982,2016-12-17,2016-12-21,Eastern Asia,89102,2.0,107.1,0.7,4.0,4.0,Shipping on time,0,0.0,0,12,4.683056724645162,0,0,0,1
4983,2016-02-09,2016-02-15,South Asia,55469,2.0,135.5,-19.04,6.0,4.0,Late delivery,0,2.0,1,2,4.916324614625014,0,0,0,1
4984,2017-07-16,2017-07-20,US Center,44103,2.0,135.33,40.75,4.0,4.0,Shipping on time,0,0.0,0,7,4.915078417198038,0,0,0,1
4985,2016-11-14,2016-11-19,Central America,15552,5.0,232.63,70.08,5.0,4.0,Late delivery,0,1.0,1,11,5.453738667365866,0,0,0,1
4986,2017-02-17,2017-02-20,US Center,51521,1.0,238.58,66.25,3.0,4.0,Shipping on time,0,-1.0,0,2,5.478887390303185,0,0,0,1
4987,2015-09-02,2015-09-09,West Europe,43459,2.0,138.72,-25.84,7.0,4.0,Late delivery,0,3.0,1,9,4.939640419938631,0,0,0,1
4988,2015-06-21,2015-06-26,US Center,60884,2.0,291.58,114.73,5.0,4.0,Late delivery,0,1.0,1,6,5.67873813354994,0,0,0,1
4989,2017-06-16,2017-06-21,Eastern Asia,14797,3.0,86.82,26.44,5.0,4.0,Late delivery,0,1.0,1,6,4.475289265133571,0,0,0,1
4990,2017-07-23,2017-07-24,Central America,56600,1.0,224.22,-27.04,1.0,1.0,Shipping on time,0,0.0,0,7,5.417077702268879,1,0,0,0
4991,2015-03-20,2015-03-20,Eastern Asia,80419,4.0,102.69,-3.28,0.0,0.0,Shipping on time,0,0.0,0,3,4.6414056785701865,0,1,0,0
4992,2015-04-21,2015-04-28,Central America,93370,5.0,149.29,40.54,7.0,4.0,Late delivery,1,3.0,1,4,5.012566760946003,0,0,0,1
4993,2015-09-25,2015-10-02,Central America,24132,3.0,99.91,8.06,7.0,4.0,Late delivery,0,3.0,1,9,4.614229030476437,0,0,0,1
4994,2017-04-22,2017-04-26,Central America,58972,2.0,114.65,-9.6,4.0,2.0,Late delivery,0,2.0,1,4,4.750568388677448,0,0,1,0
4995,2016-12-19,2016-12-23,Central America,75572,5.0,362.58,83.29,4.0,4.0,Shipping on time,0,0.0,0,12,5.8959993552899155,0,0,0,1
4996,2015-10-20,2015-10-24,Eastern Asia,14881,2.0,75.97,17.91,4.0,4.0,Shipping on time,0,0.0,0,10,4.343415735546226,0,0,0,1
4997,2016-02-23,2016-03-01,Central America,50675,1.0,73.66,-7.05,7.0,4.0,Late delivery,0,3.0,1,2,4.3129444734864375,0,0,0,1
4998,2017-05-06,2017-05-10,West Europe,30307,1.0,210.69,17.1,4.0,4.0,Shipping on time,0,0.0,0,5,5.355122940369489,0,0,0,1
4999,2017-06-02,2017-06-08,West Europe,30880,5.0,126.92,42.54,6.0,4.0,Late delivery,0,2.0,1,6,4.851405068525699,0,0,0,1
5000,2015-11-29,2015-11-29,South Asia,39518,1.0,115.2,-9.78,0.0,1.0,Shipping on time,0,-1.0,0,11,4.755312844417811,1,0,0,0
5001,2017-04-07,2017-04-13,Central America,44281,2.0,136.92,-19.45,6.0,4.0,Late delivery,0,2.0,1,4,4.926673806915383,0,0,0,1
5002,2017-07-20,2017-07-26,Oceania,42872,1.0,533.96,142.23,6.0,4.0,Late delivery,0,2.0,1,7,6.282191977745724,0,0,0,1
5003,2016-11-11,2016-11-17,US Center,53852,1.0,80.04,30.63,6.0,4.0,Late delivery,0,2.0,1,11,4.394942859940428,0,0,0,1
5004,2015-12-01,2015-12-06,Eastern Asia,66540,3.0,126.73,12.9,5.0,4.0,Late delivery,0,1.0,1,12,4.849918661054685,0,0,0,1
5005,2015-12-27,2015-12-31,West Europe,98186,4.0,164.72,-31.13,4.0,1.0,Late delivery,0,3.0,1,12,5.1102996172092015,1,0,0,0
5006,2016-09-29,2016-10-06,Oceania,43326,5.0,84.71,-16.41,7.0,4.0,Late delivery,0,3.0,1,9,4.450969504910791,0,0,0,1
5007,2016-03-15,2016-03-22,West Europe,79318,5.0,145.91,0.97,7.0,4.0,Late delivery,0,3.0,1,3,4.989820154382335,0,0,0,1
5008,2016-04-18,2016-04-21,Oceania,25042,5.0,199.42,77.46,3.0,2.0,Late delivery,0,1.0,1,4,5.3004151646301825,0,0,1,0
5009,2015-11-28,2015-12-04,Oceania,25614,3.0,86.23,4.14,6.0,4.0,Late delivery,0,2.0,1,11,4.468548308445127,0,0,0,1
5010,2017-01-01,2017-01-02,Oceania,67048,2.0,291.49,91.76,1.0,2.0,Shipping on time,0,-1.0,0,1,5.678430478053299,0,0,1,0
5011,2015-11-09,2015-11-13,Central America,92983,5.0,74.95,25.99,4.0,4.0,Shipping on time,0,0.0,0,11,4.330075229041782,0,0,0,1
5013,2015-01-13,2015-01-16,Eastern Asia,74752,5.0,182.26,48.52,3.0,2.0,Late delivery,0,1.0,1,1,5.210905909537067,0,0,1,0
5014,2016-05-20,2016-05-24,West Europe,61719,2.0,932.5600000000057,174.0700000000001,4.0,4.0,Shipping on time,0,0.0,0,5,6.839005235153027,0,0,0,1
5015,2015-09-16,2015-09-17,US Center,47498,4.0,52.04,7.69,1.0,1.0,Shipping on time,0,0.0,0,9,3.971046345877607,1,0,0,0
5016,2017-06-24,2017-06-27,South Asia,38323,1.0,176.34,-6.71,3.0,4.0,Shipping on time,0,-1.0,0,6,5.178068793951861,0,0,0,1
5017,2016-11-26,2016-11-30,Eastern Asia,97510,5.0,676.87,174.0700000000001,4.0,4.0,Shipping on time,0,0.0,0,11,6.518955529142874,0,0,0,1
5018,2016-04-13,2016-04-17,Central America,91127,5.0,104.01,21.77,4.0,1.0,Late delivery,0,3.0,1,4,4.654055583717902,1,0,0,0
5019,2016-06-26,2016-07-01,Central America,28013,1.0,286.31,6.95,5.0,4.0,Late delivery,0,1.0,1,6,5.660561772201637,0,0,0,1
5020,2017-08-18,2017-08-25,South Asia,93209,2.0,169.27,-3.04,7.0,4.0,Late delivery,0,3.0,1,8,5.137385412432552,0,0,0,1
5021,2015-11-27,2015-12-02,US Center,20660,4.0,63.05,-6.46,5.0,4.0,Late delivery,0,1.0,1,11,4.1596640283427435,0,0,0,1
5022,2017-01-02,2017-01-03,Oceania,43738,2.0,188.54,-34.64,1.0,2.0,Shipping on time,0,-1.0,0,1,5.244600084042049,0,0,1,0
5023,2015-11-22,2015-11-26,Oceania,28361,2.0,87.16,6.08,4.0,4.0,Shipping on time,0,0.0,0,11,4.479153345404605,0,0,0,1
5024,2016-05-22,2016-05-25,US Center,27039,5.0,156.69,29.64,3.0,4.0,Shipping on time,0,-1.0,0,5,5.060631080417496,0,0,0,1
5025,2015-06-29,2015-06-30,Oceania,81824,3.0,60.44,7.29,1.0,1.0,Shipping on time,0,0.0,0,6,4.118061088839417,1,0,0,0
5026,2017-09-23,2017-09-25,Oceania,81068,5.0,230.63,35.76,2.0,2.0,Shipping on time,0,0.0,0,9,5.4451412709888345,0,0,1,0
5027,2015-03-18,2015-03-20,South Asia,91091,4.0,36.216,-1.07,2.0,2.0,Shipping on time,0,0.0,0,3,3.6167387763362537,0,0,1,0
5028,2015-11-15,2015-11-15,South Asia,96064,5.0,134.27,26.1,0.0,0.0,Shipping on time,0,0.0,0,11,4.907272781101103,0,1,0,0
5029,2015-06-04,2015-06-07,US Center,12841,3.0,322.13,-49.03,3.0,4.0,Shipping on time,0,-1.0,0,6,5.778054719030789,0,0,0,1
5030,2017-07-31,2017-07-31,West Europe,75709,3.0,202.66,-12.6,0.0,1.0,Shipping on time,0,-1.0,0,7,5.316451936743519,1,0,0,0
5031,2016-09-14,2016-09-19,West Europe,43170,3.0,120.55,-12.32,5.0,4.0,Late delivery,0,1.0,1,9,4.800325700762133,0,0,0,1
5032,2016-03-28,2016-04-02,West Europe,90674,2.0,129.16,-4.51,5.0,4.0,Late delivery,0,1.0,1,3,4.868764462910782,0,0,0,1
5033,2017-07-18,2017-07-21,US Center,57986,1.0,115.1,30.65,3.0,4.0,Shipping on time,0,-1.0,0,7,4.754451888703846,0,0,0,1
5034,2017-04-28,2017-05-05,Eastern Asia,57902,1.0,759.76,65.51,7.0,4.0,Late delivery,0,3.0,1,4,6.634317933613461,0,0,0,1
5035,2016-11-17,2016-11-21,US Center,13790,3.0,143.97,32.91,4.0,4.0,Shipping on time,0,0.0,0,11,4.976526824462806,0,0,0,1
5036,2016-04-23,2016-04-28,US Center,93121,5.0,147.35,42.03,5.0,2.0,Late delivery,0,3.0,1,4,4.999574346736831,0,0,1,0
5037,2015-12-12,2015-12-15,West Europe,70086,3.0,95.59,5.29,3.0,4.0,Shipping on time,0,-1.0,0,12,4.570475216191205,0,0,0,1
5038,2016-01-19,2016-01-25,South Asia,94678,1.0,111.73,-0.89,6.0,4.0,Late delivery,0,2.0,1,1,4.72499557905644,0,0,0,1
5039,2016-07-16,2016-07-19,Central America,50761,5.0,214.22,-34.09,3.0,1.0,Late delivery,0,2.0,1,7,5.371660760772246,1,0,0,0
5040,2016-11-05,2016-11-11,South Asia,44002,5.0,103.04,8.86,6.0,4.0,Late delivery,0,2.0,1,11,4.64477544058045,0,0,0,1
5041,2015-05-14,2015-05-18,Central America,70785,1.0,91.56,30.01,4.0,4.0,Shipping on time,0,0.0,0,5,4.527857082885421,0,0,0,1
5042,2015-06-14,2015-06-18,US Center,18244,5.0,106.73,37.36,4.0,4.0,Shipping on time,0,0.0,0,6,4.679628096906101,0,0,0,1
5043,2015-03-24,2015-03-27,US Center,83324,1.0,120.16,24.33,3.0,4.0,Shipping on time,0,-1.0,0,3,4.797111986159036,0,0,0,1
5044,2016-09-22,2016-09-25,Oceania,25421,5.0,932.5600000000057,174.0700000000001,3.0,1.0,Late delivery,0,2.0,1,9,6.839005235153027,1,0,0,0
5045,2015-03-04,2015-03-11,US Center,11940,4.0,110.97,38.1,7.0,4.0,Late delivery,0,3.0,1,3,4.718230978272105,0,0,0,1
5046,2016-07-05,2016-07-09,South Asia,40777,5.0,132.36,-2.18,4.0,4.0,Shipping on time,0,0.0,0,7,4.893052238442539,0,0,0,1
5047,2016-07-20,2016-07-23,West Europe,77734,1.0,932.5600000000057,-28.87,3.0,2.0,Late delivery,0,1.0,1,7,6.839005235153027,0,0,1,0
5049,2016-08-09,2016-08-14,Oceania,14513,1.0,156.75,41.95,5.0,2.0,Late delivery,0,3.0,1,8,5.061011501421323,0,0,1,0
5050,2016-05-12,2016-05-17,South Asia,77340,5.0,122.96,46.93,5.0,4.0,Late delivery,0,1.0,1,5,4.819958932919548,0,0,0,1
5051,2015-06-05,2015-06-09,Eastern Asia,57606,2.0,176.74,38.71,4.0,4.0,Shipping on time,0,0.0,0,6,5.180321808310329,0,0,0,1
5052,2016-12-25,2016-12-31,US Center,52632,2.0,144.46,-26.61,6.0,4.0,Late delivery,0,2.0,1,12,4.979901134726394,0,0,0,1
5053,2017-07-31,2017-08-01,Oceania,25517,2.0,57.97,9.11,1.0,1.0,Shipping on time,0,0.0,0,7,4.077028840012413,1,0,0,0
5054,2016-04-27,2016-05-02,US Center,48507,5.0,133.25,3.41,5.0,4.0,Late delivery,0,1.0,1,4,4.899703733388974,0,0,0,1
5055,2015-05-21,2015-05-26,Eastern Asia,Unknown,3.0,399.97,-11.64,5.0,4.0,Late delivery,0,1.0,1,5,5.993886611540359,0,0,0,1
5056,2016-10-28,2016-11-03,Eastern Asia,44012,1.0,200.97,42.85,6.0,4.0,Late delivery,0,2.0,1,10,5.308119171520297,0,0,0,1
5057,2016-05-24,2016-05-27,US Center,53084,4.0,300.83,92.95,3.0,4.0,Shipping on time,0,-1.0,0,5,5.709863944972069,0,0,0,1
5058,2016-10-29,2016-10-29,Oceania,92527,5.0,99.27,27.11,0.0,1.0,Shipping on time,0,-1.0,0,10,4.607866547535834,1,0,0,0
5059,2016-10-11,2016-10-18,Oceania,33709,5.0,60.84,18.43,7.0,4.0,Late delivery,0,3.0,1,10,4.124550404279167,0,0,0,1
5060,2015-07-28,2015-08-01,Central America,39538,2.0,97.66,-6.75,4.0,4.0,Shipping on time,0,0.0,0,7,4.5916795958055925,0,0,0,1
5061,2015-02-01,2015-02-04,Central America,53312,4.0,333.95,22.61,3.0,4.0,Shipping on time,0,-1.0,0,2,5.8139812669542765,0,0,0,1
5062,2015-11-12,2015-11-15,Oceania,75410,3.0,81.49,13.93,3.0,4.0,Shipping on time,0,-1.0,0,11,4.41267707387264,0,0,0,1
5063,2015-09-29,2015-10-06,West Europe,21596,5.0,92.17,-16.99,5.0,4.0,Late delivery,0,1.0,1,9,4.534425781462334,0,0,0,1
5064,2016-12-05,2016-12-12,US Center,69153,1.0,288.07,35.72,7.0,4.0,Late delivery,0,3.0,1,12,5.6666688733161,0,0,0,1
5065,2016-06-16,2016-06-20,West Europe,59422,1.0,127.71,-21.28,4.0,2.0,Late delivery,0,2.0,1,6,4.857561811661286,0,0,1,0
5066,2017-06-30,2017-07-06,Eastern Asia,24916,1.0,131.75,9.01,6.0,4.0,Late delivery,0,2.0,1,6,4.888467660122048,0,0,0,1
5067,2016-11-08,2016-11-12,Oceania,37800,4.0,186.5,0.05,4.0,2.0,Late delivery,0,2.0,1,11,5.233778845410465,0,0,1,0
5068,2015-08-31,2015-09-06,Central America,76267,1.0,156.37,28.48,6.0,4.0,Late delivery,0,2.0,1,8,5.058599720612773,0,0,0,1
5069,2016-11-12,2016-11-16,Eastern Asia,75565,2.0,123.73,6.75,4.0,4.0,Shipping on time,0,0.0,0,11,4.826151401137618,0,0,0,1
5070,2015-07-16,2015-07-20,Eastern Asia,11936,2.0,172.76,-11.67,4.0,1.0,Late delivery,0,3.0,1,7,5.15767503674557,1,0,0,0
5071,2016-10-23,2016-10-27,US Center,19293,1.0,96.67,-11.32,4.0,1.0,Late delivery,0,3.0,1,10,4.581594449459386,1,0,0,0
5072,2016-10-24,2016-10-28,Oceania,43432,2.0,144.66,44.18,4.0,4.0,Shipping on time,0,0.0,0,10,4.981275138789769,0,0,0,1
5073,2015-03-15,2015-03-16,West Europe,69790,5.0,219.96,-35.78,1.0,0.0,Late delivery,0,1.0,1,3,5.397981689660982,0,1,0,0
5074,2016-03-17,2016-03-20,West Europe,63957,4.0,78.53,10.77,3.0,4.0,Shipping on time,0,-1.0,0,3,4.376134308969044,0,0,0,1
5075,2015-02-27,2015-03-04,Central America,34449,1.0,130.58,15.2,5.0,4.0,Late delivery,0,1.0,1,2,4.879615031657852,0,0,0,1
5076,2016-11-04,2016-11-09,US Center,63095,3.0,74.73,-10.92,5.0,4.0,Late delivery,0,1.0,1,11,4.327174383125731,0,0,0,1
5077,2017-05-10,2017-05-13,West Europe,40256,3.0,232.18,3.89,3.0,4.0,Shipping on time,0,-1.0,0,5,5.451810687505145,0,0,0,1
5078,2016-05-18,2016-05-21,Eastern Asia,70171,4.0,214.67,68.85,3.0,1.0,Late delivery,0,2.0,1,5,5.3737494616638894,1,0,0,0
5079,2015-05-28,2015-05-31,Eastern Asia,82469,1.0,261.28,84.85,3.0,4.0,Shipping on time,0,-1.0,0,5,5.569412635395419,0,0,0,1
5080,2015-09-09,2015-09-14,Eastern Asia,82463,2.0,275.74,-40.94,5.0,4.0,Late delivery,0,1.0,1,9,5.623078437241238,0,0,0,1
5081,2015-12-29,2016-01-03,Oceania,14886,2.0,932.5600000000057,174.0700000000001,5.0,2.0,Late delivery,0,3.0,1,12,6.839005235153027,0,0,1,0
5082,2016-12-22,2016-12-28,Eastern Asia,12089,1.0,228.2,11.38,6.0,4.0,Late delivery,0,2.0,1,12,5.434594984840585,0,0,0,1
5083,2017-04-20,2017-04-24,Central America,45541,5.0,93.07,14.86,4.0,1.0,Late delivery,0,3.0,1,4,4.54403918598386,1,0,0,0
5084,2017-09-09,2017-09-12,US Center,79971,4.0,260.16,-32.98,3.0,4.0,Shipping on time,0,-1.0,0,9,5.565133246318433,0,0,0,1
5085,2015-02-14,2015-02-19,West Europe,31008,4.0,85.84,10.78,5.0,4.0,Late delivery,0,1.0,1,2,4.464067345010091,0,0,0,1
5086,2016-05-06,2016-05-13,US Center,43193,3.0,601.51,120.96,7.0,4.0,Late delivery,0,3.0,1,5,6.401104262737446,0,0,0,1
5087,2017-05-07,2017-05-13,US Center,82656,4.0,176.48,3.09,6.0,4.0,Late delivery,0,2.0,1,5,5.178857926510709,0,0,0,1
5088,2017-01-29,2017-02-02,Central America,37274,5.0,211.85,12.55,4.0,2.0,Late delivery,0,2.0,1,1,5.360587692274161,0,0,1,0
5089,2016-10-15,2016-10-21,West Europe,84464,5.0,70.81,16.78,6.0,4.0,Late delivery,0,2.0,1,10,4.2740237421222265,0,0,0,1
5090,2015-10-21,2015-10-25,Oceania,40023,5.0,282.4,-12.34,4.0,4.0,Shipping on time,0,0.0,0,10,5.64685932725658,0,0,0,1
5091,2016-01-23,2016-01-28,Central America,Unknown,1.0,300.08,7.46,5.0,4.0,Late delivery,0,1.0,1,1,5.707376010166331,0,0,0,1
5092,2015-02-18,2015-02-19,Oceania,20873,3.0,57.86,8.77,1.0,2.0,Shipping on time,0,-1.0,0,2,4.075161742805327,0,0,1,0
5093,2015-08-29,2015-09-03,South Asia,24466,5.0,106.22,39.06,5.0,4.0,Late delivery,0,1.0,1,8,4.674882798399391,0,0,0,1
5094,2015-10-25,2015-10-31,Central America,32778,1.0,112.01,22.91,6.0,4.0,Late delivery,0,2.0,1,10,4.72747631037206,0,0,0,1
5095,2016-06-05,2016-06-10,Eastern Asia,57077,4.0,100.55,-3.48,5.0,4.0,Late delivery,0,1.0,1,6,4.620551288026394,0,0,0,1
5096,2015-03-12,2015-03-15,Eastern Asia,24316,1.0,149.29,121.62,3.0,4.0,Shipping on time,1,-1.0,0,3,5.012566760946003,0,0,0,1
5097,2017-04-04,2017-04-08,West Europe,68150,1.0,543.97,-19.95,4.0,4.0,Shipping on time,0,0.0,0,4,6.300730747276605,0,0,0,1
5098,2015-07-28,2015-07-31,South Asia,45076,3.0,78.29,7.45,3.0,4.0,Shipping on time,0,-1.0,0,7,4.373112017284307,0,0,0,1
5099,2015-07-22,2015-07-25,US Center,93609,5.0,278.43,-13.13,3.0,1.0,Late delivery,0,2.0,1,7,5.632751814000819,1,0,0,0
5100,2015-08-16,2015-08-19,West Europe,59697,2.0,126.76,0.3,3.0,4.0,Shipping on time,0,-1.0,0,8,4.850153503906757,0,0,0,1
5101,2015-09-04,2015-09-07,Eastern Asia,74113,3.0,337.66,95.31,3.0,2.0,Late delivery,0,1.0,1,9,5.824996654237195,0,0,1,0
5102,2017-09-16,2017-09-17,US Center,25197,4.0,36.216,-2.14,1.0,2.0,Shipping on time,0,-1.0,0,9,3.6167387763362537,0,0,1,0
5103,2016-05-14,2016-05-19,Central America,19182,2.0,114.31,39.95,5.0,4.0,Late delivery,0,1.0,1,5,4.747624153783025,0,0,0,1
5104,2015-05-10,2015-05-13,South Asia,96306,3.0,307.79,85.9,3.0,4.0,Shipping on time,0,-1.0,0,5,5.732661434206578,0,0,0,1
5105,2017-03-21,2017-03-24,Eastern Asia,41676,2.0,93.97,34.88,3.0,4.0,Shipping on time,0,-1.0,0,3,4.553561052254861,0,0,0,1
5106,2016-07-05,2016-07-08,Oceania,54105,3.0,303.02,83.15,3.0,4.0,Shipping on time,0,-1.0,0,7,5.717093488715873,0,0,0,1
5107,2016-02-21,2016-02-28,Central America,80511,3.0,109.1,7.17,7.0,4.0,Late delivery,0,3.0,1,2,4.701389043728634,0,0,0,1
5108,2016-11-23,2016-11-27,South Asia,78677,2.0,293.68,48.82,4.0,1.0,Late delivery,0,3.0,1,11,5.685890021814613,1,0,0,0
5109,2016-02-16,2016-02-19,US Center,36463,2.0,210.53,8.45,3.0,4.0,Shipping on time,0,-1.0,0,2,5.354366832399059,0,0,0,1
5110,2015-05-06,2015-05-12,Central America,67078,4.0,115.21,13.43,6.0,4.0,Late delivery,0,2.0,1,5,4.755398899234782,0,0,0,1
5111,2017-08-20,2017-08-24,Eastern Asia,97953,2.0,93.77,16.09,4.0,2.0,Late delivery,0,2.0,1,8,4.551452903482104,0,0,1,0
5112,2016-12-12,2016-12-17,Eastern Asia,30353,3.0,133.91,-22.99,5.0,4.0,Late delivery,0,1.0,1,12,4.904607889450726,0,0,0,1
5113,2016-06-18,2016-06-24,US Center,87449,4.0,297.26,33.47,6.0,4.0,Late delivery,0,2.0,1,6,5.697965589334636,0,0,0,1
5114,2017-03-06,2017-03-10,Central America,95759,5.0,147.59,16.39,4.0,4.0,Shipping on time,0,0.0,0,3,5.001190835268256,0,0,0,1
5115,2017-02-25,2017-03-01,Oceania,79622,2.0,99.46,19.55,4.0,4.0,Shipping on time,0,0.0,0,2,4.609759638321899,0,0,0,1
5116,2016-03-15,2016-03-19,West Europe,48373,3.0,932.5600000000057,98.34,4.0,2.0,Late delivery,0,2.0,1,3,6.839005235153027,0,0,1,0
5117,2016-11-04,2016-11-11,Central America,55096,1.0,57.48,-10.45,7.0,4.0,Late delivery,0,3.0,1,11,4.068684815441523,0,0,0,1
5118,2016-11-29,2016-12-03,Oceania,49783,5.0,129.31,31.38,4.0,4.0,Shipping on time,0,0.0,0,11,4.869916227156815,0,0,0,1
5119,2016-07-02,2016-07-03,US Center,58807,3.0,205.06,62.28,1.0,2.0,Shipping on time,0,-1.0,0,7,5.328167388516922,0,0,1,0
5120,2016-08-17,2016-08-22,Central America,90159,5.0,79.1,9.44,5.0,4.0,Late delivery,0,1.0,1,8,4.383275854074314,0,0,0,1
5121,2016-03-10,2016-03-10,Eastern Asia,10327,4.0,147.08,46.98,0.0,0.0,Shipping on time,0,0.0,0,3,4.9977526682652424,0,1,0,0
5122,2015-10-06,2015-10-13,Central America,96683,2.0,115.04,44.06,7.0,4.0,Late delivery,0,3.0,1,10,4.753934959253203,0,0,0,1
5123,2016-10-16,2016-10-20,Oceania,75779,4.0,60.88,-10.47,4.0,4.0,Shipping on time,0,0.0,0,10,4.125197025704866,0,0,0,1
5124,2016-12-31,2017-01-06,South Asia,20635,2.0,194.69,74.36,6.0,4.0,Late delivery,0,2.0,1,12,5.276531774476115,0,0,0,1
5125,2017-04-12,2017-04-18,US Center,83815,1.0,74.76,2.32,6.0,4.0,Late delivery,0,2.0,1,4,4.327570448877823,0,0,0,1
5126,2016-03-13,2016-03-17,US Center,16512,5.0,94.2,14.2,4.0,2.0,Late delivery,0,2.0,1,3,4.55597994179732,0,0,1,0
5127,2015-05-24,2015-05-29,Oceania,53535,4.0,310.52,121.89,5.0,4.0,Late delivery,0,1.0,1,5,5.741463541623889,0,0,0,1
5128,2015-10-22,2015-10-25,South Asia,93229,3.0,75.63,-9.31,3.0,4.0,Shipping on time,0,-1.0,0,10,4.3389886449823125,0,0,0,1
5129,2015-09-27,2015-10-01,Eastern Asia,99558,1.0,212.77,-41.2,4.0,2.0,Late delivery,0,2.0,1,9,5.364900670691189,0,0,1,0
5130,2016-04-17,2016-04-21,Eastern Asia,38481,4.0,301.21,22.0,4.0,4.0,Shipping on time,0,0.0,0,4,5.711122139959587,0,0,0,1
5131,2015-07-30,2015-08-06,Eastern Asia,17413,5.0,268.84,42.46,7.0,4.0,Late delivery,0,3.0,1,7,5.597829190753394,0,0,0,1
5132,2015-10-19,2015-10-24,Central America,14664,5.0,196.17,77.53,5.0,4.0,Late delivery,0,1.0,1,10,5.284066300778177,0,0,0,1
5133,2017-03-21,2017-03-24,South Asia,99098,5.0,128.55,45.33,3.0,4.0,Shipping on time,0,-1.0,0,3,4.8640669070081195,0,0,0,1
5134,2016-11-15,2016-11-19,West Europe,19014,3.0,63.72,12.87,4.0,4.0,Shipping on time,0,0.0,0,11,4.170070272750237,0,0,0,1
5135,2015-11-20,2015-11-23,Oceania,11210,4.0,161.35,22.79,3.0,2.0,Late delivery,0,1.0,1,11,5.089754498548855,0,0,1,0
5136,2015-01-29,2015-01-30,West Europe,55720,1.0,193.2,53.03,1.0,2.0,Shipping on time,0,-1.0,0,1,5.268888555857225,0,0,1,0
5137,2016-03-24,2016-03-26,Central America,36077,4.0,108.88,0.06,2.0,1.0,Late delivery,0,1.0,1,3,4.699388861227073,1,0,0,0
5138,2015-08-30,2015-09-03,West Europe,74326,3.0,81.77,11.81,4.0,2.0,Late delivery,0,2.0,1,8,4.416065676897304,0,0,1,0
5139,2016-05-28,2016-05-30,South Asia,63014,4.0,249.03,42.91,2.0,0.0,Late delivery,0,2.0,1,5,5.521580910662823,0,1,0,0
5140,2016-02-14,2016-02-16,South Asia,71947,3.0,78.44,-10.97,2.0,2.0,Shipping on time,0,0.0,0,2,4.375002019736917,0,0,1,0
5141,2017-08-14,2017-08-19,Central America,15076,1.0,192.65,-1.56,5.0,4.0,Late delivery,0,1.0,1,8,5.266052405960761,0,0,0,1
5143,2015-01-04,2015-01-08,West Europe,90774,3.0,53.67,1.31,4.0,4.0,Shipping on time,0,0.0,0,1,4.001315112906908,0,0,0,1
5144,2017-08-24,2017-08-30,Eastern Asia,Unknown,5.0,389.28,48.62,6.0,4.0,Late delivery,0,2.0,1,8,5.966864430239749,0,0,0,1
5145,2015-07-04,2015-07-07,South Asia,21100,5.0,213.03,-29.98,3.0,4.0,Shipping on time,0,-1.0,0,7,5.366116192112472,0,0,0,1
5146,2016-01-12,2016-01-13,Central America,40507,2.0,204.4,-17.61,1.0,2.0,Shipping on time,0,-1.0,0,1,5.324959297494458,0,0,1,0
5147,2017-05-18,2017-05-20,Eastern Asia,72842,3.0,63.05,-6.23,2.0,2.0,Shipping on time,0,0.0,0,5,4.1596640283427435,0,0,1,0
5148,2015-12-07,2015-12-10,Central America,49932,1.0,136.51,51.05,3.0,2.0,Late delivery,0,1.0,1,12,4.923696641734853,0,0,1,0
5149,2016-04-02,2016-04-07,Central America,84840,1.0,174.33,-29.88,5.0,4.0,Late delivery,0,1.0,1,4,5.166669912482037,0,0,0,1
5150,2017-01-01,2017-01-04,Central America,55223,3.0,94.09,-16.5,3.0,4.0,Late delivery,0,-1.0,0,1,4.554823811551353,0,0,0,1
5151,2016-01-03,2016-01-07,South Asia,63274,2.0,396.66,15.4,4.0,4.0,Shipping on time,0,0.0,0,1,5.985597368829935,0,0,0,1
5152,2016-11-22,2016-11-24,US Center,99536,3.0,43.7,1.6,2.0,1.0,Late delivery,0,1.0,1,11,3.7999735016195233,1,0,0,0
5153,2017-08-01,2017-08-05,West Europe,51440,5.0,224.41,56.24,4.0,4.0,Shipping on time,0,0.0,0,8,5.4179209661938685,0,0,0,1
5154,2015-04-17,2015-04-20,Eastern Asia,71153,4.0,47.2,-3.49,3.0,4.0,Shipping on time,0,-1.0,0,4,3.8753590210565547,0,0,0,1
5155,2015-04-18,2015-04-24,Eastern Asia,74453,4.0,57.27,-7.97,6.0,4.0,Late delivery,0,2.0,1,4,4.065087381154983,0,0,0,1
5156,2017-02-04,2017-02-08,Eastern Asia,40248,3.0,67.92,-2.85,4.0,4.0,Shipping on time,0,0.0,0,2,4.232946411659729,0,0,0,1
5157,2015-01-16,2015-01-17,Eastern Asia,26261,2.0,206.44,60.71,1.0,1.0,Shipping on time,0,0.0,0,1,5.334842141230409,1,0,0,0
5158,2017-09-03,2017-09-06,US Center,64444,1.0,95.29,1.01,3.0,4.0,Shipping on time,0,-1.0,0,9,4.567364471252192,0,0,0,1
5159,2017-06-25,2017-07-02,Central America,52575,5.0,97.64,16.11,7.0,4.0,Late delivery,0,3.0,1,6,4.591476858856089,0,0,0,1
5160,2015-11-30,2015-12-03,US Center,70175,2.0,84.66,7.4,3.0,4.0,Late delivery,0,-1.0,0,11,4.450385972187225,0,0,0,1
5161,2017-03-31,2017-04-04,Eastern Asia,69652,4.0,59.98,19.44,4.0,4.0,Shipping on time,0,0.0,0,3,4.110545941560109,0,0,0,1
5162,2016-04-17,2016-04-22,Eastern Asia,24798,1.0,84.95,-15.64,5.0,4.0,Late delivery,0,1.0,1,4,4.453765731828859,0,0,0,1
5164,2016-09-14,2016-09-18,Central America,42482,4.0,119.86,30.61,4.0,4.0,Shipping on time,0,0.0,0,9,4.794632850933413,0,0,0,1
5165,2015-09-23,2015-09-28,South Asia,85522,3.0,115.55,31.3,5.0,4.0,Late delivery,0,1.0,1,9,4.758320365481766,0,0,0,1
5166,2016-04-25,2016-04-30,Central America,43321,3.0,36.216,8.51,5.0,4.0,Late delivery,0,1.0,1,4,3.6167387763362537,0,0,0,1
5167,2017-02-16,2017-02-20,Eastern Asia,14018,4.0,98.08,1.7,4.0,1.0,Late delivery,0,3.0,1,2,4.595927604621159,1,0,0,0
5168,2016-11-29,2016-12-02,US Center,31283,4.0,299.48,84.12,3.0,2.0,Late delivery,0,1.0,1,11,5.705381196019898,0,0,1,0
5169,2015-06-07,2015-06-11,Central America,48372,5.0,108.57,17.91,4.0,2.0,Late delivery,0,2.0,1,6,4.696563614417302,0,0,1,0
5170,2016-02-17,2016-02-21,Eastern Asia,53467,1.0,137.74,42.74,4.0,1.0,Late delivery,0,3.0,1,2,4.932601677957155,1,0,0,0
5171,2016-03-02,2016-03-06,West Europe,87763,2.0,93.13,30.77,4.0,1.0,Late delivery,0,3.0,1,3,4.544676805559129,1,0,0,0
5172,2016-01-10,2016-01-17,Eastern Asia,86967,5.0,94.94,12.91,7.0,4.0,Late delivery,0,3.0,1,1,4.563722996073918,0,0,0,1
5173,2015-06-21,2015-06-24,Oceania,55244,2.0,136.92,-22.49,3.0,4.0,Shipping on time,0,-1.0,0,6,4.926673806915383,0,0,0,1
5174,2017-01-09,2017-01-13,West Europe,28709,3.0,63.51,24.75,4.0,4.0,Shipping on time,0,0.0,0,1,4.16682025054415,0,0,0,1
5175,2016-02-11,2016-02-18,Eastern Asia,16248,1.0,129.04,-9.69,7.0,4.0,Late delivery,0,3.0,1,2,4.867842095435704,0,0,0,1
5176,2016-04-07,2016-04-11,Central America,85212,4.0,52.38,8.82,4.0,4.0,Shipping on time,0,0.0,0,4,3.9774361439763783,0,0,0,1
5177,2015-01-06,2015-01-09,Eastern Asia,63375,3.0,149.29,-32.48,3.0,4.0,Shipping on time,1,-1.0,0,1,5.012566760946003,0,0,0,1
5178,2015-05-12,2015-05-17,Eastern Asia,13048,4.0,55.15,-9.95,5.0,4.0,Late delivery,0,1.0,1,5,4.0280266811844525,0,0,0,1
5179,2016-04-04,2016-04-11,Eastern Asia,17902,2.0,209.98,65.85,7.0,4.0,Late delivery,0,3.0,1,4,5.351763342253663,0,0,0,1
5180,2016-10-03,2016-10-04,US Center,15454,4.0,260.33,101.25,1.0,2.0,Shipping on time,0,-1.0,0,10,5.56578397649891,0,0,1,0
5181,2016-03-28,2016-03-31,West Europe,55935,4.0,149.29,-1.55,3.0,4.0,Shipping on time,1,-1.0,0,3,5.012566760946003,0,0,0,1
5183,2017-09-09,2017-09-16,US Center,24589,1.0,110.5,-19.91,7.0,4.0,Late delivery,0,3.0,1,9,4.7140245909001735,0,0,0,1
5184,2015-01-08,2015-01-11,US Center,25335,1.0,283.56,-55.15,3.0,4.0,Shipping on time,0,-1.0,0,1,5.6509441276402,0,0,0,1
5185,2016-01-15,2016-01-19,Oceania,14064,5.0,102.36,-14.95,4.0,2.0,Late delivery,0,2.0,1,1,4.638218040034292,0,0,1,0
5186,2016-11-11,2016-11-17,South Asia,19906,4.0,118.73,39.58,6.0,4.0,Late delivery,0,2.0,1,11,4.785239207728752,0,0,0,1
5187,2016-06-15,2016-06-21,Oceania,54318,4.0,117.99,-11.74,6.0,4.0,Late delivery,0,2.0,1,6,4.779039455967062,0,0,0,1
5188,2017-06-08,2017-06-13,South Asia,55999,5.0,298.96,-47.98,5.0,4.0,Late delivery,0,1.0,1,6,5.703649132433188,0,0,0,1
5189,2015-06-01,2015-06-05,West Europe,94616,4.0,43.89,4.58,4.0,4.0,Shipping on time,0,0.0,0,6,3.804215052793841,0,0,0,1
5190,2016-04-11,2016-04-11,West Europe,58353,4.0,222.18,-18.9,0.0,1.0,Shipping on time,0,-1.0,0,4,5.4079786207575555,1,0,0,0
5191,2015-10-10,2015-10-14,South Asia,79083,1.0,148.22,53.17,4.0,4.0,Shipping on time,0,0.0,0,10,5.005421727043368,0,0,0,1
5192,2016-10-11,2016-10-17,Eastern Asia,18864,5.0,104.46,28.98,6.0,4.0,Late delivery,0,2.0,1,10,4.658331734102323,0,0,0,1
5193,2015-08-18,2015-08-21,Eastern Asia,41915,1.0,121.38,29.53,3.0,4.0,Shipping on time,0,-1.0,0,8,4.807130958034395,0,0,0,1
5194,2017-04-04,2017-04-08,US Center,11308,1.0,245.23,-6.79,4.0,4.0,Shipping on time,0,0.0,0,4,5.506266058479704,0,0,0,1
5195,2017-08-31,2017-09-03,Central America,92266,1.0,229.62,39.02,3.0,4.0,Shipping on time,0,-1.0,0,8,5.44077133434297,0,0,0,1
5196,2017-09-07,2017-09-07,Oceania,96101,2.0,386.95,63.98,0.0,1.0,Late delivery,0,-1.0,0,9,5.960876465339958,1,0,0,0
5197,2015-05-08,2015-05-14,West Europe,75810,3.0,95.12,-16.36,6.0,4.0,Late delivery,0,2.0,1,5,4.565597410868269,0,0,0,1
5198,2016-10-23,2016-10-28,South Asia,35663,5.0,44.89,10.6,5.0,2.0,Late delivery,0,3.0,1,10,3.8262472284067424,0,0,1,0
5199,2016-10-04,2016-10-08,US Center,81061,5.0,100.25,38.74,4.0,4.0,Shipping on time,0,0.0,0,10,4.617592705986649,0,0,0,1
5200,2016-04-02,2016-04-03,US Center,50169,2.0,124.34,-2.31,1.0,1.0,Shipping on time,0,0.0,0,4,4.831030044796529,1,0,0,0
5201,2017-04-12,2017-04-15,West Europe,45433,5.0,107.33,34.21,3.0,4.0,Shipping on time,0,-1.0,0,4,4.6851821239574765,0,0,0,1
5202,2015-10-10,2015-10-15,Oceania,41115,4.0,290.68,-23.33,5.0,4.0,Late delivery,0,1.0,1,10,5.675657310930353,0,0,0,1
5203,2017-07-31,2017-08-03,US Center,85103,3.0,548.34,-61.534,3.0,4.0,Shipping on time,0,-1.0,0,7,6.308717557649998,0,0,0,1
5204,2017-08-25,2017-08-30,Eastern Asia,26200,3.0,175.34,9.54,5.0,2.0,Late delivery,0,3.0,1,8,5.172413949658881,0,0,1,0
5205,2016-12-06,2016-12-09,Central America,56048,4.0,47.83,6.37,3.0,4.0,Shipping on time,0,-1.0,0,12,3.888344878073569,0,0,0,1
5206,2015-11-18,2015-11-21,West Europe,58564,5.0,260.36,15.4,3.0,4.0,Shipping on time,0,-1.0,0,11,5.565898767292815,0,0,0,1
5207,2015-06-30,2015-07-03,US Center,54072,2.0,94.72,-4.58,3.0,4.0,Shipping on time,0,-1.0,0,6,4.561427263040173,0,0,0,1
5208,2017-02-25,2017-03-03,US Center,19858,2.0,143.1,-23.03,6.0,4.0,Late delivery,0,2.0,1,2,4.970507503005476,0,0,0,1
5209,2017-07-09,2017-07-14,South Asia,92389,1.0,230.88,10.4,5.0,4.0,Late delivery,0,1.0,1,7,5.446219996471532,0,0,0,1
5210,2017-07-28,2017-08-02,West Europe,51015,2.0,173.86,-26.27,5.0,4.0,Late delivery,0,1.0,1,7,5.163985653752745,0,0,0,1
5211,2016-05-31,2016-06-05,Oceania,27708,3.0,133.82,-10.73,5.0,2.0,Late delivery,0,3.0,1,5,4.903940555425293,0,0,1,0
5212,2015-10-28,2015-10-29,West Europe,97354,3.0,165.57,49.62,1.0,2.0,Late delivery,0,-1.0,0,10,5.115415641489016,0,0,1,0
5213,2016-06-11,2016-06-16,South Asia,93474,1.0,219.71,59.43,5.0,4.0,Late delivery,0,1.0,1,6,5.396849622612283,0,0,0,1
5214,2015-08-20,2015-08-25,US Center,19417,5.0,203.1,64.18,5.0,4.0,Late delivery,0,1.0,1,8,5.318610069815799,0,0,0,1
5215,2017-06-11,2017-06-17,South Asia,94584,5.0,482.98,30.59,6.0,4.0,Late delivery,0,2.0,1,6,6.182043583548792,0,0,0,1
5216,2015-10-30,2015-11-05,South Asia,47304,2.0,36.216,2.97,6.0,4.0,Late delivery,0,2.0,1,10,3.6167387763362537,0,0,0,1
5217,2015-01-17,2015-01-20,Oceania,20183,1.0,932.5600000000057,174.0700000000001,3.0,4.0,Shipping on time,0,-1.0,0,1,6.839005235153027,0,0,0,1
5218,2015-09-13,2015-09-13,US Center,66923,1.0,98.01,26.96,0.0,1.0,Shipping on time,0,-1.0,0,9,4.595220855134423,1,0,0,0
5219,2016-12-20,2016-12-26,US Center,84054,2.0,228.41,-27.66,6.0,4.0,Late delivery,0,2.0,1,12,5.435510795724244,0,0,0,1
5220,2016-12-27,2016-12-27,Eastern Asia,27717,2.0,159.04,42.61,0.0,1.0,Shipping on time,0,-1.0,0,12,5.075423783989034,1,0,0,0
5221,2017-01-31,2017-02-07,US Center,33155,2.0,232.07,-10.58,7.0,4.0,Late delivery,0,3.0,1,1,5.4513388376304395,0,0,0,1
5222,2015-05-05,2015-05-10,West Europe,80700,4.0,59.13,9.76,5.0,4.0,Late delivery,0,1.0,1,5,4.0965088850514775,0,0,0,1
5224,2015-04-10,2015-04-13,Oceania,84656,1.0,205.0,7.85,3.0,4.0,Shipping on time,0,-1.0,0,4,5.327876168789581,0,0,0,1
5225,2015-07-13,2015-07-16,Eastern Asia,26559,1.0,134.94,5.51,3.0,1.0,Late delivery,0,2.0,1,7,4.912213611918492,1,0,0,0
5226,2017-04-15,2017-04-18,West Europe,10224,3.0,109.5,14.18,3.0,1.0,Late delivery,0,2.0,1,4,4.705015520957808,1,0,0,0
5227,2017-07-02,2017-07-05,Oceania,89832,1.0,163.92,7.66,3.0,1.0,Late delivery,0,2.0,1,7,5.105460507838699,1,0,0,0
5228,2016-04-07,2016-04-11,US Center,13480,5.0,374.1,-39.65,4.0,4.0,Shipping on time,0,0.0,0,4,5.927192657087842,0,0,0,1
5229,2015-08-28,2015-09-04,US Center,71784,4.0,39.27,12.64,7.0,4.0,Late delivery,0,3.0,1,8,3.695606774863363,0,0,0,1
5231,2015-11-21,2015-11-21,West Europe,93981,3.0,164.44,-24.31,0.0,1.0,Shipping on time,0,-1.0,0,11,5.108608591320064,1,0,0,0
5232,2015-06-15,2015-06-19,Oceania,61139,2.0,83.23,20.21,4.0,4.0,Shipping on time,0,0.0,0,6,4.433551152327272,0,0,0,1
5233,2017-04-14,2017-04-17,Central America,67051,3.0,206.53,51.91,3.0,1.0,Late delivery,0,2.0,1,4,5.3352759075335685,1,0,0,0
5234,2016-09-21,2016-09-26,Oceania,22189,1.0,142.55,-23.4,5.0,4.0,Late delivery,0,1.0,1,9,4.966683406567073,0,0,0,1
5235,2017-07-09,2017-07-13,South Asia,85450,1.0,287.31,-37.63,4.0,2.0,Late delivery,0,2.0,1,7,5.664036290133685,0,0,1,0
5236,2017-01-21,2017-01-24,US Center,58707,1.0,85.79,-16.73,3.0,4.0,Shipping on time,0,-1.0,0,1,4.463491407656154,0,0,0,1
5237,2015-09-21,2015-09-24,Central America,77690,3.0,248.55,30.71,3.0,1.0,Late delivery,0,2.0,1,9,5.519659295915618,1,0,0,0
5238,2016-12-28,2016-12-31,Central America,73953,4.0,80.76,11.12,3.0,1.0,Late delivery,0,2.0,1,12,4.403788126455394,1,0,0,0
5239,2016-04-24,2016-04-28,Eastern Asia,17227,3.0,168.47,65.68,4.0,4.0,Shipping on time,0,0.0,0,4,5.132675920005281,0,0,0,1
5240,2016-08-26,2016-08-29,West Europe,53975,5.0,211.19,-3.67,3.0,4.0,Shipping on time,0,-1.0,0,8,5.357482099716008,0,0,0,1
5241,2017-04-29,2017-05-02,Central America,81374,5.0,132.48,-14.32,3.0,4.0,Shipping on time,0,-1.0,0,4,4.893951653883173,0,0,0,1
5242,2016-09-12,2016-09-15,Oceania,63358,1.0,204.32,71.44,3.0,4.0,Shipping on time,0,-1.0,0,9,5.324569737692102,0,0,0,1
5243,2016-06-22,2016-06-25,Central America,11118,3.0,97.29,-8.72,3.0,4.0,Shipping on time,0,-1.0,0,6,4.587922292578538,0,0,0,1
5244,2016-02-28,2016-03-03,South Asia,28670,4.0,263.12,43.73,4.0,4.0,Shipping on time,0,0.0,0,2,5.576403545326371,0,0,0,1
5245,2015-08-16,2015-08-22,Central America,Unknown,3.0,102.87,-15.44,6.0,4.0,Late delivery,0,2.0,1,8,4.64314011723972,0,0,0,1
5246,2015-12-04,2015-12-10,US Center,26410,2.0,91.19,25.32,6.0,4.0,Late delivery,0,2.0,1,12,4.523851664810503,0,0,0,1
5247,2016-01-07,2016-01-11,West Europe,48503,4.0,129.78,-18.24,4.0,4.0,Shipping on time,0,0.0,0,1,4.87351652213313,0,0,0,1
5248,2015-04-18,2015-04-20,West Europe,36846,2.0,932.5600000000057,-61.534,2.0,1.0,Late delivery,0,1.0,1,4,6.839005235153027,1,0,0,0
5249,2016-09-24,2016-10-01,South Asia,79075,2.0,84.15,-7.89,7.0,4.0,Late delivery,0,3.0,1,9,4.444414407108697,0,0,0,1
5250,2015-01-02,2015-01-05,Oceania,44333,3.0,145.37,73.13,3.0,1.0,Late delivery,1,2.0,1,1,4.986137662495856,1,0,0,0
5251,2016-12-25,2016-12-28,West Europe,98702,3.0,129.22,13.61,3.0,4.0,Shipping on time,0,-1.0,0,12,4.869225327808716,0,0,0,1
5252,2015-07-07,2015-07-11,Eastern Asia,67603,5.0,200.13,32.25,4.0,4.0,Shipping on time,0,0.0,0,7,5.30395146516513,0,0,0,1
5253,2015-11-05,2015-11-08,South Asia,45142,2.0,56.82,-4.49,3.0,0.0,Late delivery,0,3.0,1,11,4.0573347365882,0,1,0,0
5256,2017-08-22,2017-08-25,Eastern Asia,49513,4.0,76.74,1.41,3.0,4.0,Shipping on time,0,-1.0,0,8,4.353369925424077,0,0,0,1
5257,2017-02-19,2017-02-20,Oceania,80095,1.0,128.54,31.69,1.0,1.0,Shipping on time,0,0.0,0,2,4.863989713754771,1,0,0,0
5258,2015-06-22,2015-06-25,South Asia,58799,5.0,194.86,71.57,3.0,4.0,Shipping on time,0,-1.0,0,6,5.277400118292649,0,0,0,1
5259,2015-10-31,2015-11-04,Central America,21684,1.0,271.72,35.54,4.0,4.0,Shipping on time,0,0.0,0,10,5.6084456278296475,0,0,0,1
5260,2016-01-04,2016-01-08,Eastern Asia,35651,3.0,336.2,30.43,4.0,4.0,Shipping on time,0,0.0,0,1,5.8206762261277,0,0,0,1
5261,2015-09-03,2015-09-07,Eastern Asia,30326,3.0,149.29,40.49,4.0,4.0,Shipping on time,1,0.0,0,9,5.012566760946003,0,0,0,1
5262,2016-05-20,2016-05-22,Oceania,90283,5.0,145.37,-16.64,2.0,1.0,Late delivery,1,1.0,1,5,4.986137662495856,1,0,0,0
5263,2015-10-16,2015-10-20,US Center,20724,1.0,193.67,-26.02,4.0,4.0,Shipping on time,0,0.0,0,10,5.271305817301187,0,0,0,1
5264,2015-01-24,2015-01-25,West Europe,82972,2.0,101.71,11.97,1.0,2.0,Shipping on time,0,-1.0,0,1,4.631909483177713,0,0,1,0
5265,2015-08-19,2015-08-20,Eastern Asia,23079,2.0,192.75,8.68,1.0,1.0,Shipping on time,0,0.0,0,8,5.2665686682334565,1,0,0,0
5266,2016-03-16,2016-03-22,Central America,27178,1.0,73.99,-2.53,6.0,4.0,Late delivery,0,2.0,1,3,4.317354771313298,0,0,0,1
5267,2015-05-14,2015-05-18,Eastern Asia,22474,4.0,312.16,34.59,4.0,4.0,Shipping on time,0,0.0,0,5,5.7467142420397135,0,0,0,1
5268,2016-12-06,2016-12-11,Eastern Asia,52456,3.0,178.55,16.39,5.0,4.0,Late delivery,0,1.0,1,12,5.1904537206720915,0,0,0,1
5269,2016-01-21,2016-01-28,Eastern Asia,37926,5.0,117.34,6.15,7.0,4.0,Late delivery,0,3.0,1,1,4.773561837248548,0,0,0,1
5270,2016-03-25,2016-04-01,Eastern Asia,64261,3.0,61.6,20.2,7.0,4.0,Late delivery,0,3.0,1,3,4.136765278106052,0,0,0,1
5271,2015-07-08,2015-07-13,South Asia,86315,5.0,164.96,-19.93,5.0,4.0,Late delivery,0,1.0,1,7,5.111746795464668,0,0,0,1
5272,2016-06-03,2016-06-08,Oceania,30882,4.0,101.64,34.79,5.0,4.0,Late delivery,0,1.0,1,6,4.631227720307381,0,0,0,1
5273,2016-10-09,2016-10-13,West Europe,45561,1.0,162.05,44.82,4.0,2.0,Late delivery,0,2.0,1,10,5.094056902235328,0,0,1,0
5274,2017-04-30,2017-05-04,US Center,63923,1.0,90.91,-4.32,4.0,4.0,Shipping on time,0,0.0,0,4,4.5208098373700185,0,0,0,1
5275,2015-04-14,2015-04-16,US Center,35294,3.0,100.65,15.12,2.0,0.0,Late delivery,0,2.0,1,4,4.621535540074356,0,1,0,0
5277,2015-12-23,2015-12-27,West Europe,65354,3.0,338.52,45.02,4.0,4.0,Shipping on time,0,0.0,0,12,5.827532855425618,0,0,0,1
5278,2015-05-02,2015-05-06,Central America,49691,1.0,65.29,-6.76,4.0,4.0,Shipping on time,0,0.0,0,5,4.1940390562533,0,0,0,1
5279,2017-08-06,2017-08-13,Central America,38462,3.0,124.09,2.16,7.0,4.0,Late delivery,0,3.0,1,8,4.82903347822665,0,0,0,1
5280,2016-03-18,2016-03-22,South Asia,85643,1.0,176.28,22.32,4.0,4.0,Shipping on time,0,0.0,0,3,5.177730403558919,0,0,0,1
5281,2016-04-03,2016-04-05,South Asia,21248,1.0,127.19,26.9,2.0,2.0,Shipping on time,0,0.0,0,4,4.8535135383240435,0,0,1,0
5282,2016-05-01,2016-05-04,West Europe,84837,2.0,107.18,8.91,3.0,1.0,Late delivery,0,2.0,1,5,4.683796506443281,1,0,0,0
5283,2017-06-10,2017-06-13,South Asia,52173,5.0,511.18,86.32,3.0,4.0,Shipping on time,0,-1.0,0,6,6.238676125755892,0,0,0,1
5284,2016-10-27,2016-10-27,West Europe,45791,4.0,84.29,20.11,0.0,1.0,Shipping on time,0,-1.0,0,10,4.446057214331018,1,0,0,0
5285,2015-08-17,2015-08-20,Eastern Asia,74746,2.0,173.24,45.49,3.0,4.0,Shipping on time,0,-1.0,0,8,5.16043365918465,0,0,0,1
5286,2017-07-25,2017-07-31,South Asia,35397,2.0,104.11,26.64,6.0,4.0,Late delivery,0,2.0,1,7,4.655007420835263,0,0,0,1
5287,2017-02-24,2017-02-28,US Center,84379,5.0,149.29,10.23,4.0,4.0,Shipping on time,1,0.0,0,2,5.012566760946003,0,0,0,1
5288,2015-08-13,2015-08-13,US Center,67688,5.0,36.216,11.35,0.0,1.0,Shipping on time,0,-1.0,0,8,3.6167387763362537,1,0,0,0
5289,2015-03-28,2015-03-31,West Europe,17478,3.0,149.29,-24.2,3.0,4.0,Shipping on time,1,-1.0,0,3,5.012566760946003,0,0,0,1
5290,2017-08-25,2017-08-27,South Asia,77372,5.0,123.0,17.58,2.0,2.0,Shipping on time,0,0.0,0,8,4.820281565605037,0,0,1,0
5291,2017-08-09,2017-08-15,US Center,19338,2.0,78.2,-7.39,6.0,4.0,Late delivery,0,2.0,1,8,4.37197629882038,0,0,0,1
5292,2015-12-30,2016-01-02,Oceania,50079,5.0,378.63,-46.69,3.0,2.0,Late delivery,0,1.0,1,12,5.939197094171505,0,0,1,0
5293,2017-08-19,2017-08-24,South Asia,32895,2.0,118.24,14.42,5.0,4.0,Late delivery,0,1.0,1,8,4.781138268809871,0,0,0,1
5294,2016-06-24,2016-06-28,South Asia,18392,5.0,96.64,14.7,4.0,4.0,Shipping on time,0,0.0,0,6,4.581287245524759,0,0,0,1
5295,2016-11-22,2016-11-23,West Europe,90436,3.0,84.06,28.01,1.0,2.0,Shipping on time,0,-1.0,0,11,4.443356889825488,0,0,1,0
5296,2016-09-15,2016-09-20,US Center,41163,5.0,264.83,69.13,5.0,4.0,Late delivery,0,1.0,1,9,5.582857006727321,0,0,0,1
5297,2015-07-22,2015-07-29,US Center,90631,4.0,142.12,36.29,7.0,4.0,Late delivery,0,3.0,1,7,4.963683439200464,0,0,0,1
5298,2016-01-06,2016-01-07,West Europe,76170,3.0,115.99,10.31,1.0,1.0,Shipping on time,0,0.0,0,1,4.76208846105951,1,0,0,0
5299,2017-01-27,2017-02-02,West Europe,21098,1.0,63.1,3.46,6.0,4.0,Late delivery,0,2.0,1,1,4.160444363926624,0,0,0,1
5300,2016-02-09,2016-02-12,West Europe,96871,2.0,81.24,20.43,3.0,4.0,Shipping on time,0,-1.0,0,2,4.409641801706855,0,0,0,1
5301,2017-03-15,2017-03-20,US Center,63607,2.0,171.8,53.47,5.0,4.0,Late delivery,0,1.0,1,3,5.152134856369956,0,0,0,1
5302,2016-01-15,2016-01-18,Oceania,78244,3.0,137.9,-7.46,3.0,4.0,Shipping on time,0,-1.0,0,1,4.933754249760298,0,0,0,1
5303,2016-10-16,2016-10-23,Central America,75663,1.0,41.75,-5.17,7.0,4.0,Late delivery,0,3.0,1,10,3.755369195382769,0,0,0,1
5304,2017-04-14,2017-04-17,Oceania,38700,1.0,82.68,-0.82,3.0,4.0,Shipping on time,0,-1.0,0,4,4.427000000316613,0,0,0,1
5305,2017-02-15,2017-02-18,Central America,51607,2.0,160.03,6.32,3.0,2.0,Late delivery,0,1.0,1,2,5.081590683029905,0,0,1,0
5306,2017-06-18,2017-06-19,Oceania,72538,1.0,698.75,174.0700000000001,1.0,1.0,Shipping on time,0,0.0,0,6,6.550723128395563,1,0,0,0
5307,2015-09-11,2015-09-12,Central America,53965,1.0,88.9,25.27,1.0,2.0,Shipping on time,0,-1.0,0,9,4.498697941477575,0,0,1,0
5308,2015-01-02,2015-01-06,US Center,85075,5.0,36.8,10.55,4.0,4.0,Shipping on time,0,0.0,0,1,3.632309102625542,0,0,0,1
5309,2017-02-19,2017-02-25,South Asia,65026,1.0,221.16,84.55,6.0,4.0,Late delivery,0,2.0,1,2,5.403397842998544,0,0,0,1
5310,2015-02-24,2015-02-27,US Center,41614,4.0,104.75,35.15,3.0,2.0,Late delivery,0,1.0,1,2,4.661077817926388,0,0,1,0
5311,2015-08-14,2015-08-18,Eastern Asia,35063,4.0,63.22,-5.75,4.0,1.0,Late delivery,0,3.0,1,8,4.162314688661368,1,0,0,0
5312,2016-01-20,2016-01-22,Eastern Asia,37453,5.0,195.83,-10.55,2.0,2.0,Shipping on time,0,0.0,0,1,5.282340412024896,0,0,1,0
5313,2016-05-20,2016-05-23,US Center,43808,1.0,121.5,33.33,3.0,4.0,Shipping on time,0,-1.0,0,5,4.808111029984782,0,0,0,1
5314,2015-01-06,2015-01-10,Oceania,70512,5.0,78.34,27.75,4.0,4.0,Shipping on time,0,0.0,0,1,4.373742415086184,0,0,0,1
5315,2016-01-31,2016-02-02,Eastern Asia,76703,3.0,63.57,1.63,2.0,1.0,Late delivery,0,1.0,1,1,4.167749906638376,1,0,0,0
5316,2015-08-23,2015-08-26,South Asia,36166,5.0,129.72,51.55,3.0,4.0,Shipping on time,0,-1.0,0,8,4.873057631111693,0,0,0,1
5317,2015-08-02,2015-08-06,West Europe,53713,5.0,147.12,-13.85,4.0,4.0,Shipping on time,0,0.0,0,8,4.998022756045412,0,0,0,1
5318,2015-09-23,2015-09-26,Central America,92130,2.0,48.06,-8.48,3.0,1.0,Late delivery,0,2.0,1,9,3.893044038830343,1,0,0,0
5319,2015-09-15,2015-09-22,Central America,78303,1.0,252.28,90.72,7.0,4.0,Late delivery,0,3.0,1,9,5.534495596132702,0,0,0,1
5320,2016-04-07,2016-04-08,Central America,71986,1.0,65.23,0.04,1.0,1.0,Shipping on time,0,0.0,0,4,4.193133532496888,1,0,0,0
5321,2017-06-03,2017-06-06,Eastern Asia,73880,4.0,323.69,-47.96,3.0,4.0,Shipping on time,0,-1.0,0,6,5.782870880975165,0,0,0,1
5322,2017-02-20,2017-02-23,Oceania,29325,3.0,170.44,58.67,3.0,4.0,Shipping on time,0,-1.0,0,2,5.1442333511653215,0,0,0,1
5323,2015-03-03,2015-03-10,US Center,42856,1.0,124.88,-3.75,7.0,4.0,Late delivery,0,3.0,1,3,4.835329072196206,0,0,0,1
5324,2015-10-11,2015-10-16,US Center,28979,5.0,170.84,50.74,5.0,2.0,Late delivery,0,3.0,1,10,5.1465638113205,0,0,1,0
5325,2016-05-06,2016-05-10,Oceania,57506,5.0,97.87,36.29,5.0,4.0,Shipping on time,0,1.0,1,5,4.593805855909042,0,0,0,1
5326,2015-03-08,2015-03-11,Oceania,32567,1.0,134.3,4.12,3.0,1.0,Late delivery,0,2.0,1,3,4.907494535176743,1,0,0,0
5327,2016-04-27,2016-05-03,Central America,77776,5.0,375.22,5.16,6.0,4.0,Late delivery,0,2.0,1,4,5.930174078664875,0,0,0,1
5329,2015-04-22,2015-04-28,Central America,22610,5.0,228.07,-14.19,6.0,4.0,Late delivery,0,2.0,1,4,5.434027633700484,0,0,0,1
5330,2015-09-27,2015-10-04,South Asia,11134,1.0,81.53,29.28,7.0,4.0,Late delivery,0,3.0,1,9,4.413161863604593,0,0,0,1
5331,2015-03-25,2015-03-31,South Asia,36832,3.0,138.08,53.38,6.0,4.0,Late delivery,0,2.0,1,3,4.935049307139661,0,0,0,1
5332,2015-12-29,2016-01-02,Eastern Asia,42720,5.0,249.12,-45.12,4.0,2.0,Late delivery,0,2.0,1,12,5.521940802699097,0,0,1,0
5333,2016-03-12,2016-03-15,West Europe,71373,1.0,67.93,20.08,3.0,4.0,Shipping on time,0,-1.0,0,3,4.23309149689756,0,0,0,1
5334,2016-04-18,2016-04-21,Central America,61609,5.0,170.88,-4.45,3.0,2.0,Late delivery,0,1.0,1,4,5.146796558906795,0,0,1,0
5335,2015-12-25,2015-12-30,Central America,84592,4.0,38.45,2.38,5.0,4.0,Late delivery,0,1.0,1,12,3.6750340472918834,0,0,0,1
5336,2016-06-20,2016-06-25,Oceania,76467,1.0,70.21,-5.63,5.0,2.0,Late delivery,0,3.0,1,6,4.2656332579940335,0,0,1,0
5337,2015-09-16,2015-09-16,Eastern Asia,20993,3.0,108.7,31.86,0.0,0.0,Shipping on time,0,0.0,0,9,4.697749367281185,0,1,0,0
5338,2017-04-21,2017-04-26,Eastern Asia,39022,4.0,237.24,36.87,5.0,4.0,Late delivery,0,1.0,1,4,5.473278568935699,0,0,0,1
5339,2015-09-13,2015-09-16,Oceania,83802,4.0,214.8,39.71,3.0,4.0,Shipping on time,0,-1.0,0,9,5.374352052824034,0,0,0,1
5340,2015-09-10,2015-09-11,US Center,57313,5.0,80.72,18.0,1.0,1.0,Shipping on time,0,0.0,0,9,4.403298769949421,1,0,0,0
5341,2015-08-17,2015-08-17,Central America,99237,2.0,129.12,3.23,0.0,1.0,Shipping on time,0,-1.0,0,8,4.86845710160515,1,0,0,0
5342,2016-10-11,2016-10-13,Eastern Asia,Unknown,2.0,156.2,49.67,2.0,1.0,Late delivery,0,1.0,1,10,5.057518879995106,1,0,0,0
5343,2016-09-30,2016-10-03,Oceania,20087,2.0,54.66,-9.64,3.0,4.0,Shipping on time,0,-1.0,0,9,4.019261756097745,0,0,0,1
5344,2017-01-23,2017-01-27,Eastern Asia,16543,3.0,180.12,18.35,4.0,4.0,Shipping on time,0,0.0,0,1,5.199159795014818,0,0,0,1
5345,2017-09-04,2017-09-11,West Europe,46566,1.0,314.2,26.3,7.0,4.0,Late delivery,0,3.0,1,9,5.753207357983724,0,0,0,1
5346,2015-03-25,2015-03-30,Oceania,11795,3.0,294.64,25.93,5.0,4.0,Late delivery,0,1.0,1,3,5.689142497916686,0,0,0,1
5347,2015-11-03,2015-11-08,US Center,Unknown,2.0,97.99,13.24,5.0,4.0,Late delivery,0,1.0,1,11,4.595018834931716,0,0,0,1
5348,2017-04-30,2017-05-07,Central America,58549,2.0,109.37,22.13,7.0,4.0,Late delivery,0,3.0,1,4,4.703838357784793,0,0,0,1
5349,2016-02-04,2016-02-08,Oceania,45181,5.0,79.69,-2.39,4.0,4.0,Shipping on time,0,0.0,0,2,4.390614651860415,0,0,0,1
5350,2015-09-24,2015-09-28,Oceania,57463,3.0,103.79,13.18,4.0,4.0,Shipping on time,0,0.0,0,9,4.65195834748685,0,0,0,1
5351,2016-11-28,2016-12-03,Oceania,43441,1.0,120.27,-0.04,5.0,4.0,Late delivery,0,1.0,1,11,4.7980194646687,0,0,0,1
5352,2016-06-17,2016-06-21,Oceania,97827,1.0,210.34,82.67,4.0,4.0,Shipping on time,0,0.0,0,6,5.353468211012885,0,0,0,1
5353,2015-11-04,2015-11-05,West Europe,98542,4.0,146.81,46.94,1.0,2.0,Shipping on time,0,-1.0,0,11,4.995927665223982,0,0,1,0
5354,2017-03-03,2017-03-07,Central America,70614,3.0,80.05,-15.54,4.0,4.0,Shipping on time,0,0.0,0,3,4.395066248181685,0,0,0,1
5355,2015-05-07,2015-05-07,Oceania,91011,5.0,228.48,-37.08,0.0,0.0,Shipping on time,0,0.0,0,5,5.435815879733671,0,1,0,0
5356,2016-04-27,2016-04-29,US Center,75192,3.0,237.01,-4.36,2.0,1.0,Late delivery,0,1.0,1,4,5.472312689595516,1,0,0,0
5357,2016-10-11,2016-10-13,Eastern Asia,12678,4.0,96.87,22.01,1.0,0.0,Late delivery,0,1.0,1,10,4.583640067437728,0,1,0,0
5358,2017-01-30,2017-01-31,Central America,46363,5.0,120.5,47.89,1.0,2.0,Shipping on time,0,-1.0,0,1,4.799914262780603,0,0,1,0
5359,2015-12-21,2015-12-27,Eastern Asia,64001,1.0,131.42,45.88,6.0,4.0,Late delivery,0,2.0,1,12,4.8859786894967,0,0,0,1
5360,2015-05-16,2015-05-20,US Center,63653,2.0,52.11,-10.07,4.0,4.0,Shipping on time,0,0.0,0,5,3.972365234434308,0,0,0,1
5361,2015-01-04,2015-01-10,US Center,58773,4.0,151.58,-12.03,6.0,4.0,Late delivery,0,2.0,1,1,5.027689048662084,0,0,0,1
5362,2017-08-12,2017-08-15,Central America,60589,5.0,209.24,81.63,3.0,4.0,Shipping on time,0,-1.0,0,8,5.348249735296246,0,0,0,1
5363,2015-11-25,2015-12-02,Eastern Asia,85332,1.0,449.61,35.34,7.0,4.0,Late delivery,0,3.0,1,11,6.110602220383938,0,0,0,1
5364,2016-04-06,2016-04-07,Central America,76130,4.0,156.87,24.92,1.0,1.0,Shipping on time,0,0.0,0,4,5.061771909543635,1,0,0,0
5365,2017-05-29,2017-06-02,West Europe,21816,1.0,117.82,10.18,4.0,1.0,Late delivery,0,3.0,1,5,4.777609742927595,1,0,0,0
5366,2016-11-19,2016-11-24,Eastern Asia,66505,5.0,127.96,16.17,5.0,2.0,Late delivery,0,3.0,1,11,4.859502278758318,0,0,1,0
5367,2015-02-23,2015-03-02,Central America,93162,1.0,201.8,-28.67,7.0,4.0,Late delivery,0,3.0,1,2,5.312220271717028,0,0,0,1
5368,2015-05-29,2015-05-29,Central America,28188,5.0,145.37,67.02,0.0,1.0,Shipping on time,1,-1.0,0,5,4.986137662495856,1,0,0,0
5369,2017-06-10,2017-06-12,Eastern Asia,57592,1.0,83.55,4.05,2.0,1.0,Late delivery,0,1.0,1,6,4.4373430753445895,1,0,0,0
5370,2016-11-18,2016-11-25,Eastern Asia,29489,5.0,157.01,20.38,7.0,4.0,Late delivery,0,3.0,1,11,5.062658322163408,0,0,0,1
5371,2016-09-06,2016-09-12,South Asia,23929,2.0,207.11,-1.39,6.0,4.0,Late delivery,0,2.0,1,9,5.33806678606532,0,0,0,1
5372,2017-05-23,2017-05-27,Central America,70511,3.0,41.94,-3.21,4.0,4.0,Shipping on time,0,0.0,0,5,3.759803792450635,0,0,0,1
5374,2017-01-17,2017-01-19,Central America,23573,4.0,123.13,8.23,2.0,1.0,Late delivery,0,1.0,1,1,4.821329403527856,1,0,0,0
5375,2016-07-15,2016-07-22,US Center,Unknown,1.0,236.12,-26.09,7.0,4.0,Late delivery,0,3.0,1,7,5.468566342107722,0,0,0,1
5376,2017-07-13,2017-07-16,West Europe,61927,1.0,136.2,30.57,3.0,4.0,Shipping on time,0,-1.0,0,7,4.921439715291784,0,0,0,1
5377,2016-12-11,2016-12-15,West Europe,91648,4.0,120.84,-4.93,4.0,4.0,Shipping on time,0,0.0,0,12,4.8027087085869065,0,0,0,1
5378,2015-03-28,2015-03-31,Central America,84540,5.0,133.87,47.81,3.0,1.0,Late delivery,0,2.0,1,3,4.904311351528766,1,0,0,0
5379,2017-06-05,2017-06-12,Oceania,44206,3.0,166.48,53.44,7.0,4.0,Late delivery,0,3.0,1,6,5.120863941150943,0,0,0,1
5380,2015-06-04,2015-06-07,Oceania,17817,5.0,236.0,86.55,3.0,2.0,Late delivery,0,1.0,1,6,5.4680601411351315,0,0,1,0
5381,2015-06-21,2015-06-24,South Asia,66415,1.0,119.61,19.69,3.0,4.0,Shipping on time,0,-1.0,0,6,4.792562199595151,0,0,0,1
5382,2017-01-25,2017-01-29,US Center,89711,3.0,71.56,10.61,4.0,2.0,Late delivery,0,2.0,1,1,4.2844138058068815,0,0,1,0
5383,2015-04-21,2015-04-24,South Asia,98309,4.0,92.17,1.18,3.0,1.0,Late delivery,0,2.0,1,4,4.534425781462334,1,0,0,0
5384,2015-01-29,2015-01-29,US Center,28287,5.0,78.04,-14.07,0.0,1.0,Shipping on time,0,-1.0,0,1,4.369954053439613,1,0,0,0
5385,2016-07-25,2016-07-27,South Asia,73414,2.0,221.26,60.27,2.0,1.0,Late delivery,0,1.0,1,7,5.4038478677575,1,0,0,0
5386,2016-09-09,2016-09-12,Oceania,24348,4.0,78.92,13.68,3.0,4.0,Shipping on time,0,-1.0,0,9,4.381026134340298,0,0,0,1
5387,2016-04-24,2016-05-01,Central America,68863,2.0,349.27,-3.91,7.0,4.0,Late delivery,0,3.0,1,4,5.858704285656805,0,0,0,1
5388,2015-12-11,2015-12-17,Oceania,13928,1.0,151.75,22.85,6.0,4.0,Late delivery,0,2.0,1,12,5.028802598051705,0,0,0,1
5389,2016-06-04,2016-06-09,Oceania,89267,3.0,133.12,44.23,5.0,4.0,Late delivery,0,1.0,1,6,4.898734921598028,0,0,0,1
5390,2016-05-17,2016-05-20,Oceania,91697,2.0,307.32,-28.73,3.0,4.0,Shipping on time,0,-1.0,0,5,5.731138204666056,0,0,0,1
5391,2015-12-26,2015-12-31,Central America,22779,2.0,112.68,-16.02,5.0,2.0,Late delivery,0,3.0,1,12,4.733387483788845,0,0,1,0
5393,2017-09-06,2017-09-12,Oceania,34444,4.0,224.29,-13.29,6.0,4.0,Late delivery,0,2.0,1,9,5.417388461189051,0,0,0,1
5394,2017-02-23,2017-02-26,US Center,42273,4.0,219.05,79.27,3.0,2.0,Late delivery,0,1.0,1,2,5.3938547932571,0,0,1,0
5395,2016-08-27,2016-08-31,US Center,87939,3.0,77.27,24.32,4.0,2.0,Late delivery,0,2.0,1,8,4.360164387816747,0,0,1,0
5396,2015-01-27,2015-01-30,West Europe,53152,5.0,614.46,-61.534,3.0,0.0,Late delivery,0,3.0,1,1,6.422369955697924,0,1,0,0
5397,2016-09-02,2016-09-09,South Asia,51734,2.0,197.78,1.43,7.0,4.0,Late delivery,0,3.0,1,9,5.2921986855398595,0,0,0,1
5398,2017-06-30,2017-07-03,Eastern Asia,38593,1.0,66.27,15.7,3.0,4.0,Shipping on time,0,-1.0,0,6,4.208714372037514,0,0,0,1
5400,2016-07-06,2016-07-11,Central America,66828,1.0,245.35,89.78,5.0,4.0,Late delivery,0,1.0,1,7,5.506753288989972,0,0,0,1
5402,2017-03-16,2017-03-22,US Center,97785,1.0,235.52,-45.62,6.0,4.0,Late delivery,0,2.0,1,3,5.466032770952629,0,0,0,1
5403,2015-10-10,2015-10-15,West Europe,80720,4.0,149.29,174.0700000000001,5.0,4.0,Late delivery,1,1.0,1,10,5.012566760946003,0,0,0,1
5404,2016-04-25,2016-04-30,US Center,50947,3.0,246.45,-31.21,5.0,4.0,Late delivery,0,1.0,1,4,5.511208541397895,0,0,0,1
5405,2017-09-19,2017-09-23,Eastern Asia,Unknown,3.0,470.5,-42.15,4.0,2.0,Late delivery,0,2.0,1,9,6.155919102073512,0,0,1,0
5406,2015-03-24,2015-03-31,US Center,29178,5.0,212.3,51.93,7.0,4.0,Late delivery,0,3.0,1,3,5.362699625477305,0,0,0,1
5407,2015-05-18,2015-05-24,Central America,99333,1.0,94.75,19.45,6.0,4.0,Late delivery,0,2.0,1,5,4.561740628060756,0,0,0,1
5408,2015-08-03,2015-08-09,US Center,56704,5.0,349.9,-38.97,6.0,4.0,Late delivery,0,2.0,1,8,5.860501282589169,0,0,0,1
5409,2016-05-20,2016-05-24,Oceania,79755,1.0,92.9,35.04,4.0,4.0,Shipping on time,0,0.0,0,5,4.542230386214217,0,0,0,1
5410,2015-06-25,2015-07-02,Eastern Asia,27016,4.0,251.23,21.68,7.0,4.0,Late delivery,0,3.0,1,6,5.530341369668184,0,0,0,1
5411,2017-01-01,2017-01-06,Oceania,94500,5.0,209.57,35.2,5.0,4.0,Late delivery,0,1.0,1,1,5.34981813941044,0,0,0,1
5412,2015-10-08,2015-10-12,Oceania,Unknown,2.0,85.27,-9.03,4.0,4.0,Shipping on time,0,0.0,0,10,4.457481913088487,0,0,0,1
5413,2016-09-13,2016-09-20,Eastern Asia,91055,2.0,92.95,29.44,7.0,4.0,Late delivery,0,3.0,1,9,4.5427627258594745,0,0,0,1
5414,2015-08-28,2015-09-03,Eastern Asia,50070,5.0,127.72,39.2,6.0,4.0,Late delivery,0,2.0,1,8,4.857639502684128,0,0,0,1
5415,2017-01-31,2017-02-05,Central America,89906,5.0,180.74,0.4,5.0,4.0,Late delivery,0,1.0,1,1,5.202577094267201,0,0,0,1
5416,2016-05-04,2016-05-11,Oceania,13647,1.0,316.43,32.96,7.0,4.0,Late delivery,0,3.0,1,5,5.76025732158418,0,0,0,1
5417,2015-12-28,2016-01-04,US Center,50091,2.0,149.02,-25.36,7.0,4.0,Late delivery,0,3.0,1,12,5.010768618541491,0,0,0,1
5418,2016-12-24,2016-12-28,Eastern Asia,79981,3.0,446.22,138.6,4.0,1.0,Late delivery,0,3.0,1,12,6.10305064356,1,0,0,0
5419,2015-06-12,2015-06-12,Eastern Asia,69197,3.0,241.27,-24.16,0.0,1.0,Shipping on time,0,-1.0,0,6,5.4900528067025665,1,0,0,0
5420,2016-08-24,2016-08-29,Eastern Asia,57307,3.0,97.37,28.12,5.0,4.0,Late delivery,0,1.0,1,8,4.588735879524666,0,0,0,1
5421,2015-08-16,2015-08-21,Eastern Asia,12988,5.0,98.79,-10.49,5.0,4.0,Late delivery,0,1.0,1,8,4.603067977896221,0,0,0,1
5422,2015-09-17,2015-09-24,Eastern Asia,Unknown,5.0,150.84,13.82,7.0,4.0,Late delivery,0,3.0,1,9,5.022827334861618,0,0,0,1
5423,2016-07-03,2016-07-09,Central America,39984,1.0,105.02,37.27,6.0,4.0,Late delivery,0,2.0,1,7,4.66362775555966,0,0,0,1
5424,2016-11-26,2016-12-02,South Asia,46816,2.0,136.09,-14.46,6.0,4.0,Late delivery,0,2.0,1,11,4.920637644447809,0,0,0,1
5425,2016-06-03,2016-06-07,US Center,29022,1.0,229.02,-16.4,4.0,4.0,Shipping on time,0,0.0,0,6,5.438166261664436,0,0,0,1
5426,2015-05-20,2015-05-27,Eastern Asia,98057,5.0,168.33,11.26,5.0,4.0,Late delivery,0,1.0,1,5,5.131849473677249,0,0,0,1
5427,2016-02-11,2016-02-14,Central America,62214,4.0,258.59,49.21,3.0,4.0,Shipping on time,0,-1.0,0,2,5.559103463286757,0,0,0,1
5428,2017-05-09,2017-05-11,Central America,50933,2.0,95.36,-17.18,2.0,2.0,Shipping on time,0,0.0,0,5,4.568091177746671,0,0,1,0
5429,2017-07-07,2017-07-13,Eastern Asia,95037,2.0,85.98,3.99,6.0,4.0,Late delivery,0,2.0,1,7,4.465678207169493,0,0,0,1
5430,2016-01-08,2016-01-08,West Europe,52143,5.0,62.36,-3.02,0.0,1.0,Shipping on time,0,-1.0,0,1,4.14883274750617,1,0,0,0
5431,2016-02-05,2016-02-08,West Europe,29320,3.0,49.6,-2.79,3.0,1.0,Late delivery,0,2.0,1,2,3.92395157629342,1,0,0,0
5432,2015-08-31,2015-09-07,South Asia,15364,3.0,110.53,-5.74,7.0,4.0,Late delivery,0,3.0,1,8,4.714293613006445,0,0,0,1
5433,2015-08-01,2015-08-03,Oceania,24920,5.0,150.73,28.22,2.0,2.0,Shipping on time,0,0.0,0,8,5.0221026255371495,0,0,1,0
5434,2016-06-28,2016-06-28,Eastern Asia,57826,2.0,128.43,28.46,0.0,0.0,Shipping on time,0,0.0,0,6,4.863140194454346,0,1,0,0
5435,2016-08-24,2016-08-27,US Center,65180,2.0,145.43,-12.14,3.0,4.0,Shipping on time,0,-1.0,0,8,4.986547498567166,0,0,0,1
5436,2016-09-26,2016-10-02,Central America,47248,3.0,494.21,-34.74,6.0,4.0,Late delivery,0,2.0,1,9,6.20498191502756,0,0,0,1
5437,2016-08-04,2016-08-11,Eastern Asia,10409,1.0,75.39,20.35,7.0,4.0,Late delivery,0,3.0,1,8,4.335851797553269,0,0,0,1
5438,2016-08-10,2016-08-15,Central America,Unknown,4.0,123.47,46.78,5.0,4.0,Late delivery,0,1.0,1,8,4.824064723012886,0,0,0,1
5439,2017-02-23,2017-03-01,Oceania,69403,1.0,108.31,11.92,6.0,4.0,Late delivery,0,2.0,1,2,4.694187882305744,0,0,0,1
5440,2016-12-22,2016-12-25,West Europe,32572,2.0,84.23,31.25,3.0,4.0,Shipping on time,0,-1.0,0,12,4.445353484534206,0,0,0,1
5441,2016-07-13,2016-07-18,Eastern Asia,32062,4.0,327.15,56.44,5.0,2.0,Late delivery,0,3.0,1,7,5.793470820919731,0,0,1,0
5442,2017-02-13,2017-02-19,Eastern Asia,25666,1.0,142.62,-4.55,6.0,4.0,Late delivery,0,2.0,1,2,4.967170922682172,0,0,0,1
5443,2015-01-08,2015-01-15,Central America,82530,2.0,308.4,116.28,7.0,4.0,Late delivery,0,3.0,1,1,5.734634938138965,0,0,0,1
5444,2017-07-28,2017-07-29,West Europe,41852,1.0,73.97,-6.28,1.0,1.0,Shipping on time,0,0.0,0,7,4.31708803351497,1,0,0,0
5445,2016-04-28,2016-05-02,Eastern Asia,68597,3.0,448.75,143.9,4.0,4.0,Shipping on time,0,0.0,0,4,6.108691872830643,0,0,0,1
5446,2016-10-05,2016-10-10,US Center,31313,3.0,567.04,174.0700000000001,5.0,4.0,Late delivery,0,1.0,1,10,6.342191838776812,0,0,0,1
5447,2015-07-04,2015-07-07,US Center,33657,2.0,86.39,1.74,3.0,1.0,Late delivery,0,2.0,1,7,4.4703808596394525,1,0,0,0
5449,2015-08-23,2015-08-28,US Center,51156,2.0,134.94,45.1,5.0,4.0,Late delivery,0,1.0,1,8,4.912213611918492,0,0,0,1
5450,2016-08-21,2016-08-28,Central America,23734,1.0,204.02,21.36,7.0,4.0,Late delivery,0,3.0,1,8,5.3231075353552555,0,0,0,1
5451,2017-02-09,2017-02-11,West Europe,99724,4.0,66.89,0.46,2.0,2.0,Shipping on time,0,0.0,0,2,4.217888748313555,0,0,1,0
5452,2017-01-01,2017-01-06,South Asia,89967,2.0,193.27,30.09,5.0,4.0,Late delivery,0,1.0,1,1,5.269248944050689,0,0,0,1
5453,2017-08-20,2017-08-25,West Europe,88944,5.0,225.86,82.21,5.0,4.0,Late delivery,0,1.0,1,8,5.424333087130896,0,0,0,1
5454,2016-04-17,2016-04-21,West Europe,24855,3.0,101.91,25.68,4.0,4.0,Shipping on time,0,0.0,0,4,4.6338548198480005,0,0,0,1
5455,2017-05-22,2017-05-28,Eastern Asia,52156,4.0,37.55,6.29,6.0,4.0,Late delivery,0,2.0,1,5,3.6519561000093383,0,0,0,1
5456,2015-08-07,2015-08-07,Oceania,62091,1.0,97.16,28.42,0.0,1.0,Shipping on time,0,-1.0,0,8,4.586598800402656,1,0,0,0
5457,2015-08-24,2015-08-29,South Asia,51553,4.0,115.32,18.66,5.0,2.0,Late delivery,0,3.0,1,8,4.756345013785209,0,0,1,0
5458,2016-11-23,2016-11-25,Central America,69803,3.0,231.27,11.32,2.0,0.0,Late delivery,0,2.0,1,11,5.447900488087526,0,1,0,0
5459,2016-03-02,2016-03-07,Eastern Asia,48154,2.0,100.87,33.53,5.0,4.0,Late delivery,0,1.0,1,3,4.623697490601975,0,0,0,1
5460,2016-05-04,2016-05-09,Eastern Asia,24975,5.0,73.36,6.85,5.0,4.0,Late delivery,0,1.0,1,5,4.308918162853243,0,0,0,1
5461,2017-05-10,2017-05-14,Eastern Asia,16198,2.0,211.88,40.03,4.0,4.0,Shipping on time,0,0.0,0,5,5.360728626669434,0,0,0,1
5462,2015-01-21,2015-01-28,West Europe,23873,3.0,182.83,-4.07,7.0,4.0,Late delivery,0,3.0,1,1,5.21401141749478,0,0,0,1
5463,2017-04-21,2017-04-27,Eastern Asia,61596,1.0,227.34,51.22,6.0,4.0,Late delivery,0,2.0,1,4,5.4308357462481816,0,0,0,1
5464,2016-02-29,2016-03-03,West Europe,91916,5.0,150.55,52.57,3.0,4.0,Shipping on time,0,-1.0,0,2,5.020915603503812,0,0,0,1
5465,2015-02-27,2015-03-05,US Center,Unknown,4.0,276.09,7.59,6.0,4.0,Late delivery,0,2.0,1,2,5.6243423631628895,0,0,0,1
5466,2016-01-18,2016-01-24,Central America,55066,5.0,199.22,58.29,6.0,4.0,Late delivery,0,2.0,1,1,5.2994167619913375,0,0,0,1
5467,2015-10-06,2015-10-08,Central America,12917,4.0,50.2,19.04,2.0,1.0,Late delivery,0,1.0,1,10,3.9357395320454622,1,0,0,0
5468,2017-04-08,2017-04-15,Central America,14421,5.0,165.11,27.43,7.0,4.0,Late delivery,0,3.0,1,4,5.112650219502986,0,0,0,1
5469,2016-08-15,2016-08-18,Central America,94603,5.0,233.07,9.45,3.0,1.0,Late delivery,0,2.0,1,8,5.455620215921813,1,0,0,0
5470,2016-11-25,2016-11-29,Eastern Asia,25184,2.0,932.5600000000057,52.18,4.0,4.0,Shipping on time,0,0.0,0,11,6.839005235153027,0,0,0,1
5471,2015-07-15,2015-07-21,South Asia,82874,3.0,352.33,-57.26,6.0,4.0,Late delivery,0,2.0,1,7,5.867402464431239,0,0,0,1
5472,2015-01-04,2015-01-07,West Europe,91531,4.0,111.6,2.49,3.0,0.0,Late delivery,0,3.0,1,1,4.72384171570559,0,1,0,0
5473,2015-01-21,2015-01-27,US Center,19063,3.0,222.98,0.35,6.0,4.0,Late delivery,0,2.0,1,1,5.4115567621545475,0,0,0,1
5474,2016-02-22,2016-02-25,South Asia,29706,2.0,70.17,-0.12,3.0,4.0,Shipping on time,0,-1.0,0,2,4.26507138131118,0,0,0,1
5475,2015-08-09,2015-08-12,Central America,56481,2.0,146.73,5.8,3.0,4.0,Shipping on time,0,-1.0,0,8,4.9953862833335165,0,0,0,1
5476,2017-02-07,2017-02-10,Oceania,53882,4.0,105.54,-5.09,3.0,4.0,Shipping on time,0,-1.0,0,2,4.668520501488853,0,0,0,1
5477,2016-06-25,2016-07-01,West Europe,16435,1.0,149.29,21.83,6.0,4.0,Late delivery,1,2.0,1,6,5.012566760946003,0,0,0,1
5478,2016-09-03,2016-09-08,West Europe,91208,4.0,67.02,6.8,5.0,2.0,Late delivery,0,3.0,1,9,4.21980177957905,0,0,1,0
5479,2016-12-15,2016-12-18,Oceania,79765,4.0,167.86,42.93,3.0,2.0,Late delivery,0,1.0,1,12,5.129069969241354,0,0,1,0
5480,2017-06-14,2017-06-19,US Center,25086,4.0,189.79,-25.5,5.0,4.0,Late delivery,0,1.0,1,6,5.251173346739219,0,0,0,1
5481,2017-01-08,2017-01-15,Central America,22796,4.0,100.32,33.42,7.0,4.0,Late delivery,0,3.0,1,1,4.618283825133474,0,0,0,1
5482,2016-08-05,2016-08-09,US Center,16632,2.0,69.88,-4.17,4.0,4.0,Shipping on time,0,0.0,0,8,4.2609883062968255,0,0,0,1
5483,2016-07-19,2016-07-22,South Asia,95570,4.0,86.77,-1.94,3.0,1.0,Late delivery,0,2.0,1,7,4.474719756604026,1,0,0,0
5484,2015-06-01,2015-06-08,West Europe,69113,2.0,231.7,48.84,7.0,4.0,Late delivery,0,3.0,1,6,5.449750070308246,0,0,0,1
5485,2016-08-21,2016-08-28,Eastern Asia,Unknown,2.0,149.29,20.26,7.0,4.0,Late delivery,1,3.0,1,8,5.012566760946003,0,0,0,1
5486,2017-02-27,2017-03-06,US Center,55235,5.0,290.7,58.29,7.0,4.0,Late delivery,0,3.0,1,2,5.675725876873676,0,0,0,1
5487,2016-06-04,2016-06-11,Oceania,48417,1.0,53.95,7.0,7.0,4.0,Late delivery,0,3.0,1,6,4.006423680849631,0,0,0,1
5488,2015-03-09,2015-03-12,Eastern Asia,78639,4.0,173.69,-8.61,3.0,1.0,Late delivery,0,2.0,1,3,5.163012974517138,1,0,0,0
5489,2017-03-05,2017-03-05,Central America,21298,2.0,219.16,-26.76,0.0,0.0,Shipping on time,0,0.0,0,3,5.394354554744979,0,1,0,0
5490,2016-09-28,2016-10-05,South Asia,11443,2.0,305.75,-10.15,7.0,4.0,Late delivery,0,3.0,1,9,5.7260330835910205,0,0,0,1
5491,2016-10-12,2016-10-13,Central America,60090,2.0,113.61,-8.47,1.0,2.0,Shipping on time,0,-1.0,0,10,4.741535060508608,0,0,1,0
5492,2015-02-16,2015-02-23,Oceania,42899,4.0,92.89,11.78,7.0,4.0,Late delivery,0,3.0,1,2,4.542123884270456,0,0,0,1
5493,2016-11-13,2016-11-16,West Europe,71137,2.0,62.6,14.45,3.0,1.0,Late delivery,0,2.0,1,11,4.152613470346076,1,0,0,0
5494,2015-01-27,2015-02-03,South Asia,82463,1.0,253.72,50.86,7.0,4.0,Late delivery,0,3.0,1,1,5.540164902656018,0,0,0,1
5495,2017-06-22,2017-06-25,Central America,59592,5.0,136.1,-6.84,3.0,4.0,Shipping on time,0,-1.0,0,6,4.920710586568268,0,0,0,1
5496,2016-01-18,2016-01-24,US Center,66332,2.0,111.65,13.72,6.0,4.0,Late delivery,0,2.0,1,1,4.724285666878253,0,0,0,1
5497,2015-04-28,2015-05-05,Oceania,57275,5.0,114.37,39.26,7.0,4.0,Late delivery,0,3.0,1,4,4.748144354939198,0,0,0,1
5498,2015-01-28,2015-02-04,Central America,96786,3.0,171.27,23.66,7.0,4.0,Late delivery,0,3.0,1,1,5.149063013458278,0,0,0,1
5500,2017-09-02,2017-09-07,Oceania,95540,3.0,298.61,85.97,5.0,2.0,Late delivery,0,3.0,1,9,5.702481628923153,0,0,1,0
5501,2016-06-15,2016-06-20,West Europe,89809,3.0,40.47,-0.79,5.0,4.0,Late delivery,0,1.0,1,6,3.7249702742582897,0,0,0,1
5502,2015-02-02,2015-02-03,West Europe,91429,4.0,244.31,85.78,1.0,2.0,Shipping on time,0,-1.0,0,2,5.5025227168419955,0,0,1,0
5503,2016-03-22,2016-03-28,Central America,42306,3.0,106.95,26.48,6.0,4.0,Late delivery,0,2.0,1,3,4.681668156960816,0,0,0,1
5504,2015-05-27,2015-05-30,Oceania,67019,1.0,140.48,-13.12,3.0,1.0,Late delivery,0,2.0,1,5,4.95215836433728,1,0,0,0
5505,2017-06-27,2017-06-28,Central America,32016,1.0,121.95,-17.51,1.0,2.0,Shipping on time,0,-1.0,0,6,4.811777768662202,0,0,1,0
5506,2015-09-28,2015-10-03,South Asia,17828,3.0,139.95,-2.65,5.0,4.0,Late delivery,0,1.0,1,9,4.948405217560121,0,0,0,1
5507,2015-11-05,2015-11-11,Eastern Asia,20249,5.0,231.77,85.09,6.0,4.0,Late delivery,0,2.0,1,11,5.450050841573968,0,0,0,1
5508,2017-08-19,2017-08-22,South Asia,29122,2.0,168.29,65.64,3.0,4.0,Shipping on time,0,-1.0,0,8,5.131613220649158,0,0,0,1
5509,2016-11-07,2016-11-14,West Europe,82374,2.0,62.03,8.41,7.0,4.0,Late delivery,0,3.0,1,11,4.143610803525019,0,0,0,1
5510,2016-04-20,2016-04-23,Central America,85674,5.0,141.58,-15.48,3.0,4.0,Shipping on time,0,-1.0,0,4,4.959903245689483,0,0,0,1
5511,2016-11-26,2016-11-29,Central America,69158,4.0,139.03,13.46,3.0,4.0,Shipping on time,0,-1.0,0,11,4.941856685367686,0,0,0,1
5512,2016-03-21,2016-03-21,Central America,57875,1.0,184.26,58.67,0.0,1.0,Shipping on time,0,-1.0,0,3,5.221760243825881,1,0,0,0
5513,2015-08-27,2015-09-03,South Asia,49295,3.0,151.15,21.56,7.0,4.0,Late delivery,0,3.0,1,8,5.02486687634298,0,0,0,1
5514,2015-06-04,2015-06-09,South Asia,78088,2.0,140.58,-21.17,5.0,4.0,Late delivery,0,1.0,1,6,4.9528649283460435,0,0,0,1
5515,2015-01-09,2015-01-13,Oceania,41937,3.0,273.0,32.96,4.0,4.0,Shipping on time,0,0.0,0,1,5.6131281063880705,0,0,0,1
5516,2015-11-09,2015-11-16,Central America,55420,2.0,76.8,30.18,7.0,4.0,Late delivery,0,3.0,1,11,4.354141431184346,0,0,0,1
5517,2016-02-23,2016-02-25,South Asia,83761,1.0,545.84,-61.534,2.0,2.0,Shipping on time,0,0.0,0,2,6.304156255063791,0,0,1,0
5518,2017-06-21,2017-06-24,South Asia,49182,1.0,105.27,-4.4,3.0,4.0,Shipping on time,0,-1.0,0,6,4.6659830253846035,0,0,0,1
5519,2015-07-21,2015-07-24,US Center,86317,2.0,79.33,23.17,3.0,0.0,Late delivery,0,3.0,1,7,4.386143150185721,0,1,0,0
5520,2016-03-02,2016-03-06,Eastern Asia,56225,2.0,236.34,55.52,4.0,4.0,Shipping on time,0,0.0,0,3,5.469493712236993,0,0,0,1
5521,2015-07-10,2015-07-16,Eastern Asia,77062,4.0,281.49,100.99,6.0,4.0,Late delivery,0,2.0,1,7,5.643643151729875,0,0,0,1
5522,2015-06-02,2015-06-03,Central America,38842,1.0,312.97,-36.8,1.0,2.0,Shipping on time,0,-1.0,0,6,5.749297439942609,0,0,1,0
5523,2016-04-05,2016-04-09,South Asia,71726,5.0,354.65,38.96,4.0,4.0,Shipping on time,0,0.0,0,4,5.873947101179524,0,0,0,1
5524,2015-10-26,2015-10-26,US Center,72758,4.0,196.88,26.01,0.0,1.0,Shipping on time,0,-1.0,0,10,5.287660786359508,1,0,0,0
5525,2015-06-29,2015-07-06,Eastern Asia,96489,2.0,153.69,23.15,7.0,4.0,Late delivery,0,3.0,1,6,5.041423114248573,0,0,0,1
5526,2016-08-31,2016-09-06,South Asia,18049,3.0,185.45,-20.35,6.0,4.0,Late delivery,0,2.0,1,8,5.22816310662483,0,0,0,1
5527,2016-07-13,2016-07-14,Central America,51081,4.0,147.65,29.52,1.0,2.0,Shipping on time,0,-1.0,0,7,5.001594549444107,0,0,1,0
5528,2015-01-16,2015-01-17,West Europe,78328,4.0,106.86,39.33,1.0,1.0,Shipping on time,0,0.0,0,1,4.680834089909081,1,0,0,0
5529,2016-09-07,2016-09-10,Eastern Asia,96656,1.0,387.61,-1.85,3.0,1.0,Late delivery,0,2.0,1,9,5.962576270014197,1,0,0,0
5530,2015-01-17,2015-01-22,US Center,65512,5.0,440.45,161.18,5.0,4.0,Late delivery,0,1.0,1,1,6.090064763347591,0,0,0,1
5531,2016-04-15,2016-04-20,South Asia,22656,3.0,148.81,17.31,5.0,4.0,Late delivery,0,1.0,1,4,5.00936782452929,0,0,0,1
5532,2015-08-19,2015-08-22,Central America,70425,2.0,129.04,34.63,3.0,4.0,Shipping on time,0,-1.0,0,8,4.867842095435704,0,0,0,1
5533,2016-07-18,2016-07-23,Eastern Asia,80076,2.0,110.34,26.14,5.0,2.0,Late delivery,0,3.0,1,7,4.7125885827553615,0,0,1,0
5534,2017-03-05,2017-03-09,Oceania,96138,5.0,53.97,15.89,4.0,4.0,Shipping on time,0,0.0,0,3,4.006787581872569,0,0,0,1
5535,2015-07-17,2015-07-17,US Center,63361,5.0,98.68,32.15,0.0,1.0,Shipping on time,0,-1.0,0,7,4.601965055039143,1,0,0,0
5536,2015-12-01,2015-12-04,Eastern Asia,75344,4.0,108.74,11.67,3.0,2.0,Late delivery,0,1.0,1,12,4.69811393163083,0,0,1,0
5537,2016-07-29,2016-08-02,US Center,72831,5.0,146.51,-8.53,4.0,4.0,Shipping on time,0,0.0,0,7,4.993895970091958,0,0,0,1
5538,2015-03-15,2015-03-18,Oceania,11711,4.0,81.32,-2.46,3.0,4.0,Shipping on time,0,-1.0,0,3,4.410614091525794,0,0,0,1
5539,2017-05-03,2017-05-08,West Europe,36937,1.0,47.37,-4.55,5.0,4.0,Late delivery,0,1.0,1,5,3.878879786834892,0,0,0,1
5540,2015-06-08,2015-06-10,Eastern Asia,66297,4.0,219.48,-39.86,2.0,1.0,Late delivery,0,1.0,1,6,5.395806987825294,1,0,0,0
5541,2017-04-28,2017-05-01,South Asia,66927,3.0,416.91,159.17,3.0,4.0,Shipping on time,0,-1.0,0,4,6.03526609833723,0,0,0,1
5543,2015-04-21,2015-04-24,South Asia,63570,5.0,136.69,-4.26,3.0,1.0,Late delivery,0,2.0,1,4,4.925004781456281,1,0,0,0
5544,2017-03-18,2017-03-24,Oceania,84757,5.0,248.11,4.32,6.0,4.0,Late delivery,0,2.0,1,3,5.517894565982638,0,0,0,1
5545,2015-11-21,2015-11-25,West Europe,97706,2.0,73.74,-5.79,4.0,1.0,Late delivery,0,3.0,1,11,4.314015424057338,1,0,0,0
5546,2015-07-10,2015-07-16,South Asia,64146,4.0,62.73,23.23,6.0,4.0,Late delivery,0,2.0,1,7,4.154655409326203,0,0,0,1
5547,2016-12-18,2016-12-25,South Asia,93417,2.0,151.56,54.62,7.0,4.0,Late delivery,0,3.0,1,12,5.027557961292164,0,0,0,1
5548,2016-10-03,2016-10-06,South Asia,74953,5.0,129.15,3.56,3.0,4.0,Shipping on time,0,-1.0,0,10,4.868687631440574,0,0,0,1
5549,2016-08-13,2016-08-14,West Europe,83655,1.0,101.39,35.98,1.0,2.0,Shipping on time,0,-1.0,0,8,4.628789051586725,0,0,1,0
5551,2016-01-22,2016-01-24,South Asia,40849,2.0,365.41,82.01,2.0,1.0,Late delivery,0,1.0,1,1,5.903752925003959,1,0,0,0
5552,2015-06-27,2015-07-01,US Center,29578,1.0,220.45,-10.01,4.0,4.0,Shipping on time,0,0.0,0,6,5.400196830369207,0,0,0,1
5553,2017-04-13,2017-04-18,Oceania,25028,2.0,143.03,49.69,5.0,2.0,Late delivery,0,3.0,1,4,4.970021611210958,0,0,1,0
5554,2016-07-25,2016-07-31,Oceania,51047,2.0,122.51,-17.24,6.0,4.0,Late delivery,0,2.0,1,7,4.816322124449923,0,0,0,1
5555,2017-06-14,2017-06-17,Central America,49888,3.0,253.46,7.29,3.0,4.0,Shipping on time,0,-1.0,0,6,5.5391436527145546,0,0,0,1
5556,2015-03-21,2015-03-26,South Asia,95603,3.0,129.64,31.95,5.0,2.0,Late delivery,0,3.0,1,3,4.8724454486622095,0,0,1,0
5557,2016-07-16,2016-07-22,US Center,92279,1.0,364.79,-33.3,6.0,4.0,Late delivery,0,2.0,1,7,5.902059398240283,0,0,0,1
5558,2015-03-22,2015-03-28,Oceania,71742,5.0,315.93,63.26,5.0,4.0,Late delivery,0,1.0,1,3,5.7586809293036385,0,0,0,1
5559,2015-09-07,2015-09-08,West Europe,83917,4.0,104.09,23.23,1.0,1.0,Shipping on time,0,0.0,0,9,4.654817125877505,1,0,0,0
5560,2017-03-29,2017-03-30,Eastern Asia,71330,1.0,236.37,75.71,1.0,1.0,Shipping on time,0,0.0,0,3,5.469620105192861,1,0,0,0
5561,2017-08-20,2017-08-27,South Asia,43013,1.0,932.5600000000057,174.0700000000001,7.0,4.0,Late delivery,0,3.0,1,8,6.839005235153027,0,0,0,1
5562,2017-03-27,2017-04-03,Eastern Asia,10888,3.0,222.28,-24.22,7.0,4.0,Late delivery,0,3.0,1,3,5.408426589228067,0,0,0,1
5563,2016-04-25,2016-04-28,West Europe,88681,4.0,145.37,-7.38,3.0,1.0,Late delivery,1,2.0,1,4,4.986137662495856,1,0,0,0
5564,2016-12-16,2016-12-20,South Asia,28862,2.0,127.99,0.18,4.0,4.0,Shipping on time,0,0.0,0,12,4.859734881977045,0,0,0,1
5565,2015-12-13,2015-12-16,US Center,70018,2.0,122.69,14.77,3.0,0.0,Late delivery,0,3.0,1,12,4.817778435386918,0,1,0,0
5566,2016-12-19,2016-12-22,West Europe,46683,2.0,161.96,47.44,3.0,2.0,Late delivery,0,1.0,1,12,5.093504771918551,0,0,1,0
5567,2015-05-07,2015-05-10,Central America,93435,5.0,932.5600000000057,174.0700000000001,3.0,4.0,Shipping on time,0,-1.0,0,5,6.839005235153027,0,0,0,1
5568,2015-05-15,2015-05-16,West Europe,96821,2.0,122.14,45.08,1.0,1.0,Shipping on time,0,0.0,0,5,4.813321919483064,1,0,0,0
5569,2017-07-31,2017-08-06,Oceania,42006,3.0,252.84,-9.32,6.0,4.0,Late delivery,0,2.0,1,7,5.53670414727494,0,0,0,1
5570,2017-07-23,2017-07-27,Central America,13571,1.0,340.69,35.23,4.0,2.0,Late delivery,0,2.0,1,7,5.833903893255487,0,0,1,0
5571,2016-11-21,2016-11-23,Oceania,93772,2.0,107.95,42.73,2.0,1.0,Late delivery,0,1.0,1,11,4.690889061390629,1,0,0,0
5572,2015-02-03,2015-02-08,US Center,56577,5.0,62.53,7.94,5.0,4.0,Late delivery,0,1.0,1,2,4.1515122352784415,0,0,0,1
5573,2015-03-13,2015-03-13,Central America,21276,3.0,189.62,47.63,0.0,1.0,Shipping on time,0,-1.0,0,3,5.25028191750948,1,0,0,0
5574,2015-07-09,2015-07-15,Eastern Asia,45187,4.0,152.42,44.42,6.0,4.0,Late delivery,0,2.0,1,7,5.03317925853115,0,0,0,1
5575,2015-07-01,2015-07-06,South Asia,62250,1.0,195.84,-14.15,5.0,4.0,Late delivery,0,1.0,1,7,5.2823912159977775,0,0,0,1
5576,2017-08-08,2017-08-09,South Asia,45684,5.0,100.99,19.58,1.0,2.0,Shipping on time,0,-1.0,0,8,4.624874769262426,0,0,1,0
5577,2017-07-13,2017-07-19,Oceania,65476,4.0,181.5,-0.01,6.0,4.0,Late delivery,0,2.0,1,7,5.206750173022546,0,0,0,1
5578,2017-09-24,2017-09-27,US Center,47823,1.0,88.32,9.21,3.0,2.0,Late delivery,0,1.0,1,9,4.492225426971957,0,0,1,0
5579,2015-03-17,2015-03-22,Eastern Asia,73390,3.0,293.69,112.7,5.0,4.0,Late delivery,0,1.0,1,3,5.685923956354888,0,0,0,1
5580,2017-05-06,2017-05-07,Eastern Asia,37952,4.0,419.16,-2.18,1.0,2.0,Shipping on time,0,-1.0,0,5,6.040635591114431,0,0,1,0
5581,2016-11-06,2016-11-08,Eastern Asia,76754,5.0,87.55,28.77,2.0,1.0,Late delivery,0,1.0,1,11,4.4835673642288425,1,0,0,0
5582,2016-05-22,2016-05-27,Eastern Asia,63355,3.0,36.216,6.3,5.0,4.0,Late delivery,0,1.0,1,5,3.6167387763362537,0,0,0,1
5583,2016-07-23,2016-07-24,South Asia,49971,1.0,114.28,-22.52,1.0,1.0,Shipping on time,0,0.0,0,7,4.747363951691266,1,0,0,0
5584,2015-04-08,2015-04-09,Oceania,66456,5.0,111.86,-12.38,1.0,2.0,Shipping on time,0,-1.0,0,4,4.726148112540994,0,0,1,0
5585,2016-05-15,2016-05-17,South Asia,66649,2.0,172.72,17.41,2.0,1.0,Late delivery,0,1.0,1,5,5.1574448076666215,1,0,0,0
5586,2015-11-10,2015-11-17,West Europe,20243,1.0,155.62,32.7,7.0,4.0,Late delivery,0,3.0,1,11,5.053822489322791,0,0,0,1
5587,2016-11-22,2016-11-27,US Center,82496,2.0,206.98,67.11,5.0,4.0,Late delivery,0,1.0,1,11,5.337441921232086,0,0,0,1
5588,2017-06-11,2017-06-15,US Center,16566,2.0,784.73,27.1,4.0,2.0,Late delivery,0,2.0,1,6,6.666613221965251,0,0,1,0
5589,2015-12-03,2015-12-10,Eastern Asia,18707,2.0,110.25,6.8,7.0,4.0,Late delivery,0,3.0,1,12,4.711779921046349,0,0,0,1
5590,2016-11-24,2016-11-27,US Center,29433,3.0,123.2,44.28,3.0,1.0,Late delivery,0,2.0,1,11,4.821893169499378,1,0,0,0
5591,2016-09-17,2016-09-24,South Asia,52709,3.0,200.06,-26.95,5.0,4.0,Late delivery,0,1.0,1,9,5.303603370977274,0,0,0,1
5592,2015-12-14,2015-12-17,West Europe,61953,5.0,50.87,7.2,3.0,2.0,Late delivery,0,1.0,1,12,3.9487405883633087,0,0,1,0
5593,2017-05-26,2017-05-31,South Asia,21504,1.0,247.63,65.97,5.0,4.0,Late delivery,0,1.0,1,5,5.515965847580267,0,0,0,1
5594,2015-06-13,2015-06-16,West Europe,77547,2.0,106.38,-2.12,3.0,2.0,Late delivery,0,1.0,1,6,4.676373944994423,0,0,1,0
5595,2016-07-26,2016-07-28,Central America,78569,1.0,65.28,21.3,2.0,1.0,Late delivery,0,1.0,1,7,4.193888192558362,1,0,0,0
5596,2017-02-23,2017-02-24,Eastern Asia,54713,3.0,93.12,18.49,1.0,1.0,Shipping on time,0,0.0,0,2,4.544570563859161,1,0,0,0
5597,2016-06-08,2016-06-12,Eastern Asia,88755,5.0,209.33,-11.77,4.0,4.0,Shipping on time,0,0.0,0,6,5.348677725886986,0,0,0,1
5598,2016-09-02,2016-09-07,Eastern Asia,24647,2.0,256.61,57.13,5.0,4.0,Late delivery,0,1.0,1,9,5.551446813352503,0,0,0,1
5599,2016-09-03,2016-09-08,Oceania,49939,2.0,327.67,56.18,5.0,4.0,Late delivery,0,1.0,1,9,5.795054207870926,0,0,0,1
5600,2015-07-15,2015-07-18,South Asia,45980,1.0,201.73,-32.22,3.0,4.0,Shipping on time,0,-1.0,0,7,5.311875044480103,0,0,0,1
5601,2015-07-06,2015-07-09,West Europe,43454,3.0,100.61,-4.78,3.0,4.0,Shipping on time,0,-1.0,0,7,4.62114195549779,0,0,0,1
5602,2017-04-04,2017-04-07,Eastern Asia,11177,5.0,216.87,-29.32,3.0,0.0,Late delivery,0,3.0,1,4,5.383898554638242,0,1,0,0
5603,2015-11-30,2015-12-04,Central America,79876,1.0,148.2,-14.45,4.0,1.0,Late delivery,0,3.0,1,11,5.005287687769661,1,0,0,0
5604,2016-12-31,2017-01-06,Central America,24035,3.0,632.82,165.73,6.0,4.0,Late delivery,0,2.0,1,12,6.451765002454753,0,0,0,1
5605,2016-12-17,2016-12-20,West Europe,89287,3.0,45.25,2.34,3.0,2.0,Late delivery,0,1.0,1,12,3.834061463958434,0,0,1,0
5606,2017-07-09,2017-07-12,US Center,72126,2.0,409.63,-40.25,3.0,1.0,Late delivery,0,2.0,1,7,6.017692565724863,1,0,0,0
5607,2016-07-21,2016-07-24,Eastern Asia,18138,5.0,247.38,44.84,3.0,4.0,Shipping on time,0,-1.0,0,7,5.514959831519887,0,0,0,1
5608,2016-04-28,2016-05-02,Oceania,67770,5.0,199.23,-27.58,4.0,1.0,Late delivery,0,3.0,1,4,5.299466705804558,1,0,0,0
5609,2015-04-28,2015-04-30,South Asia,56150,4.0,147.66,-9.66,2.0,2.0,Shipping on time,0,0.0,0,4,5.001661819297148,0,0,1,0
5610,2016-09-13,2016-09-15,West Europe,76276,4.0,111.46,27.62,2.0,1.0,Late delivery,0,1.0,1,9,4.722597602864056,1,0,0,0
5611,2017-05-18,2017-05-25,Central America,89810,1.0,87.58,3.35,7.0,4.0,Late delivery,0,3.0,1,5,4.483906098495052,0,0,0,1
5612,2017-05-21,2017-05-23,Central America,75909,5.0,61.36,-9.32,2.0,1.0,Late delivery,0,1.0,1,5,4.132924044189576,1,0,0,0
5613,2016-02-16,2016-02-16,Eastern Asia,23737,5.0,531.69,-46.15,0.0,0.0,Shipping on time,0,0.0,0,2,6.277939641454655,0,1,0,0
5614,2017-04-02,2017-04-08,Central America,36063,1.0,149.29,21.29,6.0,4.0,Late delivery,1,2.0,1,4,5.012566760946003,0,0,0,1
5615,2015-09-04,2015-09-06,West Europe,21150,2.0,234.67,19.42,2.0,2.0,Shipping on time,0,0.0,0,9,5.462432521400004,0,0,1,0
5616,2016-08-06,2016-08-13,Oceania,29654,4.0,194.93,45.94,7.0,4.0,Late delivery,0,3.0,1,8,5.277757452582676,0,0,0,1
5617,2015-05-30,2015-06-04,Oceania,64633,1.0,49.64,10.59,5.0,2.0,Late delivery,0,3.0,1,5,3.9247417778359206,0,0,1,0
5618,2017-09-14,2017-09-19,US Center,37099,1.0,132.82,4.08,5.0,2.0,Late delivery,0,3.0,1,9,4.896495613354671,0,0,1,0
5619,2017-07-13,2017-07-17,Eastern Asia,12149,4.0,169.0,64.59,4.0,2.0,Late delivery,0,2.0,1,7,5.135798437050262,0,0,1,0
5620,2015-10-13,2015-10-17,Oceania,28635,4.0,315.01,8.04,4.0,1.0,Late delivery,0,3.0,1,10,5.755773858655822,1,0,0,0
5621,2016-12-31,2017-01-04,West Europe,61266,2.0,86.14,-3.48,4.0,4.0,Shipping on time,0,0.0,0,12,4.467516020689296,0,0,0,1
5622,2016-10-25,2016-11-01,Oceania,78684,3.0,185.19,-29.11,7.0,4.0,Late delivery,0,3.0,1,10,5.226767657707961,0,0,0,1
5623,2015-11-06,2015-11-06,South Asia,85278,5.0,136.42,15.33,0.0,1.0,Shipping on time,0,-1.0,0,11,4.92304192960293,1,0,0,0
5624,2016-07-31,2016-08-07,West Europe,20307,5.0,160.3,28.1,7.0,4.0,Late delivery,0,3.0,1,7,5.083265985131163,0,0,0,1
5625,2015-07-12,2015-07-16,Eastern Asia,78422,4.0,98.64,23.8,4.0,4.0,Shipping on time,0,0.0,0,7,4.60156369039398,0,0,0,1
5626,2017-07-24,2017-07-29,Oceania,41515,2.0,195.77,40.66,5.0,4.0,Late delivery,0,1.0,1,7,5.282035533973754,0,0,0,1
5627,2017-05-01,2017-05-03,South Asia,78002,2.0,165.53,41.85,2.0,2.0,Shipping on time,0,0.0,0,5,5.115175473370179,0,0,1,0
5628,2015-01-18,2015-01-25,Eastern Asia,10928,5.0,51.37,18.4,7.0,4.0,Late delivery,0,3.0,1,1,3.9583339082913964,0,0,0,1
5629,2015-05-27,2015-05-31,US Center,61684,4.0,326.97,47.97,4.0,1.0,Late delivery,0,3.0,1,5,5.792922140786477,1,0,0,0
5630,2015-02-15,2015-02-17,South Asia,32839,2.0,590.33,174.0700000000001,2.0,2.0,Shipping on time,0,0.0,0,2,6.382374237206948,0,0,1,0
5631,2016-06-05,2016-06-07,South Asia,41722,5.0,93.29,24.98,2.0,1.0,Late delivery,0,1.0,1,6,4.546375139477586,1,0,0,0
5632,2016-02-03,2016-02-07,Oceania,12643,1.0,315.18,-34.05,4.0,2.0,Late delivery,0,2.0,1,2,5.756311671668041,0,0,1,0
5633,2016-10-30,2016-11-03,US Center,66318,2.0,87.87,4.37,4.0,1.0,Late delivery,0,3.0,1,10,4.487174627750384,1,0,0,0
5634,2016-09-26,2016-09-29,Central America,66229,4.0,115.2,25.8,3.0,4.0,Shipping on time,0,-1.0,0,9,4.755312844417811,0,0,0,1
5635,2017-07-27,2017-08-03,US Center,Unknown,2.0,455.36,-33.9,7.0,4.0,Late delivery,0,3.0,1,7,6.123281971728169,0,0,0,1
5636,2016-09-23,2016-09-25,South Asia,73495,2.0,178.64,59.01,2.0,2.0,Shipping on time,0,0.0,0,9,5.190954848219537,0,0,1,0
5637,2016-11-17,2016-11-24,Central America,96305,4.0,393.72,111.32,7.0,4.0,Late delivery,0,3.0,1,11,5.9781766527810465,0,0,0,1
5638,2016-10-19,2016-10-22,Central America,78595,4.0,189.11,32.59,3.0,2.0,Late delivery,0,1.0,1,10,5.247602852003535,0,0,1,0
5639,2015-04-18,2015-04-20,US Center,94701,2.0,291.28,-15.81,2.0,1.0,Late delivery,0,1.0,1,4,5.677712246923017,1,0,0,0
5640,2015-02-24,2015-03-03,South Asia,98744,4.0,143.84,26.01,7.0,4.0,Late delivery,0,3.0,1,2,4.975629684897441,0,0,0,1
5644,2015-06-29,2015-07-06,Oceania,97775,1.0,113.45,44.01,7.0,4.0,Late delivery,0,3.0,1,6,4.740138046398576,0,0,0,1
5645,2015-09-28,2015-10-04,South Asia,Unknown,5.0,127.81,14.03,6.0,4.0,Late delivery,0,2.0,1,9,4.858338450407997,0,0,0,1
5646,2016-07-22,2016-07-29,Central America,51259,5.0,149.29,27.61,7.0,4.0,Late delivery,1,3.0,1,7,5.012566760946003,0,0,0,1
5647,2015-03-30,2015-04-06,US Center,90512,5.0,229.51,58.05,7.0,4.0,Late delivery,0,3.0,1,3,5.440294245443586,0,0,0,1
5648,2016-10-14,2016-10-17,Oceania,Unknown,5.0,218.35,71.5,3.0,4.0,Shipping on time,0,-1.0,0,10,5.390668627612223,0,0,0,1
5649,2015-02-28,2015-03-07,Oceania,10741,3.0,105.11,-2.75,7.0,4.0,Late delivery,0,3.0,1,2,4.6644762918854985,0,0,0,1
5650,2016-08-06,2016-08-10,Eastern Asia,25252,5.0,277.29,-49.01,4.0,4.0,Shipping on time,0,0.0,0,8,5.62866373543926,0,0,0,1
5651,2017-04-14,2017-04-18,West Europe,65884,3.0,113.1,35.56,4.0,4.0,Shipping on time,0,0.0,0,4,4.73707525686803,0,0,0,1
5652,2017-03-07,2017-03-13,Central America,Unknown,4.0,476.73,91.81,6.0,4.0,Late delivery,0,2.0,1,3,6.169045719345101,0,0,0,1
5653,2017-07-22,2017-07-28,Oceania,11467,2.0,262.68,-2.5,6.0,4.0,Late delivery,0,2.0,1,7,5.574736246721107,0,0,0,1
5654,2017-02-07,2017-02-11,Central America,54705,2.0,415.92,-6.13,4.0,4.0,Shipping on time,0,0.0,0,2,6.032894356871122,0,0,0,1
5655,2016-04-06,2016-04-10,Central America,48787,5.0,104.52,10.28,4.0,4.0,Shipping on time,0,0.0,0,4,4.658900508409059,0,0,0,1
5656,2015-11-27,2015-11-27,Eastern Asia,98085,5.0,88.22,31.5,0.0,1.0,Shipping on time,0,-1.0,0,11,4.491105229700119,1,0,0,0
5657,2015-11-03,2015-11-06,US Center,75098,5.0,53.64,-4.9,3.0,1.0,Late delivery,0,2.0,1,11,4.0007662152625345,1,0,0,0
5658,2016-01-18,2016-01-21,Oceania,72836,2.0,236.58,85.57,3.0,4.0,Shipping on time,0,-1.0,0,1,5.470504408861394,0,0,0,1
5659,2016-02-02,2016-02-05,US Center,14569,5.0,81.81,2.35,3.0,4.0,Shipping on time,0,-1.0,0,2,4.416548827045609,0,0,0,1
5661,2015-06-28,2015-07-03,Eastern Asia,81670,2.0,175.33,-6.49,5.0,2.0,Late delivery,0,3.0,1,6,5.172357239419832,0,0,1,0
5662,2015-03-13,2015-03-18,South Asia,Unknown,2.0,254.37,53.31,5.0,4.0,Late delivery,0,1.0,1,3,5.542713473895698,0,0,0,1
5663,2016-03-12,2016-03-18,West Europe,24022,4.0,74.55,12.33,6.0,4.0,Late delivery,0,2.0,1,3,4.3247946887187485,0,0,0,1
5664,2016-10-05,2016-10-10,Central America,55394,4.0,112.83,36.64,5.0,2.0,Late delivery,0,3.0,1,10,4.734706107337125,0,0,1,0
5665,2016-04-16,2016-04-17,Central America,52008,3.0,179.85,70.31,1.0,2.0,Shipping on time,0,-1.0,0,4,5.197667958398107,0,0,1,0
5666,2016-05-13,2016-05-15,West Europe,16518,5.0,250.72,50.57,2.0,1.0,Late delivery,0,1.0,1,5,5.528317358658732,1,0,0,0
5667,2016-06-17,2016-06-21,Central America,10635,4.0,74.48,20.01,4.0,4.0,Shipping on time,0,0.0,0,6,4.32386772050035,0,0,0,1
5668,2015-05-03,2015-05-09,West Europe,77541,2.0,198.01,-0.09,6.0,4.0,Late delivery,0,2.0,1,5,5.293355074718222,0,0,0,1
5669,2015-04-16,2015-04-20,Eastern Asia,70212,5.0,149.29,-7.03,4.0,4.0,Shipping on time,1,0.0,0,4,5.012566760946003,0,0,0,1
5670,2017-02-23,2017-03-01,Oceania,89730,1.0,262.3,53.5,6.0,4.0,Late delivery,0,2.0,1,2,5.573294066502264,0,0,0,1
5671,2017-09-01,2017-09-04,US Center,53468,4.0,140.73,-13.85,3.0,2.0,Late delivery,0,1.0,1,9,4.953923839178814,0,0,1,0
5672,2016-10-05,2016-10-12,US Center,46914,3.0,134.97,-7.64,7.0,4.0,Late delivery,0,3.0,1,10,4.9124342731675945,0,0,0,1
5673,2016-09-17,2016-09-24,Oceania,16111,1.0,209.58,34.83,7.0,4.0,Late delivery,0,3.0,1,9,5.3498656284286135,0,0,0,1
5674,2017-04-08,2017-04-12,West Europe,43222,1.0,322.68,-44.99,4.0,4.0,Shipping on time,0,0.0,0,4,5.779755373419436,0,0,0,1
5675,2016-07-26,2016-08-02,US Center,95924,2.0,139.66,-17.7,7.0,4.0,Late delivery,0,3.0,1,7,4.946345630879872,0,0,0,1
5676,2016-11-26,2016-11-30,Oceania,49986,1.0,336.16,68.82,4.0,4.0,Shipping on time,0,0.0,0,11,5.820557595129282,0,0,0,1
5677,2017-04-06,2017-04-12,Oceania,93279,1.0,88.79,8.65,6.0,4.0,Late delivery,0,2.0,1,4,4.497473610532717,0,0,0,1
5678,2017-08-06,2017-08-08,US Center,11119,3.0,191.24,-22.4,2.0,1.0,Late delivery,0,1.0,1,8,5.258744591428213,1,0,0,0
5679,2015-02-18,2015-02-21,West Europe,87488,1.0,82.58,12.49,3.0,4.0,Shipping on time,0,-1.0,0,2,4.425804257019769,0,0,0,1
5680,2017-08-27,2017-08-30,Central America,72348,3.0,183.38,47.28,3.0,2.0,Late delivery,0,1.0,1,8,5.216998845370449,0,0,1,0
5681,2016-08-09,2016-08-16,South Asia,10333,1.0,93.48,8.5,7.0,4.0,Late delivery,0,3.0,1,8,4.548388171889107,0,0,0,1
5682,2017-09-06,2017-09-09,Eastern Asia,99655,1.0,164.75,-19.86,3.0,4.0,Shipping on time,0,-1.0,0,9,5.110480629065972,0,0,0,1
5683,2016-01-05,2016-01-12,West Europe,79198,4.0,234.15,-19.16,7.0,4.0,Late delivery,0,3.0,1,1,5.460223608391057,0,0,0,1
5684,2015-12-24,2015-12-29,Central America,67036,5.0,90.53,24.15,5.0,4.0,Late delivery,0,1.0,1,12,4.516666787396688,0,0,0,1
5685,2016-10-03,2016-10-04,US Center,80233,2.0,151.34,-5.8,1.0,2.0,Shipping on time,1,-1.0,0,10,5.026114864944642,0,0,1,0
5686,2016-05-26,2016-05-31,South Asia,60182,5.0,145.25,56.21,5.0,4.0,Late delivery,0,1.0,1,5,4.985317486111966,0,0,0,1
5687,2017-07-27,2017-08-02,Eastern Asia,67246,4.0,220.32,77.07,6.0,4.0,Late delivery,0,2.0,1,7,5.399609618029909,0,0,0,1
5688,2015-05-19,2015-05-21,Oceania,79654,5.0,185.18,-9.0,2.0,0.0,Late delivery,0,2.0,1,5,5.226713947688344,0,1,0,0
5689,2015-03-11,2015-03-14,US Center,51742,4.0,93.61,-3.15,3.0,1.0,Late delivery,0,2.0,1,3,4.549763178716353,1,0,0,0
5690,2015-03-26,2015-03-31,South Asia,31068,2.0,265.59,103.8,5.0,4.0,Late delivery,0,1.0,1,3,5.58571189766377,0,0,0,1
5691,2015-06-23,2015-06-29,US Center,47319,2.0,135.48,43.54,6.0,4.0,Late delivery,0,2.0,1,6,4.916178083743369,0,0,0,1
5693,2015-12-18,2015-12-24,US Center,77099,3.0,94.95,21.68,6.0,4.0,Late delivery,0,2.0,1,12,4.563827222453709,0,0,0,1
5694,2017-04-02,2017-04-06,Oceania,Unknown,5.0,209.54,23.98,4.0,4.0,Shipping on time,0,0.0,0,4,5.349675658823179,0,0,0,1
5695,2016-06-17,2016-06-20,Central America,75877,5.0,325.24,-2.84,3.0,4.0,Shipping on time,0,-1.0,0,6,5.787633306826145,0,0,0,1
5697,2017-04-08,2017-04-12,Eastern Asia,61158,1.0,135.14,28.69,4.0,4.0,Shipping on time,0,0.0,0,4,4.913683768019805,0,0,0,1
5698,2015-03-05,2015-03-05,Central America,38238,5.0,233.09,60.24,0.0,0.0,Shipping on time,0,0.0,0,3,5.45570565679678,0,1,0,0
5699,2017-01-03,2017-01-07,US Center,47917,2.0,219.83,52.95,4.0,4.0,Shipping on time,0,0.0,0,1,5.397393174738724,0,0,0,1
5700,2017-06-03,2017-06-10,US Center,88491,4.0,198.83,-0.04,7.0,4.0,Late delivery,0,3.0,1,6,5.297467005093198,0,0,0,1
5701,2016-07-03,2016-07-09,Central America,85623,2.0,149.31,35.37,6.0,4.0,Late delivery,0,2.0,1,7,5.012699828145135,0,0,0,1
5702,2015-07-26,2015-07-27,Oceania,34701,2.0,63.11,14.45,1.0,1.0,Shipping on time,0,0.0,0,7,4.160600357999166,1,0,0,0
5703,2015-07-12,2015-07-12,US Center,77471,3.0,160.0,7.02,0.0,1.0,Shipping on time,0,-1.0,0,7,5.081404364984463,1,0,0,0
5704,2016-06-15,2016-06-18,Eastern Asia,92197,2.0,74.18,-10.42,3.0,4.0,Shipping on time,0,-1.0,0,6,4.319885238136032,0,0,0,1
5705,2016-05-18,2016-05-22,West Europe,48708,1.0,168.61,66.2,4.0,4.0,Shipping on time,0,0.0,0,5,5.133501683883748,0,0,0,1
5706,2017-03-20,2017-03-25,Central America,15094,2.0,39.65,7.53,5.0,4.0,Late delivery,0,1.0,1,3,3.7049988359938197,0,0,0,1
5707,2016-03-16,2016-03-17,West Europe,10540,2.0,377.84,65.99,1.0,2.0,Shipping on time,0,-1.0,0,3,5.9371139523579,0,0,1,0
5708,2015-05-25,2015-05-29,Central America,64903,5.0,498.41,-61.534,4.0,4.0,Shipping on time,0,0.0,0,5,6.213427401674029,0,0,0,1
5709,2015-04-24,2015-04-24,US Center,25333,1.0,208.84,35.82,0.0,0.0,Shipping on time,0,0.0,0,4,5.346345335558619,0,1,0,0
5710,2015-11-11,2015-11-16,West Europe,84625,2.0,96.56,12.27,5.0,4.0,Late delivery,0,1.0,1,11,4.580467573347719,0,0,0,1
5711,2017-07-03,2017-07-05,US Center,99128,3.0,133.58,5.43,2.0,1.0,Late delivery,0,1.0,1,7,4.9021588177601725,1,0,0,0
5712,2015-07-04,2015-07-10,Central America,12009,3.0,271.75,56.14,6.0,4.0,Late delivery,0,2.0,1,7,5.60855562471318,0,0,0,1
5713,2017-04-21,2017-04-23,South Asia,14662,1.0,236.95,82.35,2.0,2.0,Shipping on time,0,0.0,0,4,5.4720605675671194,0,0,1,0
5714,2016-06-15,2016-06-20,Eastern Asia,77882,4.0,105.52,37.22,5.0,4.0,Late delivery,0,1.0,1,6,4.668332760945732,0,0,0,1
5715,2016-09-05,2016-09-10,Oceania,20246,3.0,327.14,-42.57,5.0,4.0,Late delivery,0,1.0,1,9,5.793440346586737,0,0,0,1
5716,2017-01-06,2017-01-09,Central America,25582,1.0,246.27,-32.1,3.0,4.0,Shipping on time,0,-1.0,0,1,5.5104808570190835,0,0,0,1
5717,2015-09-04,2015-09-06,US Center,22338,5.0,219.95,3.95,2.0,2.0,Shipping on time,0,0.0,0,9,5.397936431576749,0,0,1,0
5718,2015-11-17,2015-11-23,West Europe,58095,2.0,129.58,30.11,6.0,4.0,Late delivery,0,2.0,1,11,4.871986065758487,0,0,0,1
5719,2016-07-30,2016-08-05,South Asia,93339,4.0,159.63,-18.85,6.0,4.0,Late delivery,0,2.0,1,7,5.079103583569675,0,0,0,1
5720,2016-12-27,2016-12-27,US Center,22588,5.0,104.63,-7.74,0.0,0.0,Shipping on time,0,0.0,0,12,4.659942421835071,0,1,0,0
5721,2015-11-20,2015-11-23,Oceania,18576,3.0,178.68,-7.03,3.0,4.0,Shipping on time,0,-1.0,0,11,5.191177490990133,0,0,0,1
5722,2015-08-17,2015-08-22,Central America,37935,3.0,107.76,12.38,5.0,4.0,Late delivery,0,1.0,1,8,4.68914361976427,0,0,0,1
5723,2016-10-10,2016-10-16,Eastern Asia,33373,1.0,320.97,115.55,6.0,4.0,Late delivery,0,2.0,1,10,5.774458373502165,0,0,0,1
5724,2015-05-24,2015-05-28,West Europe,33919,2.0,163.47,30.67,4.0,2.0,Late delivery,0,2.0,1,5,5.102728182753178,0,0,1,0
5725,2015-02-07,2015-02-09,Central America,45576,1.0,181.0,22.73,2.0,0.0,Late delivery,0,2.0,1,2,5.204006687076795,0,1,0,0
5726,2016-03-05,2016-03-12,West Europe,52695,4.0,194.3,24.02,7.0,4.0,Late delivery,0,3.0,1,3,5.274536837882633,0,0,0,1
5727,2016-08-26,2016-08-29,Eastern Asia,59596,2.0,193.27,33.93,3.0,4.0,Shipping on time,0,-1.0,0,8,5.269248944050689,0,0,0,1
5728,2015-11-26,2015-12-03,US Center,85490,2.0,68.37,17.69,7.0,4.0,Late delivery,0,3.0,1,11,4.23945449739721,0,0,0,1
5729,2016-07-13,2016-07-17,Oceania,59857,3.0,341.9,25.35,4.0,4.0,Shipping on time,0,0.0,0,7,5.837438859468874,0,0,0,1
5730,2015-10-02,2015-10-07,Eastern Asia,21858,4.0,169.02,29.7,5.0,4.0,Late delivery,0,1.0,1,10,5.135916077189213,0,0,0,1
5731,2017-07-14,2017-07-18,South Asia,55641,1.0,115.03,31.53,4.0,4.0,Shipping on time,0,0.0,0,7,4.753848778359454,0,0,0,1
5732,2016-07-15,2016-07-18,Central America,55279,4.0,89.6,1.12,3.0,4.0,Shipping on time,0,-1.0,0,7,4.506454213048934,0,0,0,1
5733,2016-07-25,2016-07-26,South Asia,10806,3.0,106.28,2.9,1.0,0.0,Late delivery,0,1.0,1,7,4.675442238973423,0,1,0,0
5734,2017-05-28,2017-06-03,Central America,60206,5.0,110.77,-15.11,6.0,4.0,Late delivery,0,2.0,1,5,4.71644318839752,0,0,0,1
5735,2017-02-21,2017-02-27,West Europe,50989,5.0,160.61,-10.92,6.0,4.0,Late delivery,0,2.0,1,2,5.085186025360552,0,0,0,1
5736,2016-10-11,2016-10-17,US Center,20635,1.0,95.51,15.54,6.0,4.0,Late delivery,0,2.0,1,10,4.569646629919045,0,0,0,1
5737,2015-08-11,2015-08-14,South Asia,80306,1.0,170.08,53.91,3.0,4.0,Shipping on time,0,-1.0,0,8,5.142131283358708,0,0,0,1
5738,2017-07-04,2017-07-08,Eastern Asia,63701,1.0,173.71,10.22,2.0,1.0,Late delivery,0,1.0,1,7,5.163127456486353,1,0,0,0
5739,2016-07-06,2016-07-09,US Center,76026,2.0,105.56,13.68,3.0,4.0,Shipping on time,0,-1.0,0,7,4.668708206792079,0,0,0,1
5740,2016-04-24,2016-04-27,South Asia,87719,4.0,592.57,118.13,3.0,4.0,Shipping on time,0,-1.0,0,4,6.386155151492471,0,0,0,1
5741,2015-11-20,2015-11-23,South Asia,81707,5.0,932.5600000000057,174.0700000000001,3.0,1.0,Late delivery,0,2.0,1,11,6.839005235153027,1,0,0,0
5742,2015-12-09,2015-12-16,Oceania,58202,3.0,194.21,49.18,7.0,4.0,Late delivery,0,3.0,1,12,5.274075902175002,0,0,0,1
5743,2017-09-12,2017-09-15,US Center,39044,3.0,169.79,-18.45,3.0,4.0,Shipping on time,0,-1.0,0,9,5.1404347316311005,0,0,0,1
5744,2016-01-27,2016-01-29,Eastern Asia,16328,5.0,144.49,-15.44,2.0,1.0,Late delivery,0,1.0,1,1,4.980107355727298,1,0,0,0
5745,2017-08-15,2017-08-22,Central America,17506,5.0,237.14,90.22,7.0,4.0,Late delivery,0,3.0,1,8,5.472858736023029,0,0,0,1
5746,2017-09-21,2017-09-23,South Asia,59852,5.0,360.37,70.38,2.0,1.0,Late delivery,0,1.0,1,9,5.8899023641979,1,0,0,0
5747,2015-09-03,2015-09-07,Oceania,19088,1.0,151.93,-28.74,4.0,4.0,Late delivery,0,0.0,0,9,5.029980300360032,0,0,0,1
5748,2016-08-01,2016-08-04,South Asia,49932,5.0,95.19,10.81,3.0,4.0,Shipping on time,0,-1.0,0,8,4.566325402164524,0,0,0,1
5749,2016-09-15,2016-09-18,Oceania,71394,2.0,219.34,69.4,3.0,4.0,Shipping on time,0,-1.0,0,9,5.395171807911919,0,0,0,1
5750,2017-05-06,2017-05-13,West Europe,73170,1.0,44.04,14.23,7.0,4.0,Late delivery,0,3.0,1,5,3.807550983831435,0,0,0,1
5751,2015-03-13,2015-03-16,Oceania,42775,1.0,173.81,64.47,3.0,1.0,Late delivery,0,2.0,1,3,5.163699669823092,1,0,0,0
5752,2015-07-22,2015-07-23,US Center,71564,4.0,141.44,10.12,1.0,1.0,Shipping on time,0,0.0,0,7,4.958920858409577,1,0,0,0
5753,2016-07-02,2016-07-06,West Europe,12856,3.0,191.83,-26.48,4.0,4.0,Shipping on time,0,0.0,0,7,5.261808971731513,0,0,0,1
5754,2017-05-29,2017-06-03,Eastern Asia,44919,4.0,64.4,21.57,5.0,2.0,Late delivery,0,3.0,1,5,4.180522258463153,0,0,1,0
5755,2017-09-12,2017-09-19,West Europe,94815,3.0,121.78,46.82,7.0,4.0,Late delivery,0,3.0,1,9,4.81039413599935,0,0,0,1
5757,2015-05-20,2015-05-27,West Europe,47112,4.0,114.36,-4.37,7.0,4.0,Late delivery,0,3.0,1,5,4.748057673536639,0,0,0,1
5758,2015-08-14,2015-08-18,Oceania,37717,2.0,223.23,-3.0,4.0,2.0,Late delivery,0,2.0,1,8,5.412672310785439,0,0,1,0
5759,2016-12-30,2017-01-04,Oceania,83817,1.0,139.8,-0.11,5.0,2.0,Late delivery,0,3.0,1,12,4.9473404437239425,0,0,1,0
5760,2016-12-31,2017-01-05,Oceania,76908,3.0,110.13,34.84,5.0,2.0,Late delivery,0,3.0,1,12,4.710700687197555,0,0,1,0
5761,2016-05-30,2016-06-04,US Center,40239,3.0,316.77,0.61,5.0,2.0,Late delivery,0,3.0,1,5,5.7613278506536725,0,0,1,0
5762,2016-06-04,2016-06-09,Oceania,55058,3.0,157.9,-27.83,5.0,4.0,Late delivery,0,1.0,1,6,5.0682750735426705,0,0,0,1
5763,2017-09-20,2017-09-23,Eastern Asia,88736,4.0,47.03,11.9,3.0,4.0,Shipping on time,0,-1.0,0,9,3.871825815676733,0,0,0,1
5764,2015-12-03,2015-12-09,South Asia,61800,1.0,84.14,8.78,6.0,4.0,Late delivery,0,2.0,1,12,4.444296960400006,0,0,0,1
5765,2016-02-13,2016-02-16,Central America,84328,5.0,199.19,57.42,3.0,4.0,Shipping on time,0,-1.0,0,2,5.299266915583625,0,0,0,1
5766,2017-01-25,2017-01-28,Eastern Asia,26317,4.0,202.08,39.74,3.0,1.0,Late delivery,0,2.0,1,1,5.313599990079194,1,0,0,0
5767,2017-04-07,2017-04-12,US Center,89419,4.0,177.56,68.23,5.0,4.0,Late delivery,0,1.0,1,4,5.184924679192946,0,0,0,1
5768,2017-04-02,2017-04-04,South Asia,51936,2.0,181.57,17.71,2.0,2.0,Shipping on time,0,0.0,0,4,5.207133661125419,0,0,1,0
5769,2016-08-19,2016-08-21,Central America,60439,2.0,91.1,9.25,2.0,1.0,Late delivery,0,1.0,1,8,4.522874943261261,1,0,0,0
5770,2016-06-15,2016-06-19,South Asia,37877,2.0,146.6,54.61,4.0,1.0,Late delivery,0,3.0,1,6,4.994505912166372,1,0,0,0
5771,2017-03-10,2017-03-13,Oceania,54341,2.0,151.34,-6.79,3.0,2.0,Late delivery,1,1.0,1,3,5.026114864944642,0,0,1,0
5772,2015-07-15,2015-07-20,US Center,62654,4.0,149.29,2.83,5.0,4.0,Late delivery,1,1.0,1,7,5.012566760946003,0,0,0,1
5773,2017-05-02,2017-05-07,Central America,38812,3.0,89.98,34.76,5.0,4.0,Late delivery,0,1.0,1,5,4.510639702141858,0,0,0,1
5774,2017-03-03,2017-03-07,Oceania,66727,2.0,93.75,36.75,4.0,2.0,Late delivery,0,2.0,1,3,4.5512418439625355,0,0,1,0
5775,2016-10-09,2016-10-15,South Asia,53548,2.0,125.75,35.88,6.0,4.0,Late delivery,0,2.0,1,10,4.842216642471293,0,0,0,1
5776,2017-08-07,2017-08-11,Oceania,36681,5.0,134.41,29.27,4.0,2.0,Late delivery,0,2.0,1,8,4.908307212994733,0,0,1,0
5777,2015-12-16,2015-12-22,West Europe,11372,2.0,95.51,28.35,6.0,4.0,Late delivery,0,2.0,1,12,4.569646629919045,0,0,0,1
5778,2016-07-18,2016-07-20,West Europe,78111,1.0,290.57,96.33,2.0,1.0,Late delivery,0,1.0,1,7,5.675280114183489,1,0,0,0
5779,2016-08-19,2016-08-26,US Center,17963,3.0,116.9,21.19,7.0,4.0,Late delivery,0,3.0,1,8,4.769836807543325,0,0,0,1
5780,2015-11-19,2015-11-23,Oceania,99639,5.0,379.87,34.62,4.0,2.0,Late delivery,0,2.0,1,11,5.942458109553147,0,0,1,0
5781,2017-03-01,2017-03-04,Oceania,54489,2.0,276.3,32.59,3.0,1.0,Late delivery,0,2.0,1,3,5.625099952621732,1,0,0,0
5782,2017-04-12,2017-04-16,South Asia,19321,4.0,74.41,-0.81,4.0,4.0,Shipping on time,0,0.0,0,4,4.322939892214555,0,0,0,1
5783,2017-03-31,2017-04-04,US Center,40913,4.0,257.57,6.84,4.0,1.0,Late delivery,0,3.0,1,3,5.555166450327418,1,0,0,0
5784,2017-06-04,2017-06-07,Central America,90403,2.0,66.49,17.48,3.0,2.0,Late delivery,0,1.0,1,6,4.211979438755315,0,0,1,0
5785,2016-09-23,2016-09-24,South Asia,85668,5.0,357.75,-61.47,1.0,2.0,Shipping on time,0,-1.0,0,9,5.882625767073831,0,0,1,0
5786,2016-09-05,2016-09-08,US Center,59658,3.0,184.2,59.73,3.0,4.0,Shipping on time,0,-1.0,0,9,5.221436322212079,0,0,0,1
5787,2016-03-31,2016-04-03,US Center,64797,5.0,84.17,-2.48,3.0,4.0,Shipping on time,0,-1.0,0,3,4.44464925915299,0,0,0,1
5788,2016-05-30,2016-06-05,South Asia,64241,5.0,41.37,6.13,5.0,4.0,Late delivery,0,1.0,1,5,3.7464405646384678,0,0,0,1
5789,2015-03-25,2015-03-30,Oceania,10285,5.0,119.18,-10.41,5.0,4.0,Late delivery,0,1.0,1,3,4.788990618905782,0,0,0,1
5790,2016-11-19,2016-11-23,West Europe,62632,5.0,67.72,19.47,4.0,2.0,Late delivery,0,2.0,1,11,4.230040277676,0,0,1,0
5791,2015-04-26,2015-05-01,Eastern Asia,27728,3.0,287.82,72.52,5.0,2.0,Late delivery,0,3.0,1,4,5.665803656698419,0,0,1,0
5792,2016-03-13,2016-03-18,West Europe,98270,2.0,71.97,-6.23,5.0,2.0,Late delivery,0,3.0,1,3,4.290048397777529,0,0,1,0
5793,2016-10-07,2016-10-11,South Asia,50168,1.0,131.01,11.73,4.0,4.0,Shipping on time,0,0.0,0,10,4.882877677292668,0,0,0,1
5794,2016-06-08,2016-06-13,Central America,25498,4.0,200.36,20.42,5.0,4.0,Late delivery,0,1.0,1,6,5.30509435082706,0,0,0,1
5795,2016-01-31,2016-02-01,West Europe,78054,3.0,150.69,23.5,1.0,2.0,Shipping on time,0,-1.0,0,1,5.021838964603581,0,0,1,0
5796,2017-07-12,2017-07-12,Eastern Asia,61351,3.0,174.53,-31.25,0.0,0.0,Shipping on time,0,0.0,0,7,5.167809968468254,0,1,0,0
5797,2016-11-07,2016-11-10,West Europe,20969,4.0,129.01,34.88,3.0,4.0,Shipping on time,0,-1.0,0,11,4.867611370574077,0,0,0,1
5798,2016-03-29,2016-04-01,South Asia,96353,4.0,228.82,49.96,3.0,4.0,Shipping on time,0,-1.0,0,3,5.437296393829488,0,0,0,1
5799,2016-06-04,2016-06-08,Central America,89599,1.0,85.93,14.55,4.0,4.0,Shipping on time,0,0.0,0,6,4.465103197090973,0,0,0,1
5800,2015-12-27,2015-12-29,West Europe,97786,4.0,208.71,2.21,2.0,0.0,Late delivery,0,2.0,1,12,5.345725623943028,0,1,0,0
5801,2016-02-03,2016-02-10,US Center,73753,4.0,73.1,12.76,7.0,4.0,Late delivery,0,3.0,1,2,4.3054155323020415,0,0,0,1
5802,2015-11-06,2015-11-08,Eastern Asia,47600,3.0,165.35,24.4,2.0,1.0,Late delivery,0,1.0,1,11,5.114094002464486,1,0,0,0
5803,2015-07-24,2015-07-26,Oceania,95985,4.0,75.87,-2.44,2.0,2.0,Shipping on time,0,0.0,0,7,4.34211568336104,0,0,1,0
5804,2015-09-23,2015-09-30,West Europe,76584,1.0,131.91,5.9,7.0,4.0,Late delivery,0,3.0,1,9,4.889672207433241,0,0,0,1
5805,2017-04-27,2017-05-02,US Center,95449,1.0,210.3,77.2,5.0,2.0,Late delivery,0,3.0,1,4,5.353278924622011,0,0,1,0
5806,2017-08-27,2017-08-31,Oceania,88289,1.0,308.56,-5.04,4.0,4.0,Shipping on time,0,0.0,0,8,5.735151934402259,0,0,0,1
5807,2015-09-29,2015-10-04,Oceania,60537,3.0,51.19,4.83,5.0,2.0,Late delivery,0,3.0,1,9,3.9548909056553216,0,0,1,0
5808,2017-06-29,2017-07-05,US Center,82960,5.0,94.24,0.92,6.0,4.0,Late delivery,0,2.0,1,6,4.556400021618662,0,0,0,1
5809,2016-09-23,2016-09-26,South Asia,66781,2.0,83.33,16.84,3.0,1.0,Late delivery,0,2.0,1,9,4.43473767358655,1,0,0,0
5810,2017-05-28,2017-06-04,Eastern Asia,78157,3.0,303.59,11.49,7.0,4.0,Late delivery,0,3.0,1,5,5.718966609981241,0,0,0,1
5811,2015-04-12,2015-04-16,West Europe,85982,4.0,88.76,31.32,4.0,1.0,Late delivery,0,3.0,1,4,4.497139441774387,1,0,0,0
5812,2015-01-15,2015-01-21,US Center,46462,5.0,932.5600000000057,-61.534,6.0,4.0,Late delivery,0,2.0,1,1,6.839005235153027,0,0,0,1
5813,2017-08-21,2017-08-25,Eastern Asia,82215,3.0,109.15,-2.19,4.0,4.0,Shipping on time,0,0.0,0,8,4.7018430732483525,0,0,0,1
5814,2016-11-17,2016-11-19,Central America,27579,5.0,63.07,24.04,1.0,0.0,Late delivery,0,1.0,1,11,4.15997623565093,0,1,0,0
5815,2015-06-02,2015-06-05,West Europe,17038,5.0,157.99,30.84,3.0,4.0,Shipping on time,0,-1.0,0,6,5.068841307160618,0,0,0,1
5816,2016-01-07,2016-01-10,US Center,48656,4.0,75.41,17.98,2.0,1.0,Late delivery,0,1.0,1,1,4.336113577659475,1,0,0,0
5817,2016-05-18,2016-05-18,South Asia,58195,1.0,227.77,16.43,0.0,0.0,Shipping on time,0,0.0,0,5,5.432717132027692,0,1,0,0
5818,2015-03-12,2015-03-13,West Europe,90069,1.0,241.2,-38.87,1.0,1.0,Shipping on time,0,0.0,0,3,5.489763831118992,1,0,0,0
5819,2017-03-22,2017-03-23,US Center,58651,5.0,324.95,-55.8,3.0,2.0,Shipping on time,0,1.0,1,3,5.786743995370548,0,0,1,0
5820,2015-01-02,2015-01-04,US Center,75114,5.0,81.07,21.29,2.0,2.0,Shipping on time,0,0.0,0,1,4.4075725416416205,0,0,1,0
5821,2015-08-21,2015-08-25,Eastern Asia,69729,5.0,374.78,144.29,4.0,1.0,Late delivery,0,3.0,1,8,5.9290038657653765,1,0,0,0
5822,2015-12-30,2016-01-05,Eastern Asia,93150,3.0,261.61,22.72,6.0,4.0,Late delivery,0,2.0,1,12,5.570670041874793,0,0,0,1
5823,2016-10-07,2016-10-08,Eastern Asia,91299,3.0,51.11,11.63,1.0,1.0,Shipping on time,0,0.0,0,10,3.9533568689211234,1,0,0,0
5824,2015-06-12,2015-06-17,US Center,61054,5.0,547.5,2.44,5.0,2.0,Late delivery,0,3.0,1,6,6.307187279715285,0,0,1,0
5825,2016-02-13,2016-02-16,South Asia,47665,1.0,399.91,100.82,3.0,1.0,Late delivery,0,2.0,1,2,5.993736963213647,1,0,0,0
5826,2016-08-08,2016-08-13,US Center,87831,1.0,79.82,-3.05,5.0,4.0,Late delivery,0,1.0,1,8,4.392224459650327,0,0,0,1
5827,2017-08-20,2017-08-22,Eastern Asia,35677,5.0,179.21,4.66,2.0,2.0,Shipping on time,0,0.0,0,8,5.19412283753018,0,0,1,0
5828,2016-01-27,2016-02-03,US Center,70210,4.0,66.65,17.73,7.0,4.0,Late delivery,0,3.0,1,1,4.214347354616797,0,0,0,1
5829,2015-05-14,2015-05-19,South Asia,68009,3.0,136.2,13.96,5.0,4.0,Late delivery,0,1.0,1,5,4.921439715291784,0,0,0,1
5830,2015-04-02,2015-04-09,US Center,68449,5.0,149.29,18.18,7.0,4.0,Late delivery,1,3.0,1,4,5.012566760946003,0,0,0,1
5831,2015-07-11,2015-07-14,Eastern Asia,24676,5.0,212.68,-38.5,3.0,2.0,Late delivery,0,1.0,1,7,5.3644795688017055,0,0,1,0
5832,2016-01-12,2016-01-18,Eastern Asia,76739,5.0,90.51,-1.43,6.0,4.0,Late delivery,0,2.0,1,1,4.516448255927287,0,0,0,1
5833,2016-06-29,2016-07-02,Central America,98810,4.0,145.08,-6.21,3.0,1.0,Late delivery,0,2.0,1,6,4.984154416846659,1,0,0,0
5834,2016-07-02,2016-07-06,West Europe,32702,4.0,84.92,4.75,4.0,4.0,Shipping on time,0,0.0,0,7,4.453416630760555,0,0,0,1
5835,2016-11-12,2016-11-16,West Europe,88524,4.0,184.91,-17.33,4.0,4.0,Shipping on time,0,0.0,0,11,5.225262685642126,0,0,0,1
5836,2017-01-29,2017-01-31,West Europe,80988,5.0,218.43,77.44,2.0,1.0,Late delivery,0,1.0,1,1,5.3910332750477785,1,0,0,0
5837,2016-07-29,2016-08-02,Central America,59869,2.0,153.85,44.75,4.0,4.0,Shipping on time,0,0.0,0,7,5.042456906419212,0,0,0,1
5838,2015-03-22,2015-03-29,Eastern Asia,78637,2.0,291.09,81.25,7.0,4.0,Late delivery,0,3.0,1,3,5.677061973956591,0,0,0,1
5839,2015-07-02,2015-07-03,West Europe,32929,1.0,230.57,10.12,1.0,2.0,Shipping on time,0,-1.0,0,7,5.444882203629872,0,0,1,0
5840,2017-05-23,2017-05-30,West Europe,82941,3.0,183.67,34.41,7.0,4.0,Late delivery,0,3.0,1,5,5.218570448457781,0,0,0,1
5841,2016-05-05,2016-05-05,US Center,65881,4.0,293.27,1.59,0.0,0.0,Shipping on time,0,0.0,0,5,5.684497713244334,0,1,0,0
5842,2016-07-03,2016-07-07,Central America,33532,2.0,70.58,-2.13,4.0,4.0,Shipping on time,0,0.0,0,7,4.2708157053378795,0,0,0,1
5843,2015-03-06,2015-03-10,Oceania,68898,1.0,144.21,50.07,4.0,1.0,Late delivery,0,3.0,1,3,4.978180970542646,1,0,0,0
5844,2017-08-24,2017-08-27,West Europe,20777,5.0,51.54,13.96,3.0,4.0,Shipping on time,0,-1.0,0,8,3.961574784257394,0,0,0,1
5845,2016-11-04,2016-11-08,Eastern Asia,92395,4.0,145.76,46.48,4.0,1.0,Late delivery,0,3.0,1,11,4.988798599487081,1,0,0,0
5846,2015-12-06,2015-12-12,US Center,68090,3.0,111.5,20.12,6.0,4.0,Late delivery,0,2.0,1,12,4.722953221644475,0,0,0,1
5847,2015-11-25,2015-11-25,Oceania,83307,4.0,240.49,48.97,0.0,1.0,Shipping on time,0,-1.0,0,11,5.486828064367804,1,0,0,0
5848,2015-03-21,2015-03-25,US Center,72200,4.0,113.37,44.36,4.0,4.0,Shipping on time,0,0.0,0,3,4.7394388067931255,0,0,0,1
5849,2017-08-19,2017-08-26,West Europe,74398,2.0,100.81,14.61,7.0,4.0,Late delivery,0,3.0,1,8,4.623108331119105,0,0,0,1
5850,2017-08-01,2017-08-02,South Asia,30135,1.0,139.29,-5.21,1.0,2.0,Shipping on time,0,-1.0,0,8,4.943711708730681,0,0,1,0
5851,2016-02-05,2016-02-11,South Asia,76442,5.0,136.23,-10.22,6.0,4.0,Late delivery,0,2.0,1,2,4.921658350281541,0,0,0,1
5852,2017-06-24,2017-06-27,West Europe,98123,1.0,199.94,70.44,3.0,2.0,Late delivery,0,1.0,1,6,5.303006356034168,0,0,1,0
5853,2015-02-21,2015-02-22,Eastern Asia,15955,4.0,87.77,-6.7,1.0,2.0,Shipping on time,0,-1.0,0,2,4.486048755080228,0,0,1,0
5854,2016-09-14,2016-09-19,West Europe,22500,1.0,60.55,-9.83,5.0,4.0,Late delivery,0,1.0,1,9,4.1198498526304625,0,0,0,1
5855,2015-01-13,2015-01-16,Eastern Asia,38362,5.0,57.34,8.15,3.0,4.0,Shipping on time,0,-1.0,0,1,4.066287964439575,0,0,0,1
5856,2017-07-19,2017-07-22,US Center,44211,5.0,291.6,-41.74,3.0,2.0,Late delivery,0,1.0,1,7,5.678806488586024,0,0,1,0
5857,2015-11-26,2015-12-01,West Europe,68712,4.0,69.73,5.38,5.0,2.0,Late delivery,0,3.0,1,11,4.258869811047899,0,0,1,0
5858,2017-05-20,2017-05-26,Central America,43172,3.0,111.92,-1.26,6.0,4.0,Late delivery,0,2.0,1,5,4.726679603385288,0,0,0,1
5859,2015-09-19,2015-09-22,Central America,82253,1.0,76.51,0.1,3.0,4.0,Shipping on time,0,-1.0,0,9,4.35040696029342,0,0,0,1
5860,2015-01-12,2015-01-15,US Center,23564,1.0,248.52,63.33,3.0,1.0,Late delivery,0,2.0,1,1,5.519539072299548,1,0,0,0
5861,2017-08-08,2017-08-15,South Asia,65474,4.0,105.45,0.01,7.0,4.0,Late delivery,0,3.0,1,8,4.667675391339489,0,0,0,1
5862,2016-04-12,2016-04-13,US Center,49635,1.0,305.32,106.31,1.0,1.0,Shipping on time,0,0.0,0,4,5.724630307169039,1,0,0,0
5863,2017-02-19,2017-02-24,South Asia,74973,1.0,97.05,28.15,5.0,4.0,Late delivery,0,1.0,1,2,4.585477552642355,0,0,0,1
5864,2016-06-27,2016-06-30,Eastern Asia,81845,4.0,175.79,53.93,3.0,2.0,Late delivery,0,1.0,1,6,5.174962587517932,0,0,1,0
5865,2016-01-03,2016-01-07,Eastern Asia,50285,3.0,231.1,-8.59,4.0,1.0,Late delivery,0,3.0,1,1,5.447168313280391,1,0,0,0
5866,2015-05-17,2015-05-23,West Europe,84419,1.0,261.72,1.15,6.0,4.0,Late delivery,0,2.0,1,5,5.571088826264064,0,0,0,1
5867,2015-09-18,2015-09-21,West Europe,54143,5.0,72.65,-2.7,3.0,2.0,Late delivery,0,1.0,1,9,4.299324142908639,0,0,1,0
5868,2015-09-11,2015-09-18,West Europe,22593,4.0,118.6,5.37,7.0,4.0,Late delivery,0,3.0,1,9,4.784152841516532,0,0,0,1
5869,2015-03-09,2015-03-12,Eastern Asia,30942,1.0,140.65,-3.61,3.0,4.0,Shipping on time,0,-1.0,0,3,4.953359226276525,0,0,0,1
5870,2015-03-01,2015-03-08,West Europe,96422,1.0,49.83,1.96,7.0,4.0,Late delivery,0,3.0,1,3,3.928486731458811,0,0,0,1
5871,2015-05-04,2015-05-08,Eastern Asia,15958,5.0,225.13,39.17,4.0,2.0,Late delivery,0,2.0,1,5,5.4211100551349025,0,0,1,0
5872,2015-08-27,2015-08-31,South Asia,94524,5.0,186.05,29.38,4.0,4.0,Shipping on time,0,0.0,0,8,5.231375960794155,0,0,0,1
5873,2017-01-12,2017-01-13,West Europe,41310,5.0,199.74,51.18,1.0,0.0,Late delivery,0,1.0,1,1,5.302010538385654,0,1,0,0
5874,2016-11-05,2016-11-08,Eastern Asia,35511,2.0,64.57,19.5,3.0,4.0,Shipping on time,0,-1.0,0,11,4.183118274275528,0,0,0,1
5875,2015-02-26,2015-03-01,Oceania,94774,3.0,149.29,5.06,3.0,4.0,Shipping on time,1,-1.0,0,2,5.012566760946003,0,0,0,1
5876,2017-09-11,2017-09-14,Eastern Asia,41879,4.0,191.35,65.26,3.0,4.0,Shipping on time,0,-1.0,0,9,5.259316629198304,0,0,0,1
5877,2017-02-24,2017-03-03,South Asia,72746,1.0,272.15,11.53,7.0,4.0,Late delivery,0,3.0,1,2,5.610021094841726,0,0,0,1
5878,2017-08-16,2017-08-23,US Center,92089,2.0,108.38,-7.31,7.0,4.0,Late delivery,0,3.0,1,8,4.694828057918627,0,0,0,1
5879,2016-01-30,2016-02-06,US Center,85658,1.0,220.86,7.61,7.0,4.0,Late delivery,0,3.0,1,1,5.402046552310513,0,0,0,1
5880,2017-01-30,2017-02-05,Central America,87136,1.0,473.95,-14.96,6.0,4.0,Late delivery,0,2.0,1,1,6.1632095353361915,0,0,0,1
5881,2016-11-14,2016-11-21,Central America,88926,1.0,114.17,-5.33,7.0,4.0,Late delivery,0,3.0,1,11,4.746409297680816,0,0,0,1
5882,2017-06-23,2017-06-25,Oceania,Unknown,1.0,115.78,-15.24,2.0,2.0,Shipping on time,0,0.0,0,6,4.760291822855391,0,0,1,0
5883,2016-09-08,2016-09-14,South Asia,22345,2.0,121.98,40.02,6.0,4.0,Late delivery,0,2.0,1,9,4.812021740525323,0,0,0,1
5884,2016-03-07,2016-03-08,West Europe,22648,5.0,60.99,-3.16,1.0,2.0,Shipping on time,0,-1.0,0,3,4.126973081713828,0,0,1,0
5885,2015-04-19,2015-04-24,Oceania,15128,1.0,119.2,40.6,5.0,4.0,Late delivery,0,1.0,1,4,4.789157022101107,0,0,0,1
5886,2016-07-18,2016-07-21,South Asia,83647,2.0,387.98,134.61,3.0,4.0,Shipping on time,0,-1.0,0,7,5.963527928414959,0,0,0,1
5887,2017-01-25,2017-01-28,Oceania,79430,5.0,85.23,33.54,3.0,4.0,Shipping on time,0,-1.0,0,1,4.457018144964233,0,0,0,1
5888,2017-07-03,2017-07-09,Central America,79410,4.0,131.89,1.73,6.0,4.0,Late delivery,0,2.0,1,7,4.889521718343416,0,0,0,1
5889,2017-05-27,2017-05-31,US Center,80537,5.0,300.97,-55.16,4.0,1.0,Late delivery,0,3.0,1,5,5.710327674692205,1,0,0,0
5890,2015-01-02,2015-01-05,Oceania,16934,1.0,207.01,55.44,3.0,4.0,Shipping on time,0,-1.0,0,1,5.3375861554687365,0,0,0,1
5891,2015-04-21,2015-04-27,Oceania,73453,5.0,169.5,46.46,6.0,4.0,Late delivery,0,2.0,1,4,5.1387352967235715,0,0,0,1
5892,2015-09-19,2015-09-26,West Europe,51584,3.0,121.38,42.15,7.0,4.0,Late delivery,0,3.0,1,9,4.807130958034395,0,0,0,1
5893,2017-08-28,2017-08-31,Eastern Asia,18946,2.0,138.29,16.07,3.0,1.0,Late delivery,0,2.0,1,8,4.93655809069994,1,0,0,0
5894,2015-07-27,2015-07-29,Eastern Asia,63330,3.0,149.08,46.35,2.0,2.0,Shipping on time,0,0.0,0,7,5.011168485257914,0,0,1,0
5895,2017-03-17,2017-03-21,Eastern Asia,97171,1.0,222.73,-1.06,4.0,2.0,Late delivery,0,2.0,1,3,5.410439967684985,0,0,1,0
5896,2017-08-24,2017-08-24,South Asia,45119,4.0,155.16,-25.67,0.0,1.0,Shipping on time,0,-1.0,0,8,5.050881122664783,1,0,0,0
5897,2016-08-28,2016-09-04,US Center,97761,4.0,258.8,-15.92,7.0,4.0,Late delivery,0,3.0,1,8,5.559912104236499,0,0,0,1
5899,2016-11-27,2016-12-01,Eastern Asia,48273,2.0,241.03,60.37,4.0,4.0,Shipping on time,0,0.0,0,11,5.489061685415569,0,0,0,1
5900,2016-02-21,2016-02-23,West Europe,99448,2.0,108.29,-11.74,2.0,2.0,Shipping on time,0,0.0,0,2,4.694004899688582,0,0,1,0
5901,2015-02-16,2015-02-19,Central America,23667,2.0,149.29,0.88,3.0,4.0,Shipping on time,0,-1.0,0,2,5.012566760946003,0,0,0,1
5902,2016-03-19,2016-03-23,Eastern Asia,28860,2.0,115.31,9.65,4.0,2.0,Late delivery,0,2.0,1,3,4.7562590403509475,0,0,1,0
5903,2015-08-16,2015-08-23,Eastern Asia,25012,5.0,217.0,76.55,7.0,4.0,Late delivery,0,3.0,1,8,5.384495062789089,0,0,0,1
5904,2017-08-22,2017-08-26,Eastern Asia,25389,2.0,138.25,40.48,4.0,4.0,Shipping on time,0,0.0,0,8,4.9362708788073935,0,0,0,1
5905,2017-06-25,2017-06-26,West Europe,88373,2.0,214.88,-13.0,1.0,2.0,Shipping on time,0,-1.0,0,6,5.374722697750442,0,0,1,0
5906,2016-12-09,2016-12-09,West Europe,50518,4.0,92.04,-4.09,0.0,1.0,Shipping on time,0,-1.0,0,12,4.533029508210409,1,0,0,0
5907,2017-05-12,2017-05-16,West Europe,34296,4.0,166.0,57.64,4.0,4.0,Shipping on time,0,0.0,0,5,5.117993812416755,0,0,0,1
5908,2017-03-21,2017-03-28,Central America,91217,4.0,307.22,77.67,7.0,4.0,Late delivery,0,3.0,1,3,5.730813813707232,0,0,0,1
5909,2015-08-06,2015-08-11,Eastern Asia,78285,1.0,287.34,72.35,5.0,4.0,Late delivery,0,1.0,1,8,5.664140339383757,0,0,0,1
5910,2016-04-18,2016-04-19,West Europe,80192,2.0,120.13,4.12,1.0,2.0,Shipping on time,0,-1.0,0,4,4.796864349028711,0,0,1,0
5911,2016-07-01,2016-07-01,US Center,66643,3.0,161.53,55.32,0.0,1.0,Shipping on time,0,-1.0,0,7,5.090862600115084,1,0,0,0
5912,2017-09-14,2017-09-17,Eastern Asia,60562,2.0,119.24,-10.79,3.0,4.0,Shipping on time,0,-1.0,0,9,4.789489745444719,0,0,0,1
5913,2015-12-11,2015-12-15,West Europe,21315,2.0,138.3,-25.01,4.0,4.0,Shipping on time,0,0.0,0,12,4.93662988078576,0,0,0,1
5914,2015-09-19,2015-09-22,US Center,60664,1.0,149.99,54.35,3.0,4.0,Shipping on time,0,-1.0,0,9,5.017213609456379,0,0,0,1
5915,2015-07-07,2015-07-10,West Europe,87297,3.0,304.4,-39.71,3.0,0.0,Late delivery,0,3.0,1,7,5.721622392784532,0,1,0,0
5916,2015-08-08,2015-08-13,South Asia,Unknown,1.0,209.77,-40.22,5.0,4.0,Late delivery,0,1.0,1,8,5.350767491548956,0,0,0,1
5917,2017-02-20,2017-02-26,Eastern Asia,59779,3.0,352.54,102.32,6.0,4.0,Late delivery,0,2.0,1,2,5.867996633107738,0,0,0,1
5918,2016-06-14,2016-06-19,Central America,88602,4.0,369.13,31.47,5.0,2.0,Late delivery,0,3.0,1,6,5.913854295280189,0,0,1,0
5919,2016-11-06,2016-11-07,Eastern Asia,18048,2.0,70.17,25.01,1.0,0.0,Late delivery,0,1.0,1,11,4.26507138131118,0,1,0,0
5920,2017-07-05,2017-07-06,South Asia,81345,4.0,178.39,14.87,1.0,2.0,Shipping on time,0,-1.0,0,7,5.189562206710999,0,0,1,0
5921,2015-03-10,2015-03-13,South Asia,68073,4.0,114.12,20.59,3.0,4.0,Shipping on time,0,-1.0,0,3,4.745975062579112,0,0,0,1
5922,2016-07-13,2016-07-16,Oceania,88315,3.0,57.08,4.04,3.0,4.0,Shipping on time,0,-1.0,0,7,4.06182137051654,0,0,0,1
5923,2016-10-30,2016-11-04,Central America,99838,4.0,78.42,9.28,5.0,4.0,Late delivery,0,1.0,1,10,4.374750225703106,0,0,0,1
5924,2016-03-28,2016-03-29,West Europe,37171,4.0,110.36,-5.02,1.0,1.0,Shipping on time,0,0.0,0,3,4.71276819658611,1,0,0,0
5925,2015-01-13,2015-01-14,Central America,23076,3.0,399.98,-58.1,1.0,2.0,Shipping on time,0,-1.0,0,1,5.993911550751034,0,0,1,0
5926,2016-08-29,2016-09-02,Eastern Asia,59083,3.0,156.51,14.43,4.0,4.0,Shipping on time,0,0.0,0,8,5.059488948313644,0,0,0,1
5927,2015-04-06,2015-04-10,Eastern Asia,68337,2.0,133.18,10.98,4.0,4.0,Late delivery,0,0.0,0,4,4.899182182134742,0,0,0,1
5928,2015-08-22,2015-08-24,US Center,54683,4.0,146.17,26.48,2.0,2.0,Shipping on time,0,0.0,0,8,4.9915883811760215,0,0,1,0
5929,2016-02-19,2016-02-23,Central America,87967,5.0,95.44,-13.12,4.0,4.0,Shipping on time,0,0.0,0,2,4.5689210533129705,0,0,0,1
5930,2016-02-11,2016-02-12,Central America,79621,5.0,164.71,-5.82,1.0,2.0,Shipping on time,0,-1.0,0,2,5.110239272641702,0,0,1,0
5931,2015-02-05,2015-02-06,Oceania,53997,2.0,140.91,-19.13,1.0,0.0,Late delivery,0,1.0,1,2,4.955193053846446,0,1,0,0
5932,2017-06-15,2017-06-15,US Center,40502,3.0,56.73,-10.89,0.0,0.0,Shipping on time,0,0.0,0,6,4.055776969072842,0,1,0,0
5933,2016-06-03,2016-06-04,US Center,52742,2.0,108.67,-4.7,1.0,1.0,Shipping on time,0,0.0,0,6,4.697475856772117,1,0,0,0
5934,2015-08-17,2015-08-24,Eastern Asia,82073,3.0,932.5600000000057,-61.534,7.0,4.0,Late delivery,0,3.0,1,8,6.839005235153027,0,0,0,1
5935,2016-11-14,2016-11-20,Eastern Asia,59434,4.0,216.09,-17.42,6.0,4.0,Late delivery,0,2.0,1,11,5.380312014100664,0,0,0,1
5936,2017-08-01,2017-08-08,Eastern Asia,41230,5.0,140.51,19.41,7.0,4.0,Late delivery,0,3.0,1,8,4.95237038596428,0,0,0,1
5937,2015-09-16,2015-09-21,Oceania,81384,3.0,220.62,26.48,5.0,4.0,Late delivery,0,1.0,1,9,5.400964203508179,0,0,0,1
5938,2016-07-05,2016-07-08,Central America,41681,5.0,83.82,-2.4,3.0,2.0,Late delivery,0,1.0,1,7,4.4405313640464446,0,0,1,0
5939,2016-11-28,2016-12-03,West Europe,98497,5.0,157.01,-28.88,5.0,2.0,Late delivery,0,3.0,1,11,5.062658322163408,0,0,1,0
5940,2017-09-04,2017-09-08,Central America,30567,4.0,249.9,90.01,4.0,1.0,Late delivery,0,3.0,1,9,5.525054453372377,1,0,0,0
5941,2015-03-13,2015-03-14,South Asia,15448,3.0,57.72,22.56,1.0,1.0,Shipping on time,0,0.0,0,3,4.07278038430626,1,0,0,0
5942,2016-05-10,2016-05-15,Oceania,74650,3.0,96.54,0.65,5.0,4.0,Late delivery,0,1.0,1,5,4.5802625502819065,0,0,0,1
5943,2015-03-30,2015-04-02,West Europe,54263,1.0,117.61,19.64,3.0,4.0,Shipping on time,0,-1.0,0,3,4.775840800041184,0,0,0,1
5944,2015-09-22,2015-09-25,Eastern Asia,21918,1.0,126.07,-14.46,3.0,4.0,Shipping on time,0,-1.0,0,9,4.844738115716443,0,0,0,1
5945,2016-05-13,2016-05-17,Central America,95754,3.0,110.13,20.83,4.0,4.0,Shipping on time,0,0.0,0,5,4.710700687197555,0,0,0,1
5946,2016-03-05,2016-03-06,South Asia,42040,3.0,174.86,-14.3,1.0,1.0,Shipping on time,0,0.0,0,3,5.169688223950856,1,0,0,0
5947,2015-01-29,2015-02-03,Oceania,91807,1.0,271.61,30.91,5.0,2.0,Late delivery,0,3.0,1,1,5.6080422023753655,0,0,1,0
5948,2015-12-23,2015-12-30,Eastern Asia,72383,2.0,182.5,66.84,7.0,4.0,Late delivery,0,3.0,1,12,5.212214667494625,0,0,0,1
5949,2017-01-28,2017-02-01,US Center,48757,5.0,272.43,70.02,4.0,4.0,Shipping on time,0,0.0,0,1,5.611045647604334,0,0,0,1
5950,2016-07-09,2016-07-13,Oceania,46260,3.0,275.75,-7.89,4.0,1.0,Late delivery,0,3.0,1,7,5.623114571588746,1,0,0,0
5951,2017-06-10,2017-06-14,South Asia,88442,1.0,104.86,33.72,4.0,1.0,Late delivery,0,3.0,1,6,4.662117466429842,1,0,0,0
5952,2017-04-03,2017-04-07,West Europe,63643,2.0,174.9,-4.17,4.0,2.0,Late delivery,0,2.0,1,4,5.169915651743512,0,0,1,0
5953,2015-01-07,2015-01-13,Eastern Asia,16468,3.0,119.52,25.54,6.0,4.0,Late delivery,0,2.0,1,1,4.791815714262101,0,0,0,1
5954,2015-08-31,2015-09-05,South Asia,80514,5.0,219.5,-11.59,5.0,4.0,Late delivery,0,1.0,1,8,5.395897694886901,0,0,0,1
5955,2017-03-10,2017-03-14,Oceania,17087,3.0,121.32,39.16,4.0,4.0,Shipping on time,0,0.0,0,3,4.8066405616208066,0,0,0,1
5956,2016-05-05,2016-05-05,Eastern Asia,58437,2.0,145.37,-15.75,0.0,1.0,Shipping on time,1,-1.0,0,5,4.986137662495856,1,0,0,0
5957,2016-07-23,2016-07-26,US Center,56753,4.0,404.78,-29.35,3.0,4.0,Shipping on time,0,-1.0,0,7,6.005811140814903,0,0,0,1
5958,2015-06-20,2015-06-25,West Europe,59825,4.0,134.3,25.07,5.0,4.0,Late delivery,0,1.0,1,6,4.907494535176743,0,0,0,1
5959,2017-09-01,2017-09-04,Eastern Asia,22155,1.0,59.59,-10.38,3.0,4.0,Shipping on time,0,-1.0,0,9,4.104129862956897,0,0,0,1
5960,2017-03-29,2017-04-01,Central America,49557,1.0,160.01,39.38,3.0,4.0,Shipping on time,0,-1.0,0,3,5.081466474856847,0,0,0,1
5961,2017-03-11,2017-03-16,Oceania,87510,1.0,177.55,-0.37,5.0,4.0,Late delivery,0,1.0,1,3,5.184868674040458,0,0,0,1
5962,2016-04-30,2016-05-02,Eastern Asia,82940,3.0,110.8,34.1,2.0,1.0,Late delivery,0,1.0,1,4,4.716711560720999,1,0,0,0
5963,2017-06-22,2017-06-26,Central America,52131,4.0,155.45,-4.58,4.0,2.0,Late delivery,0,2.0,1,6,5.052736470114891,0,0,1,0
5964,2017-04-24,2017-04-28,South Asia,49792,5.0,271.78,50.22,4.0,4.0,Shipping on time,0,0.0,0,4,5.608665609498729,0,0,0,1
5965,2017-05-04,2017-05-08,Central America,34761,2.0,110.05,12.43,4.0,4.0,Shipping on time,0,0.0,0,5,4.709980550340436,0,0,0,1
5966,2017-04-26,2017-04-29,Central America,65510,2.0,133.67,38.42,3.0,4.0,Shipping on time,0,-1.0,0,4,4.9028273414619505,0,0,0,1
5967,2017-05-02,2017-05-07,Eastern Asia,31095,3.0,98.46,-2.8,5.0,2.0,Late delivery,0,3.0,1,5,4.599755553286593,0,0,1,0
5968,2017-01-16,2017-01-22,Central America,32114,1.0,181.29,-32.69,6.0,4.0,Late delivery,0,2.0,1,1,5.20559882554483,0,0,0,1
5969,2017-01-27,2017-01-30,US Center,11588,4.0,138.7,48.25,3.0,4.0,Shipping on time,0,-1.0,0,1,4.939497266262916,0,0,0,1
5971,2017-06-25,2017-06-27,Eastern Asia,75957,1.0,136.34,42.28,2.0,0.0,Late delivery,0,2.0,1,6,4.9224596031925305,0,1,0,0
5972,2017-04-13,2017-04-17,Oceania,79848,5.0,437.1,1.92,4.0,4.0,Shipping on time,0,0.0,0,4,6.082447194819853,0,0,0,1
5973,2015-03-28,2015-03-28,South Asia,44157,5.0,54.89,-0.35,0.0,0.0,Shipping on time,0,0.0,0,3,4.023385473281607,0,1,0,0
5974,2017-08-09,2017-08-16,Eastern Asia,38675,1.0,66.32,-2.3,7.0,4.0,Late delivery,0,3.0,1,8,4.209457369322605,0,0,0,1
5975,2017-03-15,2017-03-22,Oceania,85118,2.0,182.08,49.27,7.0,4.0,Late delivery,0,3.0,1,3,5.209923215785442,0,0,0,1
5976,2015-05-17,2015-05-18,South Asia,71662,4.0,66.26,-6.84,1.0,0.0,Late delivery,0,1.0,1,5,4.208565706312124,0,1,0,0
5977,2016-11-08,2016-11-08,West Europe,32172,2.0,469.7,98.31,0.0,0.0,Shipping on time,0,0.0,0,11,6.154220948407096,0,1,0,0
5978,2016-07-08,2016-07-12,West Europe,41955,1.0,62.35,5.54,4.0,4.0,Shipping on time,0,0.0,0,7,4.148674906767148,0,0,0,1
5979,2015-12-29,2016-01-03,Eastern Asia,73447,5.0,69.54,8.86,5.0,2.0,Late delivery,0,3.0,1,12,4.256179924807906,0,0,1,0
5980,2017-01-18,2017-01-23,Eastern Asia,81880,4.0,110.58,34.27,5.0,2.0,Late delivery,0,3.0,1,1,4.714741822417382,0,0,1,0
5981,2016-03-13,2016-03-18,Oceania,69639,1.0,281.54,-54.3,5.0,4.0,Late delivery,0,1.0,1,3,5.643820133483518,0,0,0,1
5982,2016-02-07,2016-02-09,Central America,87942,4.0,239.32,49.8,2.0,2.0,Shipping on time,0,0.0,0,2,5.48197136857577,0,0,1,0
5983,2015-04-23,2015-04-25,West Europe,90275,2.0,208.87,32.65,2.0,2.0,Shipping on time,0,0.0,0,4,5.3464882914093295,0,0,1,0
5984,2016-08-10,2016-08-17,South Asia,51462,5.0,178.03,-8.32,7.0,4.0,Late delivery,0,3.0,1,8,5.187553389563182,0,0,0,1
5985,2015-11-07,2015-11-10,Central America,46070,3.0,320.58,-61.534,3.0,4.0,Shipping on time,0,-1.0,0,11,5.773246346316266,0,0,0,1
5987,2016-12-15,2016-12-17,Eastern Asia,33239,4.0,175.93,27.72,2.0,2.0,Shipping on time,0,0.0,0,12,5.175754174124911,0,0,1,0
5988,2017-07-31,2017-08-05,Eastern Asia,76835,4.0,345.86,137.74,5.0,4.0,Late delivery,0,1.0,1,7,5.84892124032244,0,0,0,1
5989,2016-07-05,2016-07-07,West Europe,85113,1.0,80.01,11.92,2.0,2.0,Shipping on time,0,0.0,0,7,4.3945726038424,0,0,1,0
5990,2017-07-21,2017-07-27,Oceania,94129,4.0,180.47,7.16,6.0,4.0,Late delivery,0,2.0,1,7,5.201090350786933,0,0,0,1
5991,2017-07-16,2017-07-23,Eastern Asia,34987,3.0,306.4,54.53,7.0,4.0,Late delivery,0,3.0,1,7,5.728149831104496,0,0,0,1
5992,2016-04-20,2016-04-25,Eastern Asia,74464,3.0,932.5600000000057,174.0700000000001,5.0,4.0,Late delivery,0,1.0,1,4,6.839005235153027,0,0,0,1
5993,2015-09-13,2015-09-18,West Europe,30510,1.0,138.17,-11.11,5.0,2.0,Late delivery,0,3.0,1,9,4.935696207431762,0,0,1,0
5994,2017-06-18,2017-06-23,South Asia,50577,2.0,445.36,173.55,5.0,4.0,Late delivery,0,1.0,1,6,6.101125801317501,0,0,0,1
5995,2015-08-18,2015-08-18,West Europe,57970,4.0,201.2,0.68,0.0,1.0,Shipping on time,0,-1.0,0,8,5.309257306586371,1,0,0,0
5996,2015-06-04,2015-06-07,South Asia,16109,5.0,280.26,24.35,3.0,0.0,Late delivery,0,3.0,1,6,5.639279508442102,0,1,0,0
5997,2017-01-07,2017-01-12,West Europe,21429,1.0,79.91,10.26,5.0,4.0,Late delivery,0,1.0,1,1,4.393337425819748,0,0,0,1
5998,2017-01-03,2017-01-10,Eastern Asia,18834,2.0,96.16,-11.78,7.0,4.0,Late delivery,0,3.0,1,1,4.576359104133972,0,0,0,1
5999,2017-08-14,2017-08-17,West Europe,16978,5.0,95.9,-4.69,3.0,4.0,Shipping on time,0,-1.0,0,8,4.5736795188967205,0,0,0,1
6000,2015-01-19,2015-01-26,West Europe,88178,5.0,420.95,0.85,7.0,4.0,Late delivery,0,3.0,1,1,6.044886823603975,0,0,0,1
6001,2016-01-03,2016-01-03,Oceania,74329,5.0,38.21,-0.65,0.0,1.0,Shipping on time,0,-1.0,0,1,3.6689318163042404,1,0,0,0
6002,2016-06-23,2016-06-26,Eastern Asia,44923,3.0,51.1,-9.3,3.0,4.0,Shipping on time,0,-1.0,0,6,3.9531649487593215,0,0,0,1
6003,2016-01-29,2016-02-04,South Asia,47488,1.0,149.29,58.56,6.0,4.0,Late delivery,1,2.0,1,1,5.012566760946003,0,0,0,1
6004,2015-01-13,2015-01-14,Central America,58218,1.0,163.11,53.48,1.0,2.0,Shipping on time,0,-1.0,0,1,5.100536934691537,0,0,1,0
6005,2015-02-24,2015-03-01,Central America,50675,4.0,36.216,-0.87,5.0,4.0,Late delivery,0,1.0,1,2,3.6167387763362537,0,0,0,1
6006,2016-03-08,2016-03-15,US Center,11868,3.0,118.71,-22.6,7.0,4.0,Late delivery,0,3.0,1,3,4.785072151263279,0,0,0,1
6007,2015-08-23,2015-08-30,Eastern Asia,93758,3.0,125.14,20.71,7.0,4.0,Late delivery,0,3.0,1,8,4.837392401235505,0,0,0,1
6008,2016-01-05,2016-01-11,South Asia,27029,4.0,303.79,24.62,6.0,4.0,Late delivery,0,2.0,1,1,5.719623014875334,0,0,0,1
6009,2017-06-28,2017-07-05,West Europe,73997,1.0,48.89,-6.43,7.0,4.0,Late delivery,0,3.0,1,6,3.909820581872946,0,0,0,1
6010,2015-01-11,2015-01-16,Central America,96889,1.0,109.79,36.64,5.0,2.0,Late delivery,0,3.0,1,1,4.707636517532581,0,0,1,0
6011,2017-09-03,2017-09-06,Central America,83927,3.0,279.14,46.33,3.0,4.0,Shipping on time,0,-1.0,0,9,5.6352894782109,0,0,0,1
6012,2017-09-15,2017-09-18,West Europe,93910,5.0,233.9,65.83,3.0,4.0,Shipping on time,0,-1.0,0,9,5.459159891664867,0,0,0,1
6013,2016-05-05,2016-05-09,US Center,27590,5.0,87.49,-11.72,4.0,2.0,Late delivery,0,2.0,1,5,4.482889551279259,0,0,1,0
6014,2015-05-06,2015-05-12,Oceania,22403,2.0,126.68,6.74,6.0,4.0,Late delivery,0,2.0,1,5,4.849527133701499,0,0,0,1
6015,2017-05-04,2017-05-09,Eastern Asia,71875,2.0,63.21,11.46,5.0,2.0,Late delivery,0,3.0,1,5,4.162158961805957,0,0,1,0
6016,2017-03-07,2017-03-08,Eastern Asia,83327,3.0,332.54,17.02,1.0,2.0,Shipping on time,0,-1.0,0,3,5.809762798193433,0,0,1,0
6017,2015-08-05,2015-08-09,Eastern Asia,40633,1.0,116.62,34.29,4.0,2.0,Late delivery,0,2.0,1,8,4.76745908903181,0,0,1,0
6018,2016-02-08,2016-02-12,West Europe,49017,4.0,315.18,114.44,4.0,4.0,Shipping on time,0,0.0,0,2,5.756311671668041,0,0,0,1
6020,2017-09-18,2017-09-22,South Asia,35289,3.0,89.4,1.78,4.0,1.0,Late delivery,0,3.0,1,9,4.504244267398131,1,0,0,0
6021,2017-07-02,2017-07-04,West Europe,26651,3.0,137.77,5.23,2.0,1.0,Late delivery,0,1.0,1,7,4.932817886382919,1,0,0,0
6022,2017-08-31,2017-09-02,West Europe,14473,3.0,219.0,27.41,2.0,0.0,Late delivery,0,2.0,1,8,5.393627546352362,0,1,0,0
6023,2015-12-16,2015-12-21,Oceania,33955,2.0,194.21,-23.08,5.0,4.0,Late delivery,0,1.0,1,12,5.274075902175002,0,0,0,1
6024,2016-06-29,2016-07-03,Eastern Asia,43443,5.0,365.55,61.62,4.0,1.0,Late delivery,0,3.0,1,6,5.904134937669595,1,0,0,0
6025,2016-09-29,2016-10-01,Oceania,66064,2.0,288.14,71.47,2.0,1.0,Late delivery,0,1.0,1,9,5.6669109998802965,1,0,0,0
6026,2015-07-27,2015-07-30,Central America,73423,1.0,181.55,-27.51,3.0,4.0,Shipping on time,0,-1.0,0,7,5.2070241081016455,0,0,0,1
6027,2017-01-14,2017-01-16,US Center,21083,2.0,224.72,57.51,2.0,1.0,Late delivery,0,1.0,1,1,5.419295293100939,1,0,0,0
6028,2016-01-02,2016-01-03,West Europe,52820,4.0,145.37,17.68,1.0,1.0,Shipping on time,1,0.0,0,1,4.986137662495856,1,0,0,0
6029,2015-05-21,2015-05-28,Eastern Asia,67607,4.0,106.18,24.65,7.0,4.0,Late delivery,0,3.0,1,5,4.674509664066704,0,0,0,1
6030,2017-08-05,2017-08-12,South Asia,33790,1.0,213.64,-23.34,7.0,4.0,Late delivery,0,3.0,1,8,5.368962206117368,0,0,0,1
6031,2015-09-17,2015-09-21,West Europe,42204,1.0,182.92,41.55,4.0,4.0,Shipping on time,0,0.0,0,9,5.214500880454926,0,0,0,1
6032,2017-07-21,2017-07-28,US Center,48617,4.0,78.88,-5.57,7.0,4.0,Late delivery,0,3.0,1,7,4.380525508547614,0,0,0,1
6033,2016-08-16,2016-08-19,US Center,10180,2.0,143.62,8.77,3.0,2.0,Late delivery,0,1.0,1,8,4.974109612746806,0,0,1,0
6034,2015-12-01,2015-12-08,Central America,22193,4.0,94.46,31.07,7.0,4.0,Late delivery,0,3.0,1,12,4.55870731157775,0,0,0,1
6035,2015-09-17,2015-09-19,West Europe,88651,3.0,108.91,24.44,2.0,1.0,Late delivery,0,1.0,1,9,4.699661849080809,1,0,0,0
6036,2016-11-07,2016-11-10,US Center,74562,3.0,319.62,11.54,3.0,1.0,Late delivery,0,2.0,1,11,5.770256621261527,1,0,0,0
6037,2015-06-10,2015-06-17,Central America,82345,3.0,86.84,30.25,7.0,4.0,Late delivery,0,3.0,1,6,4.47551697776122,0,0,0,1
6038,2015-03-22,2015-03-26,West Europe,27805,3.0,102.87,-13.33,4.0,4.0,Shipping on time,0,0.0,0,3,4.64314011723972,0,0,0,1
6039,2015-06-11,2015-06-12,Eastern Asia,41309,1.0,145.37,-25.24,1.0,1.0,Shipping on time,1,0.0,0,6,4.986137662495856,1,0,0,0
6040,2016-11-29,2016-12-02,Oceania,39978,3.0,157.42,44.97,3.0,2.0,Late delivery,0,1.0,1,11,5.065249734036134,0,0,1,0
6041,2017-02-21,2017-02-26,Eastern Asia,20861,1.0,166.2,3.3,5.0,4.0,Late delivery,0,1.0,1,2,5.119190700650601,0,0,0,1
6042,2017-01-14,2017-01-16,US Center,61593,5.0,65.07,16.93,2.0,2.0,Shipping on time,0,0.0,0,1,4.190714786041794,0,0,1,0
6043,2016-04-05,2016-04-11,West Europe,42020,4.0,148.48,-25.48,6.0,4.0,Late delivery,0,2.0,1,4,5.0071626046172835,0,0,0,1
6044,2015-07-06,2015-07-11,US Center,50097,1.0,121.54,-18.62,5.0,4.0,Late delivery,0,1.0,1,7,4.8084375072975085,0,0,0,1
6045,2016-07-09,2016-07-09,South Asia,60672,1.0,94.23,8.35,0.0,0.0,Shipping on time,0,0.0,0,7,4.5562950182059545,0,1,0,0
6046,2017-08-23,2017-08-28,Eastern Asia,89096,2.0,108.83,5.09,5.0,4.0,Late delivery,0,1.0,1,8,4.698933715800255,0,0,0,1
6047,2016-09-27,2016-10-01,Oceania,89267,3.0,127.24,26.06,4.0,1.0,Late delivery,0,3.0,1,9,4.853903508301298,1,0,0,0
6048,2015-03-11,2015-03-14,Eastern Asia,48833,3.0,246.14,31.62,3.0,4.0,Shipping on time,0,-1.0,0,3,5.509954977676045,0,0,0,1
6049,2015-11-22,2015-11-23,Oceania,13025,1.0,450.89,154.43,1.0,0.0,Late delivery,0,1.0,1,11,6.113438787382833,0,1,0,0
6050,2015-12-31,2015-12-31,Oceania,34783,2.0,161.17,-31.63,0.0,1.0,Shipping on time,0,-1.0,0,12,5.088645167731283,1,0,0,0
6051,2016-10-19,2016-10-22,Central America,19599,2.0,357.96,20.01,3.0,4.0,Shipping on time,0,-1.0,0,10,5.883210961667728,0,0,0,1
6052,2015-04-24,2015-04-29,West Europe,99071,2.0,161.49,31.25,5.0,2.0,Late delivery,0,3.0,1,4,5.090616461414685,0,0,1,0
6053,2016-03-27,2016-03-28,Central America,64480,3.0,63.83,-10.47,1.0,1.0,Shipping on time,0,0.0,0,3,4.171768459186905,1,0,0,0
6054,2017-07-17,2017-07-21,Eastern Asia,55186,3.0,156.5,52.64,4.0,4.0,Shipping on time,0,0.0,0,7,5.059425458265688,0,0,0,1
6055,2015-04-03,2015-04-04,Eastern Asia,93020,4.0,318.76,72.17,1.0,2.0,Shipping on time,0,-1.0,0,4,5.767570714403068,0,0,1,0
6056,2016-08-17,2016-08-23,South Asia,18706,2.0,341.54,19.44,6.0,4.0,Late delivery,0,2.0,1,8,5.836388439204223,0,0,0,1
6057,2016-06-07,2016-06-12,US Center,93191,4.0,90.65,15.71,5.0,4.0,Late delivery,0,1.0,1,6,4.517976974285714,0,0,0,1
6058,2015-09-19,2015-09-24,West Europe,18056,3.0,554.94,-22.39,5.0,4.0,Late delivery,0,1.0,1,9,6.320660374758419,0,0,0,1
6059,2016-05-14,2016-05-18,US Center,74477,2.0,98.68,8.69,4.0,4.0,Shipping on time,0,0.0,0,5,4.601965055039143,0,0,0,1
6060,2015-02-27,2015-03-02,South Asia,69230,3.0,99.08,-9.37,3.0,0.0,Late delivery,0,3.0,1,2,4.605969866158656,0,1,0,0
6061,2016-11-19,2016-11-23,US Center,54208,1.0,111.83,-19.08,4.0,4.0,Shipping on time,0,0.0,0,11,4.725882261150355,0,0,0,1
6062,2015-06-26,2015-06-29,Eastern Asia,88201,5.0,351.73,-28.06,3.0,4.0,Shipping on time,0,-1.0,0,6,5.86570289174782,0,0,0,1
6063,2017-08-17,2017-08-24,Eastern Asia,Unknown,1.0,191.34,50.04,7.0,4.0,Late delivery,0,3.0,1,8,5.259264639284336,0,0,0,1
6064,2017-09-13,2017-09-15,Eastern Asia,20680,5.0,257.33,-1.0,2.0,2.0,Shipping on time,0,0.0,0,9,5.554237837376183,0,0,1,0
6065,2015-02-18,2015-02-21,Central America,88824,4.0,41.74,8.89,3.0,0.0,Late delivery,0,3.0,1,2,3.755135249891002,0,1,0,0
6066,2016-06-08,2016-06-13,Oceania,70807,3.0,147.13,49.85,5.0,2.0,Late delivery,0,3.0,1,6,4.998090266593961,0,0,1,0
6067,2016-09-08,2016-09-11,US Center,81860,3.0,142.15,-15.38,3.0,1.0,Late delivery,0,2.0,1,9,4.963893031544124,1,0,0,0
6068,2017-06-17,2017-06-21,Eastern Asia,35743,5.0,227.63,52.79,4.0,4.0,Shipping on time,0,0.0,0,6,5.432104976346135,0,0,0,1
6069,2016-12-04,2016-12-08,West Europe,59524,2.0,115.66,7.5,4.0,2.0,Late delivery,0,2.0,1,12,4.759263721325492,0,0,1,0
6070,2016-05-10,2016-05-17,Eastern Asia,68661,3.0,303.72,55.84,7.0,4.0,Late delivery,0,3.0,1,5,5.719393322170348,0,0,0,1
6071,2016-04-24,2016-04-28,South Asia,41876,1.0,101.84,35.73,4.0,1.0,Late delivery,0,3.0,1,4,4.633174382397689,1,0,0,0
6072,2016-01-22,2016-01-29,Oceania,37788,2.0,67.59,18.28,7.0,4.0,Late delivery,0,3.0,1,1,4.22814675151123,0,0,0,1
6073,2016-03-07,2016-03-14,Oceania,52848,3.0,58.61,17.36,7.0,4.0,Late delivery,0,3.0,1,3,4.087823345231835,0,0,0,1
6074,2015-08-13,2015-08-14,West Europe,90768,3.0,316.75,-31.88,1.0,1.0,Shipping on time,0,0.0,0,8,5.761264910069563,1,0,0,0
6075,2016-12-12,2016-12-15,Eastern Asia,95445,4.0,236.03,69.19,3.0,4.0,Shipping on time,0,-1.0,0,12,5.4681867154027515,0,0,0,1
6076,2016-08-20,2016-08-24,West Europe,50060,5.0,96.59,36.97,4.0,4.0,Shipping on time,0,0.0,0,8,4.5807750291533695,0,0,0,1
6077,2016-06-25,2016-07-02,Eastern Asia,95708,4.0,288.7,105.29,7.0,4.0,Late delivery,0,3.0,1,6,5.668845904775305,0,0,0,1
6078,2016-06-27,2016-06-27,West Europe,10632,3.0,137.78,38.53,2.0,1.0,Shipping on time,0,1.0,1,6,4.932889945471403,1,0,0,0
6079,2016-02-21,2016-02-24,Oceania,50047,3.0,141.85,42.83,3.0,4.0,Shipping on time,0,-1.0,0,2,4.961795128676782,0,0,0,1
6080,2017-05-05,2017-05-09,South Asia,61689,5.0,65.13,9.03,4.0,1.0,Late delivery,0,3.0,1,5,4.191622501686571,1,0,0,0
6081,2016-10-17,2016-10-21,South Asia,85210,5.0,110.7,40.2,4.0,4.0,Shipping on time,0,0.0,0,10,4.715816706075155,0,0,0,1
6082,2015-07-29,2015-08-02,Oceania,55579,2.0,162.23,40.05,4.0,2.0,Late delivery,0,2.0,1,7,5.095160249165944,0,0,1,0
6083,2016-08-29,2016-09-04,Oceania,27990,3.0,171.45,-24.38,6.0,4.0,Late delivery,0,2.0,1,8,5.15010733938285,0,0,0,1
6084,2016-02-18,2016-02-21,West Europe,43759,4.0,109.94,2.17,3.0,4.0,Shipping on time,0,-1.0,0,2,4.708989514627088,0,0,0,1
6085,2015-03-30,2015-03-31,West Europe,84814,2.0,271.29,-35.79,1.0,2.0,Shipping on time,0,-1.0,0,3,5.606867674804115,0,0,1,0
6086,2015-12-09,2015-12-12,Central America,13211,3.0,351.37,124.0,3.0,1.0,Late delivery,0,2.0,1,12,5.86468175990473,1,0,0,0
6087,2015-12-25,2015-12-29,Eastern Asia,16115,2.0,95.3,-18.81,4.0,1.0,Late delivery,0,3.0,1,12,4.56746831880408,1,0,0,0
6088,2016-12-27,2016-12-30,Central America,87224,4.0,192.43,19.35,3.0,4.0,Shipping on time,0,-1.0,0,12,5.264915689914006,0,0,0,1
6089,2017-06-12,2017-06-16,Central America,59129,4.0,62.95,14.09,4.0,1.0,Late delivery,0,3.0,1,6,4.158101528024852,1,0,0,0
6090,2016-02-11,2016-02-18,Oceania,81686,3.0,193.82,9.75,7.0,4.0,Late delivery,0,3.0,1,2,5.27207605534281,0,0,0,1
6091,2015-06-09,2015-06-12,South Asia,58307,4.0,87.13,30.5,3.0,4.0,Shipping on time,0,-1.0,0,6,4.478812997111569,0,0,0,1
6092,2017-01-02,2017-01-09,Oceania,36352,1.0,139.45,0.81,7.0,4.0,Late delivery,0,3.0,1,1,4.944851553550253,0,0,0,1
6093,2016-06-05,2016-06-11,US Center,47248,5.0,168.65,4.88,6.0,4.0,Late delivery,0,2.0,1,6,5.13373749123024,0,0,0,1
6094,2015-02-03,2015-02-07,Central America,76865,1.0,132.58,-7.74,4.0,2.0,Late delivery,0,2.0,1,2,4.89470054929749,0,0,1,0
6095,2016-09-29,2016-10-06,West Europe,35264,3.0,279.85,88.45,7.0,4.0,Late delivery,0,3.0,1,9,5.637820718978442,0,0,0,1
6096,2016-02-17,2016-02-21,US Center,Unknown,1.0,97.3,16.92,4.0,4.0,Shipping on time,0,0.0,0,2,4.5880240271531205,0,0,0,1
6097,2015-05-01,2015-05-04,Oceania,70815,1.0,116.46,28.15,3.0,2.0,Late delivery,0,1.0,1,5,4.766097850094374,0,0,1,0
6098,2017-06-19,2017-06-20,Oceania,71513,1.0,184.45,29.46,1.0,1.0,Shipping on time,0,0.0,0,6,5.222785303935599,1,0,0,0
6099,2015-07-20,2015-07-23,Oceania,29706,2.0,149.79,7.99,3.0,2.0,Late delivery,0,1.0,1,7,5.0158881403777045,0,0,1,0
6100,2016-09-23,2016-09-26,Central America,91356,3.0,177.02,-34.24,3.0,2.0,Late delivery,0,1.0,1,9,5.181895903530785,0,0,1,0
6101,2015-11-19,2015-11-21,South Asia,24034,4.0,145.37,34.68,2.0,1.0,Late delivery,1,1.0,1,11,4.986137662495856,1,0,0,0
6102,2016-02-04,2016-02-10,Eastern Asia,15378,2.0,95.77,35.79,6.0,4.0,Late delivery,0,2.0,1,2,4.572337028892851,0,0,0,1
6103,2016-08-22,2016-08-23,South Asia,40298,2.0,224.55,-16.79,1.0,0.0,Late delivery,0,1.0,1,8,5.418541863854405,0,1,0,0
6104,2015-01-29,2015-02-01,US Center,Unknown,4.0,159.97,30.05,3.0,4.0,Shipping on time,0,-1.0,0,1,5.081218012218138,0,0,0,1
6105,2015-05-07,2015-05-12,West Europe,57685,3.0,257.64,46.17,5.0,4.0,Late delivery,0,1.0,1,5,5.555437133417177,0,0,0,1
6106,2015-07-27,2015-07-29,South Asia,33371,5.0,331.03,-56.67,2.0,1.0,Late delivery,0,1.0,1,7,5.805225326279922,1,0,0,0
6107,2017-02-05,2017-02-11,Eastern Asia,14931,1.0,124.67,16.13,6.0,4.0,Late delivery,0,2.0,1,2,4.833659423627053,0,0,0,1
6108,2015-09-17,2015-09-22,Oceania,78074,3.0,99.64,20.04,5.0,4.0,Late delivery,0,1.0,1,9,4.611549792952131,0,0,0,1
6109,2016-11-13,2016-11-20,West Europe,53674,2.0,117.65,34.35,7.0,4.0,Late delivery,0,3.0,1,11,4.776177982881773,0,0,0,1
6110,2017-02-01,2017-02-04,West Europe,65190,2.0,105.06,12.59,3.0,4.0,Shipping on time,0,-1.0,0,2,4.664004971708984,0,0,0,1
6111,2017-03-14,2017-03-17,Eastern Asia,65430,4.0,48.39,-9.57,3.0,4.0,Shipping on time,0,-1.0,0,3,3.8997479745525334,0,0,0,1
6112,2016-09-15,2016-09-22,Central America,82025,4.0,396.21,45.58,7.0,4.0,Late delivery,0,3.0,1,9,5.984465108087737,0,0,0,1
6113,2015-08-30,2015-09-03,South Asia,14518,4.0,194.2,71.35,4.0,4.0,Shipping on time,0,0.0,0,8,5.274024673978992,0,0,0,1
6114,2015-08-09,2015-08-13,Central America,35585,3.0,151.34,71.2,4.0,2.0,Late delivery,1,2.0,1,8,5.026114864944642,0,0,1,0
6115,2016-06-25,2016-06-28,South Asia,15693,3.0,110.81,21.04,3.0,4.0,Shipping on time,0,-1.0,0,6,4.716801002159277,0,0,0,1
6116,2015-07-13,2015-07-20,South Asia,20897,1.0,215.83,-41.64,7.0,4.0,Late delivery,0,3.0,1,7,5.379113636376126,0,0,0,1
6117,2017-05-08,2017-05-09,Eastern Asia,75444,3.0,179.6,53.14,1.0,2.0,Shipping on time,0,-1.0,0,5,5.196284640982885,0,0,1,0
6118,2016-09-04,2016-09-08,West Europe,59643,4.0,147.21,2.62,4.0,4.0,Shipping on time,0,0.0,0,9,4.998630186968824,0,0,0,1
6119,2016-03-12,2016-03-16,US Center,97850,1.0,270.37,-38.77,4.0,4.0,Shipping on time,0,0.0,0,3,5.603483203339636,0,0,0,1
6120,2015-07-24,2015-07-28,US Center,89496,2.0,153.68,49.39,4.0,1.0,Late delivery,0,3.0,1,7,5.041358466739096,1,0,0,0
6121,2016-07-24,2016-07-31,West Europe,65135,3.0,146.67,-1.8,7.0,4.0,Late delivery,0,3.0,1,7,4.994980054485683,0,0,0,1
6122,2016-02-28,2016-03-02,West Europe,72705,3.0,168.4,55.73,3.0,4.0,Shipping on time,0,-1.0,0,2,5.132262782217954,0,0,0,1
6123,2016-02-15,2016-02-19,South Asia,51476,2.0,42.13,-0.14,4.0,4.0,Shipping on time,0,0.0,0,2,3.764218810659752,0,0,0,1
6124,2017-02-05,2017-02-11,West Europe,67732,4.0,101.26,-8.06,6.0,4.0,Late delivery,0,2.0,1,2,4.627518589651853,0,0,0,1
6125,2017-01-09,2017-01-15,US Center,88651,3.0,100.24,38.17,6.0,4.0,Late delivery,0,2.0,1,1,4.617493935676923,0,0,0,1
6126,2016-08-23,2016-08-30,South Asia,70914,5.0,398.17,-61.534,7.0,4.0,Late delivery,0,3.0,1,8,5.989387391312783,0,0,0,1
6127,2016-09-19,2016-09-23,Oceania,30210,1.0,215.4,15.77,4.0,4.0,Shipping on time,0,0.0,0,9,5.377128546972327,0,0,0,1
6128,2016-12-17,2016-12-23,Central America,46476,2.0,241.53,43.43,6.0,4.0,Late delivery,0,2.0,1,12,5.491125414066127,0,0,0,1
6129,2017-01-21,2017-01-26,Central America,12757,3.0,220.7,80.87,5.0,2.0,Late delivery,0,3.0,1,1,5.4013251166222656,0,0,1,0
6130,2016-10-12,2016-10-16,South Asia,10138,3.0,137.35,18.47,4.0,4.0,Shipping on time,0,0.0,0,10,4.929786706232935,0,0,0,1
6131,2017-08-27,2017-08-30,Eastern Asia,83324,5.0,398.92,30.29,3.0,4.0,Shipping on time,0,-1.0,0,8,5.991264527105315,0,0,0,1
6132,2016-07-20,2016-07-25,Eastern Asia,11615,5.0,136.18,-6.38,5.0,4.0,Late delivery,0,1.0,1,7,4.921293932071175,0,0,0,1
6133,2017-02-17,2017-02-21,Central America,22671,1.0,67.82,-1.6,4.0,4.0,Shipping on time,0,0.0,0,2,4.231494400369335,0,0,0,1
6134,2017-03-07,2017-03-14,US Center,97567,5.0,220.98,-7.87,7.0,4.0,Late delivery,0,3.0,1,3,5.402587287723834,0,0,0,1
6135,2016-07-26,2016-07-30,Central America,48859,1.0,303.72,27.27,4.0,4.0,Shipping on time,0,0.0,0,7,5.719393322170348,0,0,0,1
6136,2016-03-02,2016-03-02,Eastern Asia,38089,4.0,163.16,-25.51,0.0,1.0,Shipping on time,0,-1.0,0,3,5.100841561982405,1,0,0,0
6137,2015-09-12,2015-09-13,Central America,97323,1.0,189.72,55.48,1.0,1.0,Shipping on time,0,0.0,0,9,5.250806383876985,1,0,0,0
6138,2015-04-13,2015-04-16,US Center,73665,5.0,267.49,91.51,3.0,4.0,Shipping on time,0,-1.0,0,4,5.592813669307488,0,0,0,1
6139,2016-05-28,2016-05-29,Central America,14803,4.0,372.12,12.16,1.0,2.0,Shipping on time,0,-1.0,0,5,5.921900083722073,0,0,1,0
6141,2017-08-04,2017-08-06,Eastern Asia,42998,1.0,406.26,154.51,2.0,2.0,Shipping on time,0,0.0,0,8,6.009451802122369,0,0,1,0
6142,2017-05-15,2017-05-17,West Europe,42873,3.0,181.83,50.15,2.0,1.0,Late delivery,0,1.0,1,5,5.208556759340413,1,0,0,0
6143,2017-09-12,2017-09-16,US Center,61554,5.0,516.39,48.19,4.0,4.0,Shipping on time,0,0.0,0,9,6.24879694215889,0,0,0,1
6144,2016-01-19,2016-01-22,US Center,43465,2.0,69.45,-10.62,3.0,2.0,Late delivery,0,1.0,1,1,4.254903238344689,0,0,1,0
6145,2015-05-03,2015-05-06,West Europe,69921,3.0,265.64,10.76,3.0,4.0,Shipping on time,0,-1.0,0,5,5.585899433999484,0,0,0,1
6146,2016-09-16,2016-09-20,Central America,47539,3.0,181.69,-8.54,4.0,2.0,Late delivery,0,2.0,1,9,5.2077907273484785,0,0,1,0
6147,2016-11-03,2016-11-08,Central America,49018,4.0,164.92,-25.52,5.0,2.0,Late delivery,0,3.0,1,11,5.111505744481217,0,0,1,0
6148,2017-01-10,2017-01-17,South Asia,19002,4.0,73.48,-9.75,7.0,4.0,Late delivery,0,3.0,1,1,4.310530632968812,0,0,0,1
6149,2015-01-23,2015-01-24,Oceania,21146,1.0,286.34,29.89,1.0,1.0,Shipping on time,0,0.0,0,1,5.660666183582573,1,0,0,0
6150,2016-05-21,2016-05-28,West Europe,39857,3.0,137.54,31.85,7.0,4.0,Late delivery,0,3.0,1,5,4.931159092594459,0,0,0,1
6151,2015-04-18,2015-04-21,West Europe,74189,1.0,86.74,-15.35,3.0,4.0,Shipping on time,0,-1.0,0,4,4.474377895738068,0,0,0,1
6152,2017-08-08,2017-08-13,Eastern Asia,52280,5.0,106.91,-4.89,5.0,4.0,Late delivery,0,1.0,1,8,4.681297546375642,0,0,0,1
6154,2016-03-21,2016-03-26,Oceania,48428,5.0,163.34,36.19,5.0,4.0,Late delivery,0,1.0,1,3,5.101937452503042,0,0,0,1
6155,2015-04-07,2015-04-10,South Asia,52256,2.0,91.17,19.21,3.0,2.0,Late delivery,0,1.0,1,4,4.523634698005573,0,0,1,0
6156,2015-04-28,2015-05-01,Central America,52827,1.0,90.4,-7.37,3.0,4.0,Shipping on time,0,-1.0,0,4,4.515245478460105,0,0,0,1
6157,2016-10-12,2016-10-18,Eastern Asia,37676,5.0,195.73,44.76,6.0,4.0,Late delivery,0,2.0,1,10,5.281832230288174,0,0,0,1
6158,2015-09-07,2015-09-14,West Europe,51336,5.0,147.77,12.22,7.0,4.0,Late delivery,0,3.0,1,9,5.002401489169152,0,0,0,1
6159,2016-05-13,2016-05-15,West Europe,16846,2.0,479.44,155.74,2.0,2.0,Shipping on time,0,0.0,0,5,6.17470235068629,0,0,1,0
6160,2015-03-31,2015-04-05,Eastern Asia,35759,4.0,120.69,38.42,5.0,4.0,Late delivery,0,1.0,1,3,4.801476827348709,0,0,0,1
6161,2016-01-21,2016-01-21,Eastern Asia,53066,3.0,236.63,72.82,0.0,1.0,Shipping on time,0,-1.0,0,1,5.470714842144298,1,0,0,0
6162,2017-07-20,2017-07-25,Central America,85446,5.0,421.08,99.14,5.0,4.0,Late delivery,0,1.0,1,7,6.04519486952895,0,0,0,1
6163,2017-05-01,2017-05-07,West Europe,36863,1.0,137.24,54.61,6.0,4.0,Late delivery,0,2.0,1,5,4.928991305055746,0,0,0,1
6165,2015-12-22,2015-12-26,Eastern Asia,91558,1.0,183.4,37.85,4.0,4.0,Shipping on time,0,0.0,0,12,5.2171073111224935,0,0,0,1
6166,2016-07-06,2016-07-09,US Center,23734,3.0,158.8,-25.96,3.0,1.0,Late delivery,0,2.0,1,7,5.073923033332174,1,0,0,0
6167,2015-09-05,2015-09-08,West Europe,61501,1.0,388.91,40.67,3.0,0.0,Late delivery,0,3.0,1,9,5.9659159432616065,0,1,0,0
6168,2015-06-09,2015-06-12,US Center,76378,4.0,86.87,21.04,3.0,1.0,Late delivery,0,2.0,1,6,4.475858449507752,1,0,0,0
6169,2015-10-12,2015-10-16,Eastern Asia,22401,4.0,108.67,32.93,4.0,4.0,Shipping on time,0,0.0,0,10,4.697475856772117,0,0,0,1
6170,2016-11-30,2016-12-02,South Asia,88216,5.0,55.44,-6.7,2.0,1.0,Late delivery,0,1.0,1,11,4.033178126984613,1,0,0,0
6171,2015-01-23,2015-01-27,West Europe,71971,5.0,143.64,54.27,4.0,4.0,Shipping on time,0,0.0,0,1,4.974247896643866,0,0,0,1
6172,2016-07-18,2016-07-25,Oceania,69810,2.0,271.81,-6.57,7.0,4.0,Late delivery,0,3.0,1,7,5.608775582188955,0,0,0,1
6173,2016-12-23,2016-12-24,Eastern Asia,17667,2.0,132.97,-12.6,1.0,2.0,Shipping on time,0,-1.0,0,12,4.8976158942888945,0,0,1,0
6174,2015-01-15,2015-01-21,West Europe,26483,4.0,247.3,-46.64,6.0,4.0,Late delivery,0,2.0,1,1,5.514637692514121,0,0,0,1
6175,2016-10-07,2016-10-11,US Center,80191,5.0,99.4,-1.6,4.0,4.0,Shipping on time,0,0.0,0,10,4.609162207257629,0,0,0,1
6176,2015-03-07,2015-03-07,West Europe,11734,2.0,297.67,89.59,0.0,1.0,Shipping on time,0,-1.0,0,3,5.6993392849588265,1,0,0,0
6177,2016-02-20,2016-02-24,Eastern Asia,20390,5.0,144.26,15.32,4.0,4.0,Shipping on time,0,0.0,0,2,4.978525240178022,0,0,0,1
6178,2015-01-11,2015-01-14,US Center,32498,3.0,116.91,-21.17,3.0,2.0,Late delivery,0,1.0,1,1,4.769921621588582,0,0,1,0
6179,2017-03-28,2017-04-02,Oceania,13170,3.0,396.33,17.65,5.0,4.0,Late delivery,0,1.0,1,3,5.98476716966025,0,0,0,1
6180,2016-11-15,2016-11-18,South Asia,34204,3.0,153.01,14.06,3.0,4.0,Shipping on time,0,-1.0,0,11,5.037017535370374,0,0,0,1
6181,2015-11-28,2015-12-02,Oceania,83048,3.0,214.19,55.63,4.0,4.0,Shipping on time,0,0.0,0,11,5.3715213588064525,0,0,0,1
6182,2017-01-11,2017-01-15,US Center,34747,2.0,165.02,30.73,4.0,4.0,Shipping on time,0,0.0,0,1,5.112108263026889,0,0,0,1
6183,2015-08-03,2015-08-10,South Asia,54588,2.0,230.92,-13.7,7.0,4.0,Late delivery,0,3.0,1,8,5.4463924846134,0,0,0,1
6184,2016-03-29,2016-04-04,West Europe,35842,5.0,165.07,35.52,6.0,4.0,Late delivery,0,2.0,1,3,5.112409386218662,0,0,0,1
6185,2015-02-03,2015-02-07,South Asia,76439,2.0,76.96,11.16,4.0,4.0,Shipping on time,0,0.0,0,2,4.35619587463936,0,0,0,1
6186,2017-09-17,2017-09-20,West Europe,71097,5.0,181.12,-28.07,3.0,4.0,Shipping on time,0,-1.0,0,9,5.204665810466581,0,0,0,1
6187,2015-06-27,2015-07-04,South Asia,99940,4.0,202.67,43.76,7.0,4.0,Late delivery,0,3.0,1,6,5.316501036981665,0,0,0,1
6188,2016-03-22,2016-03-22,Eastern Asia,30945,1.0,192.43,37.07,0.0,0.0,Shipping on time,0,0.0,0,3,5.264915689914006,0,1,0,0
6189,2016-03-25,2016-03-26,Central America,43789,3.0,134.91,42.51,1.0,1.0,Shipping on time,0,0.0,0,3,4.911992901967256,1,0,0,0
6190,2015-06-03,2015-06-04,Oceania,51641,1.0,437.52,75.4,1.0,2.0,Shipping on time,0,-1.0,0,6,6.083405420806339,0,0,1,0
6191,2015-11-27,2015-12-02,Eastern Asia,36290,5.0,101.15,27.89,5.0,4.0,Late delivery,0,1.0,1,11,4.626442321263631,0,0,0,1
6192,2016-11-21,2016-11-24,West Europe,85514,1.0,165.16,1.3,3.0,2.0,Late delivery,0,1.0,1,11,5.112951179567857,0,0,1,0
6193,2016-03-20,2016-03-25,US Center,58531,2.0,173.8,37.19,5.0,2.0,Late delivery,0,3.0,1,3,5.163642463221435,0,0,1,0
6194,2015-04-14,2015-04-19,Eastern Asia,38642,1.0,82.41,-15.51,5.0,4.0,Late delivery,0,1.0,1,4,4.42376820625352,0,0,0,1
6195,2015-02-23,2015-03-01,Oceania,45033,1.0,77.47,17.64,6.0,4.0,Late delivery,0,2.0,1,2,4.362716386139382,0,0,0,1
6196,2015-03-13,2015-03-18,Central America,12460,2.0,225.56,-44.6,5.0,4.0,Late delivery,0,1.0,1,3,5.423009810505355,0,0,0,1
6197,2015-01-27,2015-02-03,West Europe,74041,1.0,227.0,32.37,7.0,4.0,Late delivery,0,3.0,1,1,5.429345628954441,0,0,0,1
6198,2017-02-26,2017-03-02,South Asia,56050,1.0,166.76,20.64,4.0,4.0,Shipping on time,0,0.0,0,2,5.122534386593665,0,0,0,1
6199,2016-11-07,2016-11-09,Central America,25084,4.0,61.04,-8.68,2.0,1.0,Late delivery,0,1.0,1,11,4.127779338308338,1,0,0,0
6200,2016-01-24,2016-01-27,Oceania,67689,2.0,130.15,6.65,3.0,4.0,Shipping on time,0,-1.0,0,1,4.876341706312883,0,0,0,1
6201,2016-02-20,2016-02-22,West Europe,17250,2.0,176.62,-11.37,2.0,2.0,Shipping on time,0,0.0,0,2,5.179646436830358,0,0,1,0
6202,2015-12-12,2015-12-14,South Asia,50423,2.0,219.99,58.8,2.0,1.0,Late delivery,0,1.0,1,12,5.398117451625214,1,0,0,0
6203,2017-02-24,2017-02-28,Eastern Asia,79956,4.0,932.5600000000057,174.0700000000001,4.0,2.0,Late delivery,0,2.0,1,2,6.839005235153027,0,0,1,0
6204,2016-08-10,2016-08-13,West Europe,16437,4.0,199.92,21.77,3.0,4.0,Shipping on time,0,-1.0,0,8,5.302906818881844,0,0,0,1
6205,2017-04-25,2017-05-01,US Center,45627,4.0,267.88,-36.4,6.0,4.0,Late delivery,0,2.0,1,4,5.594265183416851,0,0,0,1
6206,2015-09-05,2015-09-09,US Center,95966,3.0,400.28,76.08,4.0,1.0,Late delivery,0,3.0,1,9,5.9946594380045015,1,0,0,0
6207,2015-12-28,2015-12-31,Eastern Asia,16420,2.0,40.06,-1.76,3.0,4.0,Shipping on time,0,-1.0,0,12,3.7150344115907874,0,0,0,1
6208,2015-08-13,2015-08-16,West Europe,22526,1.0,272.28,85.98,3.0,4.0,Shipping on time,0,-1.0,0,8,5.6104969106002045,0,0,0,1
6209,2016-04-03,2016-04-04,US Center,34660,2.0,119.55,35.67,1.0,2.0,Shipping on time,0,-1.0,0,4,4.79206460462718,0,0,1,0
6210,2016-08-25,2016-08-29,US Center,52039,4.0,202.91,-31.62,4.0,1.0,Late delivery,0,3.0,1,8,5.317678720026657,1,0,0,0
6211,2017-02-03,2017-02-07,West Europe,17218,4.0,173.43,-11.34,4.0,1.0,Late delivery,0,3.0,1,2,5.161523515030043,1,0,0,0
6212,2016-11-04,2016-11-06,South Asia,29500,3.0,85.37,-11.55,2.0,2.0,Shipping on time,0,0.0,0,11,4.458640393292194,0,0,1,0
6213,2015-05-14,2015-05-18,Oceania,25570,4.0,91.38,30.56,4.0,2.0,Late delivery,0,2.0,1,5,4.525910505002459,0,0,1,0
6214,2015-01-30,2015-02-05,Oceania,61911,1.0,197.5,40.32,6.0,4.0,Late delivery,0,2.0,1,1,5.290789100127245,0,0,0,1
6215,2017-03-16,2017-03-23,Eastern Asia,50069,4.0,138.53,-25.8,7.0,4.0,Late delivery,0,3.0,1,3,4.938279631904115,0,0,0,1
6216,2015-08-31,2015-09-02,South Asia,36196,5.0,234.07,36.79,2.0,2.0,Shipping on time,0,0.0,0,8,5.459883342129427,0,0,1,0
6217,2016-01-02,2016-01-05,West Europe,45460,1.0,123.05,30.43,3.0,4.0,Shipping on time,0,-1.0,0,1,4.82068471013781,0,0,0,1
6218,2016-08-01,2016-08-03,South Asia,93707,2.0,528.29,-61.534,2.0,2.0,Shipping on time,0,0.0,0,8,6.271536485808084,0,0,1,0
6219,2015-09-07,2015-09-14,US Center,47401,1.0,132.62,-9.43,7.0,4.0,Late delivery,0,3.0,1,9,4.894999950497331,0,0,0,1
6220,2015-02-04,2015-02-11,West Europe,37783,3.0,506.54,-37.2,7.0,4.0,Late delivery,0,3.0,1,2,6.229575525543978,0,0,0,1
6221,2016-04-13,2016-04-13,South Asia,98460,2.0,99.18,-11.4,0.0,0.0,Shipping on time,0,0.0,0,4,4.606968567929471,0,1,0,0
6222,2015-06-07,2015-06-10,South Asia,39539,3.0,211.88,-29.3,3.0,4.0,Shipping on time,0,-1.0,0,6,5.360728626669434,0,0,0,1
6223,2016-10-09,2016-10-12,West Europe,91231,1.0,293.32,50.59,3.0,4.0,Shipping on time,0,-1.0,0,10,5.684667610796519,0,0,0,1
6224,2017-03-31,2017-04-07,Central America,56198,1.0,72.22,-8.39,7.0,4.0,Late delivery,0,3.0,1,3,4.29346860769209,0,0,0,1
6225,2017-04-18,2017-04-18,Oceania,90115,1.0,87.98,18.97,0.0,0.0,Shipping on time,0,0.0,0,4,4.488411625377895,0,1,0,0
6226,2015-07-05,2015-07-12,South Asia,35891,1.0,193.86,13.57,7.0,4.0,Late delivery,0,3.0,1,7,5.272281351997195,0,0,0,1
6227,2017-04-02,2017-04-04,US Center,16098,4.0,296.93,-34.5,3.0,2.0,Shipping on time,0,1.0,1,4,5.696858559583377,0,0,1,0
6228,2016-11-03,2016-11-06,US Center,27385,1.0,336.6,30.75,3.0,1.0,Late delivery,0,2.0,1,11,5.821861762721802,1,0,0,0
6229,2015-02-05,2015-02-08,West Europe,10465,1.0,211.0,71.41,3.0,4.0,Shipping on time,0,-1.0,0,2,5.356586274672012,0,0,0,1
6230,2015-06-08,2015-06-12,South Asia,41144,5.0,280.31,94.88,4.0,4.0,Shipping on time,0,0.0,0,6,5.639457264099644,0,0,0,1
6231,2015-06-13,2015-06-20,West Europe,33671,5.0,78.55,30.63,7.0,4.0,Late delivery,0,3.0,1,6,4.376385754783795,0,0,0,1
6232,2017-05-28,2017-06-01,West Europe,62956,5.0,120.19,17.54,4.0,4.0,Shipping on time,0,0.0,0,5,4.797359561980396,0,0,0,1
6233,2015-12-04,2015-12-09,Oceania,30209,5.0,351.83,-40.83,5.0,2.0,Late delivery,0,3.0,1,12,5.865986354531055,0,0,1,0
6234,2016-08-12,2016-08-15,US Center,99917,5.0,111.56,-11.52,3.0,4.0,Shipping on time,0,-1.0,0,8,4.723486412806134,0,0,0,1
6235,2015-03-01,2015-03-01,Oceania,47035,2.0,133.47,36.23,0.0,1.0,Shipping on time,0,-1.0,0,3,4.901341125835779,1,0,0,0
6236,2017-04-13,2017-04-17,Oceania,78125,2.0,56.43,7.95,4.0,2.0,Late delivery,0,2.0,1,4,4.0505668148762055,0,0,1,0
6237,2016-03-23,2016-03-28,Oceania,Unknown,5.0,137.42,48.3,5.0,4.0,Late delivery,0,1.0,1,3,4.930292541413717,0,0,0,1
6238,2017-07-21,2017-07-27,Oceania,90788,3.0,61.39,20.27,6.0,4.0,Late delivery,0,2.0,1,7,4.133405006122695,0,0,0,1
6239,2016-03-28,2016-04-04,West Europe,48501,2.0,188.42,38.9,5.0,4.0,Late delivery,0,1.0,1,3,5.243966771797955,0,0,0,1
6240,2016-11-25,2016-11-25,US Center,98791,3.0,356.91,108.47,0.0,0.0,Shipping on time,0,0.0,0,11,5.880281558147221,0,1,0,0
6241,2016-06-07,2016-06-07,South Asia,84051,5.0,183.4,19.68,0.0,0.0,Shipping on time,0,0.0,0,6,5.2171073111224935,0,1,0,0
6242,2017-03-05,2017-03-08,US Center,14717,1.0,168.62,59.54,3.0,4.0,Shipping on time,0,-1.0,0,3,5.133560640933554,0,0,0,1
6243,2015-12-16,2015-12-19,US Center,88327,2.0,121.66,11.78,3.0,2.0,Late delivery,0,1.0,1,12,4.809416300197838,0,0,1,0
6244,2015-07-13,2015-07-15,US Center,62330,1.0,209.99,33.21,2.0,2.0,Shipping on time,0,0.0,0,7,5.3518107389880365,0,0,1,0
6245,2015-08-28,2015-09-01,South Asia,59703,3.0,80.89,31.77,4.0,4.0,Shipping on time,0,0.0,0,8,4.405376883282097,0,0,0,1
6246,2017-01-03,2017-01-07,South Asia,61862,3.0,117.4,32.99,4.0,4.0,Shipping on time,0,0.0,0,1,4.774068722449905,0,0,0,1
6247,2016-08-11,2016-08-14,West Europe,86994,3.0,529.46,78.04,3.0,2.0,Late delivery,0,1.0,1,8,6.273744554645768,0,0,1,0
6248,2016-09-30,2016-10-03,US Center,71517,1.0,72.25,-7.56,3.0,0.0,Late delivery,0,3.0,1,9,4.293878247897177,0,1,0,0
6249,2015-02-26,2015-02-26,Eastern Asia,Unknown,3.0,110.49,-12.71,0.0,0.0,Shipping on time,0,0.0,0,2,4.71393490077948,0,1,0,0
6250,2017-07-13,2017-07-20,Central America,92669,3.0,68.54,22.87,7.0,4.0,Late delivery,0,3.0,1,7,4.241902126579715,0,0,0,1
6251,2015-02-09,2015-02-16,Eastern Asia,41084,4.0,310.08,-60.72,7.0,4.0,Late delivery,0,3.0,1,2,5.740050113826743,0,0,0,1
6252,2015-01-19,2015-01-25,Eastern Asia,42296,3.0,133.37,23.56,6.0,4.0,Late delivery,0,2.0,1,1,4.9005971888873185,0,0,0,1
6253,2017-01-14,2017-01-17,West Europe,98439,4.0,73.52,14.62,3.0,4.0,Shipping on time,0,-1.0,0,1,4.311067545733388,0,0,0,1
6254,2017-01-30,2017-01-30,West Europe,92659,1.0,74.27,0.65,0.0,0.0,Shipping on time,0,0.0,0,1,4.321081649046441,0,1,0,0
6255,2015-07-10,2015-07-13,Oceania,43968,5.0,288.58,-19.31,3.0,4.0,Shipping on time,0,-1.0,0,7,5.668431597353275,0,0,0,1
6256,2017-02-14,2017-02-16,Eastern Asia,23259,4.0,224.68,35.11,2.0,1.0,Late delivery,0,1.0,1,2,5.419118066693741,1,0,0,0
6257,2015-06-09,2015-06-16,Oceania,33482,3.0,241.19,92.01,7.0,4.0,Late delivery,0,3.0,1,6,5.489722542075034,0,0,0,1
6258,2017-06-03,2017-06-06,Eastern Asia,71185,2.0,146.94,15.59,3.0,0.0,Late delivery,0,3.0,1,6,4.996806786159722,0,1,0,0
6259,2015-09-04,2015-09-07,Eastern Asia,42775,2.0,255.45,45.77,3.0,4.0,Shipping on time,0,-1.0,0,9,5.546933713835277,0,0,0,1
6260,2015-02-10,2015-02-12,Eastern Asia,10558,3.0,324.17,18.02,2.0,1.0,Late delivery,0,1.0,1,2,5.784348122495769,1,0,0,0
6261,2016-07-28,2016-08-02,South Asia,40409,1.0,223.32,-13.07,5.0,4.0,Late delivery,0,1.0,1,7,5.413073603846225,0,0,0,1
6262,2015-11-06,2015-11-11,US Center,78448,4.0,60.61,10.67,5.0,2.0,Late delivery,0,3.0,1,11,4.120824195026479,0,0,1,0
6263,2015-08-28,2015-09-03,US Center,71225,1.0,49.05,11.74,6.0,4.0,Late delivery,0,2.0,1,8,3.9130225057612296,0,0,0,1
6264,2015-08-13,2015-08-17,US Center,84701,5.0,65.55,8.1,4.0,4.0,Shipping on time,0,0.0,0,8,4.197953544841121,0,0,0,1
6265,2016-10-25,2016-10-29,Central America,63067,2.0,177.17,57.09,4.0,4.0,Shipping on time,0,0.0,0,10,5.1827381506958785,0,0,0,1
6266,2016-03-22,2016-03-25,South Asia,70596,1.0,64.19,25.26,3.0,1.0,Late delivery,0,2.0,1,3,4.177306082936448,1,0,0,0
6267,2016-10-01,2016-10-05,Eastern Asia,98306,3.0,81.41,-9.71,4.0,1.0,Late delivery,0,3.0,1,10,4.411706788775292,1,0,0,0
6268,2016-10-13,2016-10-17,Eastern Asia,85588,1.0,154.6,-5.67,4.0,2.0,Late delivery,0,2.0,1,10,5.047288611744291,0,0,1,0
6269,2016-02-08,2016-02-12,South Asia,89637,2.0,91.38,20.31,4.0,4.0,Shipping on time,0,0.0,0,2,4.525910505002459,0,0,0,1
6270,2017-03-15,2017-03-18,Central America,16042,4.0,72.49,9.86,3.0,4.0,Shipping on time,0,-1.0,0,3,4.29714934254078,0,0,0,1
6271,2017-07-16,2017-07-16,Central America,51980,2.0,262.69,-39.96,0.0,1.0,Shipping on time,0,-1.0,0,7,5.574774170759263,1,0,0,0
6272,2016-07-09,2016-07-10,West Europe,95151,5.0,200.57,4.34,1.0,2.0,Shipping on time,0,-1.0,0,7,5.306136715600168,0,0,1,0
6273,2017-01-25,2017-01-26,South Asia,89150,1.0,237.58,2.6,1.0,2.0,Shipping on time,0,-1.0,0,1,5.474704683853799,0,0,1,0
6274,2016-04-26,2016-04-30,West Europe,39284,2.0,256.33,96.32,4.0,1.0,Late delivery,0,3.0,1,4,5.550359307904895,1,0,0,0
6275,2015-05-19,2015-05-26,US Center,62989,5.0,345.74,-44.79,7.0,4.0,Late delivery,0,3.0,1,5,5.848575219557742,0,0,0,1
6276,2017-01-25,2017-01-27,Eastern Asia,37774,3.0,147.23,48.93,2.0,2.0,Shipping on time,0,0.0,0,1,4.998765121525769,0,0,1,0
6277,2015-08-18,2015-08-20,West Europe,20077,1.0,135.16,49.14,2.0,2.0,Shipping on time,0,0.0,0,8,4.913830664825064,0,0,1,0
6278,2015-06-16,2015-06-19,Eastern Asia,10337,1.0,54.7,0.19,3.0,2.0,Late delivery,0,1.0,1,6,4.019980146933238,0,0,1,0
6279,2015-04-20,2015-04-27,Oceania,62141,5.0,130.64,16.83,7.0,4.0,Late delivery,0,3.0,1,4,4.880070924075139,0,0,0,1
6280,2017-09-07,2017-09-10,South Asia,86308,1.0,106.31,15.52,3.0,2.0,Late delivery,0,1.0,1,9,4.675721841939036,0,0,1,0
6281,2016-12-12,2016-12-14,Eastern Asia,19377,4.0,273.87,100.28,2.0,1.0,Late delivery,0,1.0,1,12,5.616298258623081,1,0,0,0
6282,2017-06-17,2017-06-22,Oceania,23701,5.0,220.74,-8.82,5.0,2.0,Late delivery,0,3.0,1,6,5.401505524344206,0,0,1,0
6283,2015-07-11,2015-07-18,Central America,44878,3.0,349.93,42.2,7.0,4.0,Late delivery,0,3.0,1,7,5.860586773377589,0,0,0,1
6284,2016-11-08,2016-11-12,US Center,44255,4.0,280.58,20.04,4.0,1.0,Late delivery,0,3.0,1,11,5.640416599034381,1,0,0,0
6285,2016-03-28,2016-03-31,West Europe,24862,1.0,296.28,100.94,3.0,4.0,Shipping on time,0,-1.0,0,3,5.694674455625473,0,0,0,1
6286,2015-02-10,2015-02-14,US Center,46801,4.0,202.87,75.94,4.0,4.0,Shipping on time,0,0.0,0,2,5.317482535809048,0,0,0,1
6287,2015-04-03,2015-04-07,Oceania,24261,4.0,162.05,-14.49,4.0,1.0,Late delivery,0,3.0,1,4,5.094056902235328,1,0,0,0
6288,2017-07-18,2017-07-21,South Asia,24755,1.0,119.97,19.66,3.0,4.0,Shipping on time,0,-1.0,0,7,4.795542580971757,0,0,0,1
6289,2017-05-26,2017-06-02,Oceania,11722,4.0,147.79,20.6,5.0,4.0,Late delivery,0,1.0,1,5,5.002535915839606,0,0,0,1
6290,2015-10-14,2015-10-17,Central America,79330,4.0,86.24,-10.01,3.0,1.0,Late delivery,0,2.0,1,10,4.468662941333428,1,0,0,0
6291,2017-01-16,2017-01-20,South Asia,83285,3.0,186.87,17.06,4.0,2.0,Late delivery,0,2.0,1,1,5.235750234279208,0,0,1,0
6292,2017-02-11,2017-02-17,Oceania,64614,4.0,142.16,-15.03,6.0,4.0,Late delivery,0,2.0,1,2,4.963962885897825,0,0,0,1
6293,2016-10-26,2016-10-29,US Center,84095,2.0,46.28,-1.89,3.0,4.0,Shipping on time,0,-1.0,0,10,3.856087373097843,0,0,0,1
6294,2017-06-29,2017-07-01,West Europe,68387,2.0,36.216,2.1,2.0,1.0,Late delivery,0,1.0,1,6,3.6167387763362537,1,0,0,0
6295,2016-11-29,2016-12-03,Oceania,62592,1.0,97.87,-13.75,4.0,1.0,Late delivery,0,3.0,1,11,4.593805855909042,1,0,0,0
6296,2015-04-05,2015-04-09,South Asia,43815,5.0,113.68,-4.04,4.0,4.0,Shipping on time,0,0.0,0,4,4.742145641015169,0,0,0,1
6297,2015-12-29,2016-01-05,Eastern Asia,38643,4.0,125.01,1.45,7.0,4.0,Late delivery,0,3.0,1,12,4.836361268881602,0,0,0,1
6298,2016-01-03,2016-01-07,Oceania,56541,5.0,313.21,-56.93,4.0,2.0,Late delivery,0,2.0,1,1,5.750061552176929,0,0,1,0
6299,2015-07-09,2015-07-13,South Asia,95025,4.0,103.47,35.53,4.0,4.0,Shipping on time,0,0.0,0,7,4.648899948849417,0,0,0,1
6300,2017-04-13,2017-04-17,South Asia,32337,2.0,71.45,26.99,4.0,4.0,Shipping on time,0,0.0,0,4,4.282896668766692,0,0,0,1
6301,2015-01-19,2015-01-26,Central America,22518,3.0,184.97,38.21,7.0,4.0,Late delivery,0,3.0,1,1,5.225585370381938,0,0,0,1
6302,2017-02-13,2017-02-13,West Europe,Unknown,1.0,145.37,69.01,0.0,1.0,Shipping on time,1,-1.0,0,2,4.986137662495856,1,0,0,0
6303,2016-02-14,2016-02-15,South Asia,53178,2.0,382.69,-36.0,1.0,2.0,Shipping on time,0,-1.0,0,2,5.9498349348856605,0,0,1,0
6304,2015-02-03,2015-02-06,South Asia,49039,2.0,82.77,7.88,3.0,4.0,Shipping on time,0,-1.0,0,2,4.428074948165718,0,0,0,1
6305,2017-06-26,2017-06-26,Central America,Unknown,2.0,128.25,-22.1,0.0,1.0,Shipping on time,0,-1.0,0,6,4.861748513388538,1,0,0,0
6306,2017-02-19,2017-02-22,Eastern Asia,55495,4.0,116.05,-6.79,3.0,2.0,Late delivery,0,1.0,1,2,4.76260119393692,0,0,1,0
6307,2015-01-28,2015-01-31,Central America,28687,3.0,353.4,-54.29,3.0,4.0,Late delivery,0,-1.0,0,1,5.870426218730926,0,0,0,1
6308,2017-02-15,2017-02-22,South Asia,59697,5.0,221.5,62.68,7.0,4.0,Late delivery,0,3.0,1,2,5.404927101606295,0,0,0,1
6309,2015-07-14,2015-07-19,South Asia,22803,2.0,150.2,49.18,5.0,4.0,Late delivery,0,1.0,1,7,5.018603463745433,0,0,0,1
6311,2016-06-10,2016-06-15,US Center,73557,5.0,120.58,-17.17,5.0,4.0,Late delivery,0,1.0,1,6,4.800572482320576,0,0,0,1
6312,2015-10-24,2015-10-29,West Europe,89311,5.0,131.74,-16.53,5.0,4.0,Late delivery,0,1.0,1,10,4.888392327717779,0,0,0,1
6313,2015-03-15,2015-03-15,South Asia,96436,3.0,145.11,52.29,0.0,1.0,Shipping on time,0,-1.0,0,3,4.984359762683993,1,0,0,0
6314,2016-06-06,2016-06-08,US Center,49702,4.0,110.95,-4.35,2.0,2.0,Shipping on time,0,0.0,0,6,4.718052343044764,0,0,1,0
6315,2015-10-24,2015-10-29,Oceania,37258,1.0,127.97,6.58,5.0,4.0,Late delivery,0,1.0,1,10,4.8595798191763,0,0,0,1
6316,2015-11-16,2015-11-16,West Europe,55133,2.0,181.24,59.73,0.0,0.0,Shipping on time,0,0.0,0,11,5.205324499698872,0,1,0,0
6317,2017-01-21,2017-01-26,West Europe,44906,4.0,932.5600000000057,-61.534,5.0,2.0,Late delivery,0,3.0,1,1,6.839005235153027,0,0,1,0
6318,2015-06-13,2015-06-14,South Asia,86021,2.0,346.56,53.24,1.0,0.0,Late delivery,0,1.0,1,6,5.8509373119710055,0,1,0,0
6319,2015-08-03,2015-08-03,West Europe,62753,4.0,242.6,27.03,0.0,1.0,Shipping on time,0,-1.0,0,8,5.495527535835742,1,0,0,0
6320,2016-07-18,2016-07-20,US Center,27899,2.0,141.6,-13.88,2.0,2.0,Shipping on time,0,0.0,0,7,4.960043507980195,0,0,1,0
6321,2015-11-01,2015-11-05,Oceania,70577,4.0,41.89,7.2,4.0,2.0,Late delivery,0,2.0,1,11,3.758638698528789,0,0,1,0
6322,2016-08-05,2016-08-09,Oceania,Unknown,3.0,151.34,19.83,4.0,2.0,Late delivery,1,2.0,1,8,5.026114864944642,0,0,1,0
6323,2015-10-10,2015-10-11,Eastern Asia,78618,2.0,110.5,-12.13,1.0,2.0,Shipping on time,0,-1.0,0,10,4.7140245909001735,0,0,1,0
6324,2015-09-15,2015-09-16,Eastern Asia,82992,1.0,118.27,-12.89,1.0,1.0,Shipping on time,0,0.0,0,9,4.7813898305905775,1,0,0,0
6325,2015-07-25,2015-07-30,US Center,19994,2.0,69.44,9.95,5.0,4.0,Late delivery,0,1.0,1,7,4.254761283628006,0,0,0,1
6326,2015-01-31,2015-02-07,West Europe,17367,4.0,118.69,28.03,7.0,4.0,Late delivery,0,3.0,1,1,4.784905066885279,0,0,0,1
6327,2017-03-17,2017-03-21,West Europe,50655,5.0,157.1,44.83,4.0,4.0,Shipping on time,0,0.0,0,3,5.0632277442154265,0,0,0,1
6328,2015-11-26,2015-11-29,Eastern Asia,53355,4.0,102.27,39.04,3.0,1.0,Late delivery,0,2.0,1,11,4.637346917683312,1,0,0,0
6329,2017-08-07,2017-08-08,Oceania,61012,5.0,135.5,42.17,1.0,1.0,Shipping on time,0,0.0,0,8,4.916324614625014,1,0,0,0
6330,2017-08-12,2017-08-17,West Europe,88931,4.0,139.23,15.07,5.0,4.0,Late delivery,0,1.0,1,8,4.943283931738559,0,0,0,1
6331,2016-08-13,2016-08-16,Oceania,89109,2.0,98.09,9.66,3.0,4.0,Shipping on time,0,-1.0,0,8,4.596028528070808,0,0,0,1
6332,2017-07-11,2017-07-16,Oceania,61940,4.0,89.44,11.84,5.0,4.0,Late delivery,0,1.0,1,7,4.504686647409769,0,0,0,1
6334,2015-04-16,2015-04-21,West Europe,71684,4.0,151.34,49.34,5.0,2.0,Late delivery,1,3.0,1,4,5.026114864944642,0,0,1,0
6335,2015-09-01,2015-09-02,West Europe,47384,3.0,80.69,-10.09,1.0,0.0,Late delivery,0,1.0,1,9,4.4029315953537775,0,1,0,0
6336,2015-07-07,2015-07-08,Eastern Asia,67883,2.0,45.45,11.26,1.0,2.0,Shipping on time,0,-1.0,0,7,3.8383764652598478,0,0,1,0
6337,2016-11-20,2016-11-26,South Asia,13969,1.0,149.29,-9.98,6.0,4.0,Late delivery,1,2.0,1,11,5.012566760946003,0,0,0,1
6338,2015-10-21,2015-10-25,Oceania,62027,5.0,195.59,-7.09,4.0,2.0,Late delivery,0,2.0,1,10,5.281120341719515,0,0,1,0
6339,2016-12-20,2016-12-20,Central America,34684,1.0,58.01,5.47,0.0,1.0,Shipping on time,0,-1.0,0,12,4.077706921069077,1,0,0,0
6340,2017-04-24,2017-04-28,Central America,58171,4.0,248.56,87.61,4.0,1.0,Late delivery,0,3.0,1,4,5.519699367242586,1,0,0,0
6341,2017-03-27,2017-04-03,South Asia,41736,2.0,104.49,38.93,7.0,4.0,Late delivery,0,3.0,1,3,4.658616161693717,0,0,0,1
6342,2015-07-09,2015-07-14,Oceania,43036,1.0,157.08,45.65,5.0,4.0,Late delivery,0,1.0,1,7,5.063101233999558,0,0,0,1
6343,2015-05-17,2015-05-17,West Europe,46280,2.0,93.79,11.78,0.0,1.0,Shipping on time,0,-1.0,0,5,4.55166391846495,1,0,0,0
6344,2017-04-01,2017-04-07,Eastern Asia,47515,2.0,203.75,41.74,6.0,4.0,Late delivery,0,2.0,1,4,5.321789722733179,0,0,0,1
6345,2015-07-18,2015-07-18,Oceania,34159,1.0,150.2,-15.06,0.0,1.0,Shipping on time,0,-1.0,0,7,5.018603463745433,1,0,0,0
6346,2017-04-22,2017-04-25,US Center,14436,1.0,180.36,32.38,3.0,4.0,Shipping on time,0,-1.0,0,4,5.200484006199273,0,0,0,1
6347,2015-12-07,2015-12-10,US Center,24519,3.0,47.9,15.66,3.0,1.0,Late delivery,0,2.0,1,12,3.8897773964808264,1,0,0,0
6348,2016-04-04,2016-04-10,Central America,73812,4.0,220.46,39.09,6.0,4.0,Late delivery,0,2.0,1,4,5.400241986269962,0,0,0,1
6349,2016-03-04,2016-03-07,West Europe,32482,4.0,55.72,5.29,3.0,4.0,Shipping on time,0,-1.0,0,3,4.038126882223872,0,0,0,1
6350,2017-07-26,2017-07-29,US Center,46954,3.0,120.44,1.56,3.0,4.0,Shipping on time,0,-1.0,0,7,4.79942031364732,0,0,0,1
6351,2017-03-24,2017-03-28,US Center,59062,3.0,195.97,11.62,4.0,4.0,Shipping on time,0,0.0,0,3,5.2830514328776035,0,0,0,1
6352,2015-05-30,2015-06-03,South Asia,88807,2.0,149.29,5.13,4.0,4.0,Shipping on time,1,0.0,0,5,5.012566760946003,0,0,0,1
6353,2015-03-29,2015-03-30,Central America,14666,1.0,193.78,27.27,1.0,0.0,Late delivery,0,1.0,1,3,5.271870716533053,0,1,0,0
6354,2017-01-05,2017-01-05,Central America,92805,4.0,160.32,58.01,0.0,0.0,Shipping on time,0,0.0,0,1,5.083389970005167,0,1,0,0
6355,2015-10-26,2015-11-01,US Center,90359,4.0,153.37,5.54,6.0,4.0,Late delivery,0,2.0,1,10,5.03935231819375,0,0,0,1
6356,2016-08-04,2016-08-07,West Europe,48996,1.0,91.68,10.86,3.0,1.0,Late delivery,0,2.0,1,8,4.529152699564175,1,0,0,0
6357,2015-04-26,2015-05-03,South Asia,84652,1.0,258.45,63.72,7.0,4.0,Late delivery,0,3.0,1,4,5.558564005813748,0,0,0,1
6358,2015-03-24,2015-03-28,West Europe,37801,5.0,276.44,-20.83,4.0,1.0,Late delivery,0,3.0,1,3,5.625604693592177,1,0,0,0
6359,2017-03-15,2017-03-19,Oceania,14708,2.0,107.16,17.71,4.0,4.0,Shipping on time,0,0.0,0,3,4.683611612294654,0,0,0,1
6360,2017-01-20,2017-01-23,Eastern Asia,25382,5.0,87.31,11.54,3.0,2.0,Late delivery,0,1.0,1,1,4.480853351480711,0,0,1,0
6361,2016-12-11,2016-12-17,Eastern Asia,90259,3.0,163.49,44.88,6.0,4.0,Late delivery,0,2.0,1,12,5.1028497780840665,0,0,0,1
6362,2017-08-17,2017-08-23,Oceania,77580,1.0,94.54,21.51,6.0,4.0,Late delivery,0,2.0,1,8,4.559545007961816,0,0,0,1
6363,2017-03-18,2017-03-21,Central America,60712,4.0,157.38,-29.2,3.0,4.0,Shipping on time,0,-1.0,0,3,5.064997208782266,0,0,0,1
6364,2016-09-21,2016-09-27,Eastern Asia,52675,4.0,231.8,-6.16,6.0,4.0,Late delivery,0,2.0,1,9,5.450179715857283,0,0,0,1
6365,2015-11-14,2015-11-21,Eastern Asia,54011,2.0,212.37,-39.9,7.0,4.0,Late delivery,0,3.0,1,11,5.363027747916792,0,0,0,1
6366,2015-08-22,2015-08-26,West Europe,50253,4.0,337.74,75.49,4.0,4.0,Shipping on time,0,0.0,0,8,5.825232851462975,0,0,0,1
6367,2016-06-09,2016-06-15,Eastern Asia,98619,5.0,189.2,38.19,6.0,4.0,Late delivery,0,2.0,1,6,5.24807615011129,0,0,0,1
6368,2017-03-27,2017-03-30,Central America,74996,2.0,80.33,12.89,3.0,4.0,Shipping on time,0,-1.0,0,3,4.398514952178684,0,0,0,1
6369,2017-06-05,2017-06-10,South Asia,24532,4.0,89.4,26.98,5.0,2.0,Late delivery,0,3.0,1,6,4.504244267398131,0,0,1,0
6370,2015-08-23,2015-08-23,Eastern Asia,14086,2.0,197.12,66.82,0.0,1.0,Shipping on time,0,-1.0,0,8,5.288872907720037,1,0,0,0
6371,2015-01-21,2015-01-21,Central America,27822,3.0,430.63,-1.36,0.0,0.0,Shipping on time,0,0.0,0,1,6.0675687397728035,0,1,0,0
6372,2015-01-09,2015-01-11,Eastern Asia,98676,5.0,118.79,36.78,2.0,2.0,Shipping on time,0,0.0,0,1,4.785740209743239,0,0,1,0
6373,2017-03-11,2017-03-16,West Europe,65486,4.0,86.35,9.53,5.0,4.0,Late delivery,0,1.0,1,3,4.469923036580066,0,0,0,1
6374,2017-06-11,2017-06-16,Oceania,90153,1.0,321.36,115.0,5.0,4.0,Late delivery,0,1.0,1,6,5.775668933456311,0,0,0,1
6375,2017-02-06,2017-02-12,West Europe,65818,5.0,135.38,-22.45,6.0,4.0,Late delivery,0,2.0,1,2,4.9154451070925065,0,0,0,1
6376,2017-06-28,2017-07-04,Central America,90697,3.0,215.69,-25.06,6.0,4.0,Late delivery,0,2.0,1,6,5.3784677607308655,0,0,0,1
6377,2016-03-10,2016-03-13,Oceania,83167,4.0,268.27,53.54,3.0,4.0,Shipping on time,0,-1.0,0,3,5.595714593686387,0,0,0,1
6378,2016-11-26,2016-11-30,US Center,92798,3.0,83.09,-8.5,4.0,4.0,Shipping on time,0,0.0,0,11,4.431887653844806,0,0,0,1
6379,2017-02-13,2017-02-20,West Europe,40785,4.0,118.59,23.6,7.0,4.0,Late delivery,0,3.0,1,2,4.7840692259807165,0,0,0,1
6380,2016-06-27,2016-07-01,US Center,69564,3.0,932.5600000000057,-61.534,4.0,4.0,Shipping on time,0,0.0,0,6,6.839005235153027,0,0,0,1
6381,2017-01-27,2017-02-02,US Center,58826,1.0,196.2,62.23,6.0,4.0,Late delivery,0,2.0,1,1,5.284218442168535,0,0,0,1
6382,2017-06-06,2017-06-10,Oceania,25716,3.0,210.48,25.55,4.0,4.0,Shipping on time,0,0.0,0,6,5.354130431367249,0,0,0,1
6383,2015-06-29,2015-07-05,South Asia,Unknown,2.0,149.29,-19.97,6.0,4.0,Late delivery,1,2.0,1,6,5.012566760946003,0,0,0,1
6384,2017-04-27,2017-05-03,Eastern Asia,79339,4.0,199.33,-3.56,6.0,4.0,Late delivery,0,2.0,1,4,5.299966006793561,0,0,0,1
6385,2017-08-25,2017-08-25,Oceania,93287,1.0,52.73,5.01,0.0,0.0,Shipping on time,0,0.0,0,8,3.98397150474073,0,1,0,0
6386,2015-10-20,2015-10-25,US Center,54587,1.0,177.08,40.64,5.0,4.0,Late delivery,0,1.0,1,10,5.182232887527235,0,0,0,1
6387,2017-07-29,2017-08-04,US Center,78098,4.0,176.46,-4.86,6.0,4.0,Late delivery,0,2.0,1,7,5.178745231407191,0,0,0,1
6388,2016-06-02,2016-06-05,West Europe,97062,2.0,145.37,32.26,3.0,4.0,Shipping on time,0,-1.0,0,6,4.986137662495856,0,0,0,1
6389,2015-09-14,2015-09-17,US Center,56964,3.0,63.8,12.71,3.0,2.0,Late delivery,0,1.0,1,9,4.1713056033582285,0,0,1,0
6390,2017-04-01,2017-04-08,West Europe,82695,1.0,137.12,45.07,7.0,4.0,Late delivery,0,3.0,1,4,4.928122872521792,0,0,0,1
6391,2017-08-12,2017-08-15,US Center,98965,5.0,79.05,2.94,3.0,4.0,Shipping on time,0,-1.0,0,8,4.382651439442724,0,0,0,1
6392,2016-05-03,2016-05-08,South Asia,74577,3.0,330.21,-41.89,5.0,4.0,Late delivery,0,1.0,1,5,5.802752615292013,0,0,0,1
6393,2016-06-29,2016-07-02,West Europe,81125,2.0,932.5600000000057,-61.534,3.0,4.0,Shipping on time,0,-1.0,0,6,6.839005235153027,0,0,0,1
6394,2015-04-06,2015-04-09,Eastern Asia,32504,1.0,129.05,37.52,3.0,1.0,Late delivery,0,2.0,1,4,4.867918991894661,1,0,0,0
6395,2016-05-25,2016-06-01,Central America,64047,3.0,136.22,12.8,7.0,4.0,Late delivery,0,3.0,1,5,4.921585477262745,0,0,0,1
6396,2015-07-04,2015-07-10,South Asia,40235,5.0,196.93,27.81,6.0,4.0,Late delivery,0,2.0,1,7,5.287913432832644,0,0,0,1
6397,2017-02-13,2017-02-17,Eastern Asia,12810,1.0,151.57,-1.06,4.0,4.0,Shipping on time,0,0.0,0,2,5.027623507125111,0,0,0,1
6398,2015-05-02,2015-05-03,US Center,18372,3.0,196.49,58.27,1.0,2.0,Shipping on time,0,-1.0,0,5,5.285687950147895,0,0,1,0
6399,2017-07-04,2017-07-08,Central America,79862,2.0,85.82,-14.46,4.0,4.0,Shipping on time,0,0.0,0,7,4.4638370098714475,0,0,0,1
6400,2015-08-01,2015-08-08,Central America,84252,2.0,270.58,107.29,7.0,4.0,Late delivery,0,3.0,1,8,5.604256755270649,0,0,0,1
6401,2015-09-14,2015-09-15,Eastern Asia,60090,1.0,109.89,27.5,1.0,1.0,Shipping on time,0,0.0,0,9,4.708538718965125,1,0,0,0
6402,2016-01-22,2016-01-23,Eastern Asia,88128,5.0,222.62,-14.63,1.0,2.0,Shipping on time,0,-1.0,0,1,5.409948182719222,0,0,1,0
6403,2015-05-02,2015-05-06,Central America,47422,5.0,165.85,36.13,4.0,2.0,Late delivery,0,2.0,1,5,5.117095205197383,0,0,1,0
6404,2016-06-27,2016-07-01,West Europe,63662,5.0,265.88,-15.26,4.0,4.0,Shipping on time,0,0.0,0,6,5.586799119170382,0,0,0,1
6405,2017-04-18,2017-04-21,US Center,51930,5.0,139.19,-4.33,3.0,4.0,Shipping on time,0,-1.0,0,4,4.942998645380444,0,0,0,1
6406,2016-06-17,2016-06-20,Eastern Asia,99683,2.0,63.13,9.61,3.0,4.0,Shipping on time,0,-1.0,0,6,4.160912273160772,0,0,0,1
6407,2016-03-18,2016-03-21,Central America,30339,5.0,75.78,10.05,3.0,4.0,Shipping on time,0,-1.0,0,3,4.340944189572651,0,0,0,1
6408,2017-09-16,2017-09-23,South Asia,76417,1.0,127.62,35.77,7.0,4.0,Late delivery,0,3.0,1,9,4.856862320706717,0,0,0,1
6409,2016-07-05,2016-07-11,Oceania,10417,5.0,317.0,62.76,6.0,4.0,Late delivery,0,2.0,1,7,5.762051382780177,0,0,0,1
6410,2016-10-06,2016-10-09,South Asia,15290,4.0,114.46,-22.73,3.0,0.0,Late delivery,0,3.0,1,10,4.748924149632788,0,1,0,0
6411,2016-04-24,2016-04-28,Eastern Asia,Unknown,3.0,149.65,-14.6,4.0,1.0,Late delivery,0,3.0,1,4,5.01495926557631,1,0,0,0
6412,2015-03-23,2015-03-30,Oceania,90824,2.0,149.29,-56.21,7.0,4.0,Late delivery,1,3.0,1,3,5.012566760946003,0,0,0,1
6413,2017-05-28,2017-05-31,US Center,26717,2.0,105.57,24.53,3.0,1.0,Late delivery,0,2.0,1,5,4.668802046232865,1,0,0,0
6414,2017-08-26,2017-08-29,West Europe,19008,5.0,172.47,31.74,3.0,4.0,Shipping on time,0,-1.0,0,8,5.156004673773317,0,0,0,1
6415,2016-07-22,2016-07-29,West Europe,57448,3.0,170.09,63.34,7.0,4.0,Late delivery,0,3.0,1,7,5.142189733836557,0,0,0,1
6416,2016-07-16,2016-07-17,West Europe,50364,2.0,160.44,13.14,1.0,0.0,Late delivery,1,1.0,1,7,5.084133556605299,0,1,0,0
6417,2016-12-05,2016-12-06,Oceania,50944,2.0,165.19,28.55,1.0,1.0,Shipping on time,0,0.0,0,12,5.113131712139432,1,0,0,0
6418,2017-08-26,2017-09-01,Central America,43608,2.0,261.86,56.41,6.0,4.0,Late delivery,0,2.0,1,8,5.571621571053862,0,0,0,1
6419,2017-02-07,2017-02-09,South Asia,18032,5.0,262.02,-18.44,2.0,2.0,Shipping on time,0,0.0,0,2,5.5722300749138185,0,0,1,0
6420,2015-10-08,2015-10-12,Oceania,47674,3.0,120.07,6.61,4.0,4.0,Shipping on time,0,0.0,0,10,4.7963688907196484,0,0,0,1
6421,2015-01-03,2015-01-04,West Europe,69817,1.0,749.47,158.4,1.0,1.0,Shipping on time,0,0.0,0,1,6.620699676923461,1,0,0,0
6422,2017-08-31,2017-09-04,Oceania,30064,1.0,176.68,9.07,4.0,4.0,Shipping on time,0,0.0,0,8,5.179984179586172,0,0,0,1
6423,2016-07-14,2016-07-18,Central America,35568,5.0,124.16,15.52,4.0,4.0,Shipping on time,0,0.0,0,7,4.829592918800682,0,0,0,1
6424,2015-05-09,2015-05-13,Eastern Asia,47074,1.0,96.58,-18.38,4.0,4.0,Shipping on time,0,0.0,0,5,4.580672554387691,0,0,0,1
6425,2016-08-27,2016-08-29,US Center,92268,3.0,83.3,2.42,2.0,2.0,Shipping on time,0,0.0,0,8,4.4343818650078095,0,0,1,0
6426,2015-06-24,2015-06-30,South Asia,22127,1.0,230.04,9.9,6.0,4.0,Late delivery,0,2.0,1,6,5.442590855704461,0,0,0,1
6427,2015-04-14,2015-04-17,West Europe,35437,4.0,36.216,7.13,3.0,1.0,Late delivery,0,2.0,1,4,3.6167387763362537,1,0,0,0
6428,2017-05-20,2017-05-25,Eastern Asia,45880,4.0,133.09,34.52,5.0,4.0,Late delivery,0,1.0,1,5,4.898511216291551,0,0,0,1
6429,2015-06-17,2015-06-18,South Asia,61643,3.0,66.87,20.6,1.0,1.0,Shipping on time,0,0.0,0,6,4.217594110715667,1,0,0,0
6430,2017-01-16,2017-01-18,South Asia,52842,2.0,131.77,29.42,2.0,1.0,Late delivery,0,1.0,1,1,4.8886183079078105,1,0,0,0
6431,2015-03-09,2015-03-12,West Europe,45991,3.0,151.34,11.84,3.0,2.0,Late delivery,1,1.0,1,3,5.026114864944642,0,0,1,0
6432,2016-02-29,2016-03-05,West Europe,73876,5.0,69.43,14.21,5.0,4.0,Late delivery,0,1.0,1,2,4.254619308757319,0,0,0,1
6433,2016-02-19,2016-02-24,Eastern Asia,30772,3.0,83.19,8.11,5.0,4.0,Late delivery,0,1.0,1,2,4.4330761493495725,0,0,0,1
6434,2016-10-23,2016-10-27,South Asia,87465,5.0,296.48,19.56,4.0,4.0,Shipping on time,0,0.0,0,10,5.6953469958350995,0,0,0,1
6435,2017-02-14,2017-02-21,Oceania,11208,2.0,106.26,1.42,7.0,4.0,Late delivery,0,3.0,1,2,4.675255793554779,0,0,0,1
6436,2016-06-14,2016-06-18,Central America,32708,3.0,932.5600000000057,174.0700000000001,4.0,2.0,Late delivery,0,2.0,1,6,6.839005235153027,0,0,1,0
6437,2015-09-03,2015-09-07,US Center,32600,5.0,121.44,-5.89,4.0,4.0,Shipping on time,0,0.0,0,9,4.807621114077212,0,0,0,1
6438,2017-06-05,2017-06-09,US Center,73981,1.0,231.52,-35.41,4.0,4.0,Shipping on time,0,0.0,0,6,5.44897624283315,0,0,0,1
6439,2017-05-22,2017-05-28,Central America,72052,5.0,288.41,-52.86,6.0,4.0,Late delivery,0,2.0,1,5,5.667844367850572,0,0,0,1
6440,2017-05-10,2017-05-14,South Asia,89568,1.0,243.25,-7.94,4.0,2.0,Late delivery,0,2.0,1,5,5.498192290922892,0,0,1,0
6441,2015-03-09,2015-03-13,West Europe,30162,5.0,198.04,-33.93,4.0,4.0,Shipping on time,0,0.0,0,3,5.2935058095508145,0,0,0,1
6442,2015-03-04,2015-03-06,West Europe,88315,5.0,199.1,49.35,2.0,2.0,Shipping on time,0,0.0,0,3,5.2988172415896875,0,0,1,0
6443,2015-12-11,2015-12-16,Oceania,10583,1.0,74.32,-7.87,5.0,2.0,Late delivery,0,3.0,1,12,4.3217457037889515,0,0,1,0
6444,2015-07-02,2015-07-05,West Europe,26324,1.0,303.16,-11.6,3.0,4.0,Shipping on time,0,-1.0,0,7,5.717553878740119,0,0,0,1
6445,2015-08-21,2015-08-23,Eastern Asia,52121,4.0,105.85,23.18,2.0,2.0,Shipping on time,0,0.0,0,8,4.671425981765156,0,0,1,0
6446,2016-11-22,2016-11-28,South Asia,12280,4.0,87.93,28.2,6.0,4.0,Late delivery,0,2.0,1,11,4.487849543411548,0,0,0,1
6447,2017-08-15,2017-08-18,West Europe,Unknown,2.0,149.29,30.04,3.0,4.0,Shipping on time,1,-1.0,0,8,5.012566760946003,0,0,0,1
6448,2017-03-05,2017-03-12,US Center,31995,1.0,92.7,16.91,7.0,4.0,Late delivery,0,3.0,1,3,4.540098189244376,0,0,0,1
6449,2015-06-16,2015-06-21,South Asia,60392,4.0,182.94,42.11,5.0,4.0,Late delivery,0,1.0,1,6,5.214609617474552,0,0,0,1
6450,2016-09-06,2016-09-10,Oceania,41748,5.0,217.92,-1.52,4.0,4.0,Shipping on time,0,0.0,0,9,5.388706366275717,0,0,0,1
6451,2017-05-02,2017-05-04,Eastern Asia,65546,1.0,298.4,112.93,2.0,2.0,Shipping on time,0,0.0,0,5,5.701780471985528,0,0,1,0
6452,2017-05-25,2017-05-26,South Asia,12229,3.0,137.49,7.44,1.0,1.0,Shipping on time,0,0.0,0,5,4.930798120854626,1,0,0,0
6453,2016-06-02,2016-06-03,US Center,16155,3.0,103.71,21.03,1.0,1.0,Shipping on time,0,0.0,0,6,4.651194624299371,1,0,0,0
6454,2015-04-22,2015-04-28,West Europe,78977,4.0,123.95,12.81,6.0,4.0,Late delivery,0,2.0,1,4,4.827913657280962,0,0,0,1
6455,2015-09-28,2015-09-29,West Europe,70369,3.0,74.95,4.07,1.0,1.0,Shipping on time,0,0.0,0,9,4.330075229041782,1,0,0,0
6456,2017-03-17,2017-03-22,West Europe,40740,4.0,95.81,-6.97,5.0,4.0,Late delivery,0,1.0,1,3,4.57275029473198,0,0,0,1
6457,2016-02-22,2016-02-22,West Europe,71857,1.0,446.84,171.4,0.0,0.0,Shipping on time,0,0.0,0,2,6.104436025767144,0,1,0,0
6458,2015-10-22,2015-10-25,Central America,40163,2.0,93.97,17.81,3.0,4.0,Shipping on time,0,-1.0,0,10,4.553561052254861,0,0,0,1
6459,2015-05-12,2015-05-15,Central America,71154,4.0,111.98,31.01,3.0,1.0,Late delivery,0,2.0,1,5,4.727210811897116,1,0,0,0
6460,2016-09-09,2016-09-11,South Asia,96737,1.0,206.74,28.04,2.0,2.0,Shipping on time,0,0.0,0,9,5.336287297799665,0,0,1,0
6461,2016-08-31,2016-09-05,West Europe,82780,1.0,149.29,0.49,5.0,4.0,Late delivery,1,1.0,1,8,5.012566760946003,0,0,0,1
6462,2017-06-17,2017-06-19,Eastern Asia,25274,5.0,223.34,28.52,2.0,2.0,Shipping on time,0,0.0,0,6,5.413162758217077,0,0,1,0
6463,2016-10-28,2016-10-30,Central America,72982,5.0,88.97,15.43,2.0,0.0,Late delivery,0,2.0,1,10,4.499476281429027,0,1,0,0
6464,2016-11-28,2016-12-05,US Center,23458,3.0,149.29,1.14,7.0,4.0,Late delivery,1,3.0,1,11,5.012566760946003,0,0,0,1
6465,2016-03-18,2016-03-21,West Europe,43219,4.0,304.84,-53.71,3.0,2.0,Late delivery,0,1.0,1,3,5.723062089388157,0,0,1,0
6466,2016-12-28,2017-01-02,Central America,68109,3.0,99.0,31.73,5.0,4.0,Late delivery,0,1.0,1,12,4.605170185988092,0,0,0,1
6467,2017-03-03,2017-03-05,Eastern Asia,32652,4.0,137.26,-0.92,2.0,2.0,Shipping on time,0,0.0,0,3,4.929135970517119,0,0,1,0
6468,2017-07-02,2017-07-08,Central America,25027,1.0,163.51,59.14,6.0,4.0,Late delivery,0,2.0,1,7,5.102971358631329,0,0,0,1
6469,2017-02-05,2017-02-08,Eastern Asia,99439,4.0,51.22,16.58,3.0,2.0,Late delivery,0,1.0,1,2,3.955465563270983,0,0,1,0
6470,2017-02-07,2017-02-10,Eastern Asia,70425,5.0,130.16,45.89,3.0,4.0,Shipping on time,0,-1.0,0,2,4.876417951976448,0,0,0,1
6471,2016-11-05,2016-11-10,Eastern Asia,55182,2.0,100.54,-16.56,5.0,4.0,Late delivery,0,1.0,1,11,4.620452809519248,0,0,0,1
6472,2016-11-06,2016-11-10,West Europe,29184,4.0,194.79,29.24,4.0,1.0,Late delivery,0,3.0,1,11,5.277042656269182,1,0,0,0
6473,2017-01-22,2017-01-29,West Europe,50035,4.0,121.7,31.62,7.0,4.0,Late delivery,0,3.0,1,1,4.809742351716865,0,0,0,1
6474,2016-08-20,2016-08-21,Eastern Asia,44033,3.0,40.85,-5.08,1.0,0.0,Late delivery,0,1.0,1,8,3.7340917969354845,0,1,0,0
6475,2016-03-04,2016-03-08,Oceania,95307,2.0,226.0,40.22,4.0,4.0,Shipping on time,0,0.0,0,3,5.424950017481403,0,0,0,1
6476,2016-08-15,2016-08-22,US Center,87387,1.0,36.216,10.94,7.0,4.0,Late delivery,0,3.0,1,8,3.6167387763362537,0,0,0,1
6477,2015-06-05,2015-06-05,West Europe,44728,1.0,115.05,32.55,0.0,1.0,Shipping on time,0,-1.0,0,6,4.754021132720446,1,0,0,0
6478,2015-10-01,2015-10-06,Oceania,15846,3.0,98.1,39.05,5.0,4.0,Late delivery,0,1.0,1,10,4.596129441335942,0,0,0,1
6479,2016-06-12,2016-06-15,Oceania,61944,2.0,102.72,31.78,3.0,4.0,Shipping on time,0,-1.0,0,6,4.641694960670463,0,0,0,1
6480,2017-09-23,2017-09-25,Eastern Asia,41771,5.0,143.94,-15.27,2.0,1.0,Late delivery,0,1.0,1,9,4.976319863681136,1,0,0,0
6481,2016-04-06,2016-04-07,West Europe,54243,2.0,247.79,33.76,1.0,1.0,Shipping on time,0,0.0,0,4,5.516609167131222,1,0,0,0
6483,2015-05-29,2015-06-03,US Center,27737,1.0,102.69,22.26,5.0,4.0,Late delivery,0,1.0,1,5,4.6414056785701865,0,0,0,1
6484,2016-03-22,2016-03-26,West Europe,51021,1.0,220.27,56.45,4.0,4.0,Shipping on time,0,0.0,0,3,5.39938367528284,0,0,0,1
6485,2016-11-26,2016-12-01,Central America,31021,1.0,192.89,46.4,5.0,4.0,Late delivery,0,1.0,1,11,5.267290987942913,0,0,0,1
6486,2016-02-01,2016-02-06,South Asia,94979,4.0,217.07,86.61,5.0,4.0,Late delivery,0,1.0,1,2,5.384816112164653,0,0,0,1
6487,2016-03-20,2016-03-26,US Center,36093,2.0,174.9,22.44,6.0,4.0,Late delivery,0,2.0,1,3,5.169915651743512,0,0,0,1
6488,2017-01-20,2017-01-25,West Europe,25551,5.0,149.29,39.53,5.0,4.0,Late delivery,1,1.0,1,1,5.012566760946003,0,0,0,1
6489,2016-11-06,2016-11-12,Oceania,10222,1.0,110.06,20.25,6.0,4.0,Late delivery,0,2.0,1,11,4.710070595813461,0,0,0,1
6490,2016-01-19,2016-01-22,South Asia,62714,2.0,110.98,22.01,3.0,2.0,Late delivery,0,1.0,1,1,4.718320283920748,0,0,1,0
6491,2015-07-11,2015-07-14,US Center,67802,4.0,241.61,-31.59,3.0,4.0,Shipping on time,0,-1.0,0,7,5.491455215775841,0,0,0,1
6492,2017-05-19,2017-05-25,South Asia,89026,5.0,336.73,79.62,5.0,4.0,Late delivery,0,1.0,1,5,5.822246759691004,0,0,0,1
6493,2015-08-22,2015-08-26,South Asia,43248,4.0,442.97,124.88,4.0,4.0,Shipping on time,0,0.0,0,8,6.095756992581866,0,0,0,1
6494,2016-03-29,2016-03-30,Central America,40059,5.0,80.69,-2.09,1.0,2.0,Shipping on time,0,-1.0,0,3,4.4029315953537775,0,0,1,0
6495,2015-04-05,2015-04-09,West Europe,66609,3.0,149.29,22.64,4.0,4.0,Shipping on time,1,0.0,0,4,5.012566760946003,0,0,0,1
6496,2015-10-01,2015-10-07,South Asia,61895,3.0,145.4,22.03,6.0,4.0,Late delivery,0,2.0,1,10,4.986342601527212,0,0,0,1
6497,2017-06-26,2017-06-27,South Asia,38888,3.0,132.17,-19.76,1.0,2.0,Shipping on time,0,-1.0,0,6,4.8916265075140535,0,0,1,0
6498,2015-04-09,2015-04-13,Central America,98704,1.0,76.8,1.4,4.0,4.0,Shipping on time,0,0.0,0,4,4.354141431184346,0,0,0,1
6499,2016-11-21,2016-11-23,Eastern Asia,84556,5.0,496.27,121.49,2.0,1.0,Late delivery,0,1.0,1,11,6.2091331381419215,1,0,0,0
6500,2017-02-03,2017-02-06,US Center,79735,2.0,340.06,-37.6,3.0,4.0,Late delivery,0,-1.0,0,2,5.832058414884768,0,0,0,1
6501,2015-11-05,2015-11-08,South Asia,47907,4.0,132.25,10.75,3.0,1.0,Late delivery,0,2.0,1,11,4.892227063045954,1,0,0,0
6502,2016-02-16,2016-02-18,US Center,48203,5.0,112.29,21.72,2.0,1.0,Late delivery,0,1.0,1,2,4.729950902885397,1,0,0,0
6503,2015-02-22,2015-02-23,Eastern Asia,82939,5.0,144.42,27.66,1.0,2.0,Shipping on time,0,-1.0,0,2,4.979626107221911,0,0,1,0
6504,2015-09-23,2015-09-27,US Center,57285,3.0,73.33,-4.29,4.0,4.0,Shipping on time,0,0.0,0,9,4.308514638737202,0,0,0,1
6505,2015-12-03,2015-12-08,Central America,68557,1.0,119.84,5.77,5.0,4.0,Late delivery,0,1.0,1,12,4.794467356518472,0,0,0,1
6506,2015-02-17,2015-02-20,Eastern Asia,60013,2.0,224.54,50.75,3.0,4.0,Shipping on time,0,-1.0,0,2,5.418497526804142,0,0,0,1
6507,2017-02-19,2017-02-20,Central America,25884,5.0,369.66,60.96,1.0,2.0,Shipping on time,0,-1.0,0,2,5.915285200369164,0,0,1,0
6508,2016-10-28,2016-10-30,Central America,65810,3.0,239.92,63.38,2.0,2.0,Shipping on time,0,0.0,0,10,5.4844649281755204,0,0,1,0
6509,2017-06-18,2017-06-21,West Europe,41977,5.0,302.02,54.05,3.0,1.0,Late delivery,0,2.0,1,6,5.713798809931689,1,0,0,0
6510,2016-09-25,2016-09-30,Oceania,87431,5.0,79.97,20.13,5.0,4.0,Late delivery,0,1.0,1,9,4.394078715698023,0,0,0,1
6511,2015-06-16,2015-06-21,US Center,60598,1.0,36.216,-0.09,5.0,4.0,Late delivery,0,1.0,1,6,3.6167387763362537,0,0,0,1
6512,2015-03-22,2015-03-25,Central America,78574,4.0,316.32,66.16,3.0,2.0,Late delivery,0,1.0,1,3,5.759910728433802,0,0,1,0
6513,2017-07-13,2017-07-14,Central America,40678,3.0,161.12,41.41,1.0,2.0,Shipping on time,0,-1.0,0,7,5.088336801760108,0,0,1,0
6514,2016-10-27,2016-10-31,Oceania,62903,1.0,138.59,7.84,4.0,4.0,Shipping on time,0,0.0,0,10,4.938709554524666,0,0,0,1
6515,2015-07-21,2015-07-26,US Center,75773,1.0,149.29,-46.18,5.0,4.0,Late delivery,1,1.0,1,7,5.012566760946003,0,0,0,1
6516,2017-08-30,2017-09-05,Oceania,41708,2.0,84.22,23.99,6.0,4.0,Late delivery,0,2.0,1,8,4.445236148071766,0,0,0,1
6517,2015-02-05,2015-02-09,Eastern Asia,64564,5.0,84.54,15.82,4.0,4.0,Shipping on time,0,0.0,0,2,4.448984102798763,0,0,0,1
6519,2015-05-13,2015-05-17,South Asia,12810,4.0,362.79,-19.34,4.0,4.0,Shipping on time,0,0.0,0,5,5.896576778075664,0,0,0,1
6520,2015-01-19,2015-01-26,US Center,88527,4.0,248.2,47.77,7.0,4.0,Late delivery,0,3.0,1,1,5.518255786913298,0,0,0,1
6521,2015-01-19,2015-01-25,Eastern Asia,77019,1.0,52.89,-3.83,6.0,4.0,Late delivery,0,2.0,1,1,3.9869449319454056,0,0,0,1
6522,2015-11-16,2015-11-20,Eastern Asia,53217,3.0,371.4,119.64,4.0,4.0,Shipping on time,0,0.0,0,11,5.919968545402912,0,0,0,1
6523,2015-08-30,2015-09-04,South Asia,26021,3.0,146.38,-20.29,5.0,4.0,Late delivery,0,1.0,1,8,4.9930142853388535,0,0,0,1
6524,2017-02-19,2017-02-23,South Asia,20928,1.0,185.0,61.55,4.0,4.0,Shipping on time,0,0.0,0,2,5.225746673713202,0,0,0,1
6525,2017-02-08,2017-02-13,Oceania,50941,2.0,93.69,-18.41,5.0,2.0,Late delivery,0,3.0,1,2,4.550608397995409,0,0,1,0
6526,2017-05-02,2017-05-03,Eastern Asia,98406,1.0,421.74,135.31,1.0,2.0,Shipping on time,0,-1.0,0,5,6.046757332856691,0,0,1,0
6527,2016-04-23,2016-04-28,Eastern Asia,62984,4.0,186.16,-14.82,5.0,2.0,Late delivery,0,3.0,1,4,5.231963865998016,0,0,1,0
6528,2015-03-03,2015-03-07,West Europe,77170,2.0,306.63,-43.06,4.0,4.0,Shipping on time,0,0.0,0,3,5.728897762134598,0,0,0,1
6529,2017-03-03,2017-03-10,South Asia,41883,3.0,82.42,-6.99,7.0,4.0,Late delivery,0,3.0,1,3,4.423888088768799,0,0,0,1
6530,2017-01-12,2017-01-17,South Asia,91530,3.0,215.97,56.27,5.0,4.0,Late delivery,0,1.0,1,1,5.37975909513528,0,0,0,1
6531,2015-04-03,2015-04-08,West Europe,Unknown,5.0,152.89,38.72,5.0,4.0,Late delivery,0,1.0,1,4,5.0362380614757605,0,0,0,1
6532,2016-06-19,2016-06-23,Central America,59120,3.0,127.76,-17.33,4.0,1.0,Late delivery,0,3.0,1,6,4.8579502064306075,1,0,0,0
6533,2017-01-18,2017-01-22,Oceania,23570,5.0,91.49,3.47,4.0,1.0,Late delivery,0,3.0,1,1,4.527100530566169,1,0,0,0
6534,2017-07-18,2017-07-23,West Europe,66675,2.0,97.53,-5.83,5.0,4.0,Late delivery,0,1.0,1,7,4.590361070334383,0,0,0,1
6535,2015-05-17,2015-05-18,West Europe,11154,3.0,74.7,18.19,1.0,2.0,Shipping on time,0,-1.0,0,5,4.3267781604434035,0,0,1,0
6536,2016-12-07,2016-12-12,Oceania,49737,3.0,99.56,17.07,5.0,2.0,Late delivery,0,3.0,1,12,4.610754564281992,0,0,1,0
6538,2016-08-26,2016-08-31,US Center,19904,2.0,202.24,43.6,5.0,4.0,Late delivery,0,1.0,1,8,5.3143875467255315,0,0,0,1
6539,2017-07-23,2017-07-24,US Center,55736,4.0,59.76,8.92,1.0,1.0,Shipping on time,0,0.0,0,7,4.106931677727572,1,0,0,0
6540,2016-10-19,2016-10-20,Central America,14097,1.0,80.51,29.76,1.0,2.0,Shipping on time,0,-1.0,0,10,4.400725712106366,0,0,1,0
6542,2017-09-23,2017-09-27,Oceania,14581,2.0,57.14,-8.22,4.0,4.0,Shipping on time,0,0.0,0,9,4.06285389513073,0,0,0,1
6543,2016-12-31,2017-01-03,South Asia,91112,3.0,123.14,1.92,3.0,4.0,Shipping on time,0,-1.0,0,12,4.821409960985506,0,0,0,1
6544,2017-03-21,2017-03-24,Eastern Asia,57223,4.0,124.82,25.43,3.0,4.0,Shipping on time,0,-1.0,0,3,4.834852314141884,0,0,0,1
6545,2016-10-07,2016-10-08,US Center,21538,4.0,130.15,-7.07,1.0,0.0,Late delivery,0,1.0,1,10,4.876341706312883,0,1,0,0
6546,2016-03-12,2016-03-17,Eastern Asia,75571,2.0,183.48,56.41,5.0,2.0,Late delivery,0,3.0,1,3,5.217541056520749,0,0,1,0
6547,2016-01-03,2016-01-06,Central America,29721,4.0,248.24,-6.85,3.0,4.0,Shipping on time,0,-1.0,0,1,5.518416287676021,0,0,0,1
6548,2017-01-22,2017-01-29,Central America,93306,5.0,229.01,-27.87,7.0,4.0,Late delivery,0,3.0,1,1,5.438122786238913,0,0,0,1
6549,2016-09-19,2016-09-23,Eastern Asia,78337,5.0,170.12,55.91,4.0,4.0,Shipping on time,0,0.0,0,9,5.14236506477415,0,0,0,1
6550,2016-02-13,2016-02-16,Eastern Asia,68928,3.0,203.23,-14.08,3.0,4.0,Shipping on time,0,-1.0,0,2,5.319246809729067,0,0,0,1
6551,2016-03-06,2016-03-11,Central America,50339,2.0,92.22,-9.42,5.0,4.0,Late delivery,0,1.0,1,3,4.534962290944595,0,0,0,1
6552,2017-02-23,2017-02-24,US Center,41503,1.0,84.83,19.76,1.0,2.0,Shipping on time,0,-1.0,0,2,4.452368595730128,0,0,1,0
6553,2017-03-01,2017-03-04,US Center,95806,5.0,209.77,54.36,3.0,4.0,Shipping on time,0,-1.0,0,3,5.350767491548956,0,0,0,1
6554,2017-05-24,2017-05-27,Central America,22927,3.0,200.23,23.22,3.0,4.0,Late delivery,0,-1.0,0,5,5.304448532478276,0,0,0,1
6555,2016-11-05,2016-11-11,Oceania,73021,3.0,507.11,9.52,6.0,4.0,Late delivery,0,2.0,1,11,6.23069795957114,0,0,0,1
6558,2015-10-16,2015-10-20,West Europe,11695,1.0,171.36,30.89,4.0,4.0,Shipping on time,0,0.0,0,10,5.149585312747638,0,0,0,1
6559,2017-04-16,2017-04-18,US Center,45992,2.0,112.32,-8.58,2.0,2.0,Shipping on time,0,0.0,0,4,4.730215674962316,0,0,1,0
6560,2015-02-02,2015-02-06,South Asia,76470,1.0,87.3,4.35,4.0,4.0,Shipping on time,0,0.0,0,2,4.480740107609915,0,0,0,1
6561,2017-04-19,2017-04-24,South Asia,32866,3.0,316.06,7.69,5.0,4.0,Late delivery,0,1.0,1,4,5.759091030415082,0,0,0,1
6562,2016-05-19,2016-05-23,West Europe,50737,1.0,435.62,5.84,4.0,4.0,Shipping on time,0,0.0,0,5,6.07906325158705,0,0,0,1
6563,2015-04-05,2015-04-10,Eastern Asia,47631,2.0,149.29,-8.11,5.0,4.0,Late delivery,1,1.0,1,4,5.012566760946003,0,0,0,1
6564,2016-03-25,2016-03-28,South Asia,30074,1.0,99.97,23.86,3.0,4.0,Shipping on time,0,-1.0,0,3,4.614823443016229,0,0,0,1
6565,2015-01-21,2015-01-24,Eastern Asia,41876,5.0,167.94,24.52,3.0,4.0,Shipping on time,0,-1.0,0,1,5.129543622299351,0,0,0,1
6566,2016-11-21,2016-11-28,South Asia,97876,5.0,140.76,45.97,7.0,4.0,Late delivery,0,3.0,1,11,4.954135486856771,0,0,0,1
6567,2016-01-18,2016-01-20,Oceania,81153,2.0,65.69,16.37,2.0,0.0,Late delivery,0,2.0,1,1,4.200055016644215,0,1,0,0
6568,2016-08-01,2016-08-08,Oceania,33891,1.0,233.8,17.29,7.0,4.0,Late delivery,0,3.0,1,8,5.458734087953942,0,0,0,1
6571,2016-08-29,2016-09-05,Eastern Asia,35471,5.0,105.81,-13.22,7.0,4.0,Late delivery,0,3.0,1,8,4.671051555101604,0,0,0,1
6572,2016-06-08,2016-06-13,US Center,25094,4.0,143.93,-28.42,5.0,4.0,Late delivery,0,1.0,1,6,4.976250867234425,0,0,0,1
6573,2016-08-01,2016-08-08,Oceania,80849,3.0,136.01,14.54,7.0,4.0,Late delivery,0,3.0,1,8,4.920053915865017,0,0,0,1
6574,2016-07-19,2016-07-26,US Center,88991,1.0,54.31,4.26,7.0,4.0,Late delivery,0,3.0,1,7,4.012953724006587,0,0,0,1
6575,2017-04-05,2017-04-09,Central America,67751,2.0,609.87,91.78,4.0,4.0,Shipping on time,0,0.0,0,4,6.414884170576261,0,0,0,1
6576,2015-07-28,2015-08-03,Eastern Asia,90102,2.0,44.03,5.5,5.0,4.0,Late delivery,0,1.0,1,7,3.8073289343134804,0,0,0,1
6577,2016-09-25,2016-09-29,West Europe,24393,1.0,75.59,-5.25,4.0,2.0,Late delivery,0,2.0,1,9,4.338466519921502,0,0,1,0
6578,2016-12-13,2016-12-17,Eastern Asia,Unknown,3.0,118.7,41.53,4.0,2.0,Late delivery,0,2.0,1,12,4.784988612563928,0,0,1,0
6579,2015-04-23,2015-04-29,Central America,28612,3.0,59.52,22.05,6.0,4.0,Late delivery,0,2.0,1,4,4.102973888920155,0,0,0,1
6580,2017-09-07,2017-09-14,Oceania,38607,3.0,185.09,-9.59,7.0,4.0,Late delivery,0,3.0,1,9,5.226230427653136,0,0,0,1
6581,2016-04-18,2016-04-19,West Europe,69156,4.0,111.62,3.26,1.0,2.0,Shipping on time,0,-1.0,0,4,4.724019319826472,0,0,1,0
6582,2015-02-10,2015-02-13,South Asia,49259,4.0,151.94,54.03,3.0,4.0,Shipping on time,0,-1.0,0,2,5.030045687616079,0,0,0,1
6583,2017-05-17,2017-05-20,US Center,21585,4.0,166.52,24.72,3.0,1.0,Late delivery,0,2.0,1,5,5.121102747122227,1,0,0,0
6584,2016-10-27,2016-10-30,Central America,76187,3.0,152.14,22.82,3.0,4.0,Shipping on time,0,-1.0,0,10,5.031352535684977,0,0,0,1
6585,2017-03-17,2017-03-21,Eastern Asia,59435,3.0,154.24,50.04,4.0,4.0,Shipping on time,0,0.0,0,3,5.044972306500705,0,0,0,1
6586,2015-04-01,2015-04-06,US Center,30926,3.0,133.84,-11.4,5.0,4.0,Late delivery,0,1.0,1,4,4.90408889036586,0,0,0,1
6587,2015-03-03,2015-03-08,South Asia,93587,3.0,186.34,-20.68,5.0,4.0,Late delivery,0,1.0,1,3,5.232925147780985,0,0,0,1
6588,2017-08-14,2017-08-17,Eastern Asia,87090,2.0,232.0,45.81,3.0,1.0,Late delivery,0,2.0,1,8,5.4510384535657,1,0,0,0
6589,2017-09-25,2017-10-01,Eastern Asia,97359,4.0,126.14,5.66,6.0,4.0,Late delivery,0,2.0,1,9,4.845288841508263,0,0,0,1
6590,2016-04-19,2016-04-24,US Center,99317,1.0,113.13,-5.72,5.0,2.0,Late delivery,0,3.0,1,4,4.737338149565509,0,0,1,0
6591,2016-06-05,2016-06-07,Central America,85362,1.0,116.2,-11.12,2.0,1.0,Late delivery,0,1.0,1,6,4.763881877142913,1,0,0,0
6592,2017-07-25,2017-07-25,Eastern Asia,42996,4.0,174.41,-12.3,0.0,0.0,Shipping on time,0,0.0,0,7,5.167126090855689,0,1,0,0
6593,2015-10-17,2015-10-21,West Europe,70275,4.0,118.45,41.55,4.0,4.0,Shipping on time,0,0.0,0,10,4.782897873771819,0,0,0,1
6594,2015-02-09,2015-02-13,Eastern Asia,58872,3.0,117.54,4.65,4.0,4.0,Shipping on time,0,0.0,0,2,4.775250456359692,0,0,0,1
6595,2016-03-06,2016-03-13,Central America,20379,2.0,61.7,-7.57,7.0,4.0,Late delivery,0,3.0,1,3,4.138361447638875,0,0,0,1
6596,2016-09-16,2016-09-19,Eastern Asia,79485,3.0,442.47,-8.48,3.0,4.0,Shipping on time,0,-1.0,0,9,6.09463015571874,0,0,0,1
6597,2017-08-01,2017-08-01,South Asia,25195,3.0,72.24,-7.22,0.0,1.0,Shipping on time,0,-1.0,0,8,4.2937417198063095,1,0,0,0
6598,2015-05-06,2015-05-09,Central America,28161,3.0,384.22,138.07,3.0,2.0,Late delivery,0,1.0,1,5,5.953814599656076,0,0,1,0
6599,2017-06-15,2017-06-21,South Asia,83843,4.0,231.74,-10.4,6.0,4.0,Late delivery,0,2.0,1,6,5.449921950679931,0,0,0,1
6600,2017-03-24,2017-03-30,South Asia,69756,5.0,264.25,4.77,6.0,4.0,Late delivery,0,2.0,1,3,5.580672777494092,0,0,0,1
6601,2015-12-22,2015-12-23,Oceania,95659,2.0,151.34,6.42,1.0,2.0,Shipping on time,1,-1.0,0,12,5.026114864944642,0,0,1,0
6602,2017-05-21,2017-05-26,West Europe,88264,4.0,194.9,-38.21,5.0,2.0,Late delivery,0,3.0,1,5,5.277604324950495,0,0,1,0
6603,2016-09-29,2016-10-06,Eastern Asia,60059,4.0,173.7,27.63,7.0,4.0,Late delivery,0,3.0,1,9,5.163070217140011,0,0,0,1
6604,2017-07-12,2017-07-18,Eastern Asia,90980,3.0,206.62,-1.63,6.0,4.0,Late delivery,0,2.0,1,7,5.3357094857651,0,0,0,1
6605,2015-03-13,2015-03-20,Oceania,95810,1.0,238.32,73.77,7.0,4.0,Late delivery,0,3.0,1,3,5.477801568521831,0,0,0,1
6606,2015-07-06,2015-07-10,US Center,93890,2.0,353.27,11.04,4.0,4.0,Shipping on time,0,0.0,0,7,5.8700593342813,0,0,0,1
6607,2017-03-03,2017-03-09,Eastern Asia,67540,4.0,83.3,-0.94,6.0,4.0,Late delivery,0,2.0,1,3,4.4343818650078095,0,0,0,1
6608,2017-09-12,2017-09-12,Eastern Asia,90584,1.0,195.27,-15.04,0.0,0.0,Shipping on time,0,0.0,0,9,5.279491262297988,0,1,0,0
6609,2015-03-17,2015-03-24,Central America,46396,5.0,373.53,29.07,7.0,4.0,Late delivery,0,3.0,1,3,5.925671906557974,0,0,0,1
6610,2016-02-02,2016-02-03,Eastern Asia,10844,3.0,329.3,117.31,1.0,2.0,Shipping on time,0,-1.0,0,2,5.800001332396744,0,0,1,0
6611,2016-12-17,2016-12-23,Central America,10962,2.0,81.87,32.1,6.0,4.0,Late delivery,0,2.0,1,12,4.417273114860951,0,0,0,1
6613,2015-11-13,2015-11-17,South Asia,87283,4.0,173.63,49.73,4.0,2.0,Late delivery,0,2.0,1,11,5.162669449951754,0,0,1,0
6614,2016-06-08,2016-06-13,Oceania,84948,4.0,170.61,-10.94,5.0,2.0,Late delivery,0,3.0,1,6,5.145224460414211,0,0,1,0
6615,2015-06-02,2015-06-05,West Europe,93509,5.0,40.4,13.25,3.0,1.0,Late delivery,0,2.0,1,6,3.7232808808312687,1,0,0,0
6616,2015-05-17,2015-05-21,West Europe,27703,4.0,243.8,36.56,4.0,4.0,Shipping on time,0,0.0,0,5,5.500441550638171,0,0,0,1
6617,2015-05-24,2015-05-31,South Asia,22902,4.0,58.58,-0.18,7.0,4.0,Late delivery,0,3.0,1,5,4.0873199472851365,0,0,0,1
6618,2015-03-20,2015-03-26,West Europe,75158,1.0,523.84,124.56,6.0,4.0,Late delivery,0,2.0,1,3,6.263093454237515,0,0,0,1
6619,2017-08-30,2017-09-03,Eastern Asia,57926,1.0,216.71,29.04,4.0,4.0,Shipping on time,0,0.0,0,8,5.383163901958155,0,0,0,1
6620,2016-08-03,2016-08-04,West Europe,26454,1.0,140.3,8.14,1.0,1.0,Shipping on time,0,0.0,0,8,4.950885289690482,1,0,0,0
6621,2015-08-11,2015-08-17,Oceania,19421,5.0,214.16,28.64,6.0,4.0,Late delivery,0,2.0,1,8,5.371381937405042,0,0,0,1
6622,2017-06-20,2017-06-26,Oceania,65590,3.0,161.44,64.29,6.0,4.0,Late delivery,0,2.0,1,6,5.090308702818097,0,0,0,1
6623,2016-04-14,2016-04-17,Eastern Asia,54490,4.0,109.31,-1.05,3.0,4.0,Shipping on time,0,-1.0,0,4,4.7032945839812905,0,0,0,1
6624,2015-06-15,2015-06-20,US Center,25931,4.0,141.03,-8.41,5.0,4.0,Late delivery,0,1.0,1,6,4.956038302893036,0,0,0,1
6625,2015-06-06,2015-06-11,Eastern Asia,14726,1.0,181.96,31.23,5.0,4.0,Late delivery,0,1.0,1,6,5.209267549714526,0,0,0,1
6626,2016-10-29,2016-11-02,US Center,45787,2.0,93.54,16.09,4.0,4.0,Shipping on time,0,0.0,0,10,4.5490230253650905,0,0,0,1
6627,2016-05-05,2016-05-07,Oceania,49247,5.0,225.11,-14.67,2.0,2.0,Shipping on time,0,0.0,0,5,5.421021606523488,0,0,1,0
6628,2017-05-20,2017-05-23,West Europe,89782,5.0,284.22,2.2,3.0,4.0,Shipping on time,0,-1.0,0,5,5.653260812308621,0,0,0,1
6629,2017-03-31,2017-04-03,West Europe,65213,5.0,277.45,11.48,3.0,1.0,Late delivery,0,2.0,1,3,5.629238510035678,1,0,0,0
6630,2015-08-18,2015-08-25,US Center,82009,3.0,295.1,-7.89,7.0,4.0,Late delivery,0,3.0,1,8,5.690697235107546,0,0,0,1
6632,2016-06-28,2016-07-01,US Center,63605,1.0,224.63,-40.64,3.0,4.0,Shipping on time,0,-1.0,0,6,5.418896489506421,0,0,0,1
6633,2016-12-15,2016-12-19,South Asia,73149,5.0,145.37,-6.39,4.0,1.0,Late delivery,1,3.0,1,12,4.986137662495856,1,0,0,0
6634,2016-01-02,2016-01-08,West Europe,59913,4.0,154.96,54.77,6.0,4.0,Late delivery,0,2.0,1,1,5.049599564114397,0,0,0,1
6635,2015-12-22,2015-12-29,West Europe,48036,3.0,189.55,26.88,7.0,4.0,Late delivery,0,3.0,1,12,5.249914627319869,0,0,0,1
6636,2015-09-22,2015-09-27,Oceania,99914,5.0,340.45,118.15,5.0,4.0,Late delivery,0,1.0,1,9,5.833201255407098,0,0,0,1
6637,2015-05-05,2015-05-08,Central America,37519,2.0,460.42,48.79,3.0,4.0,Shipping on time,0,-1.0,0,5,6.134308691137463,0,0,0,1
6638,2017-07-09,2017-07-12,Central America,12085,5.0,122.13,18.0,3.0,4.0,Shipping on time,0,-1.0,0,7,4.81324070780478,0,0,0,1
6639,2017-03-23,2017-03-23,West Europe,24218,4.0,64.55,2.7,0.0,1.0,Shipping on time,0,-1.0,0,3,4.182813210209709,1,0,0,0
6640,2017-05-31,2017-05-31,Eastern Asia,52710,5.0,519.66,125.35,0.0,1.0,Shipping on time,0,-1.0,0,5,6.255097237552238,1,0,0,0
6641,2015-12-10,2015-12-13,Eastern Asia,16219,3.0,293.17,55.18,3.0,4.0,Shipping on time,0,-1.0,0,12,5.684157831519901,0,0,0,1
6642,2015-10-22,2015-10-23,South Asia,83560,3.0,432.42,-61.534,1.0,1.0,Shipping on time,0,0.0,0,10,6.071707234784185,1,0,0,0
6643,2016-09-30,2016-10-06,Eastern Asia,56379,3.0,253.41,3.49,6.0,4.0,Late delivery,0,2.0,1,9,5.5389471388695215,0,0,0,1
6644,2016-03-08,2016-03-11,Central America,14325,5.0,172.52,20.57,3.0,2.0,Late delivery,0,1.0,1,3,5.156292866518619,0,0,1,0
6645,2017-08-10,2017-08-14,South Asia,87277,4.0,103.71,10.38,4.0,4.0,Shipping on time,0,0.0,0,8,4.651194624299371,0,0,0,1
6646,2017-03-04,2017-03-07,Oceania,14123,2.0,85.88,-14.7,3.0,4.0,Shipping on time,0,-1.0,0,3,4.464527856185625,0,0,0,1
6647,2016-12-23,2016-12-30,West Europe,34792,2.0,348.91,-4.66,7.0,4.0,Late delivery,0,3.0,1,12,5.857675978559423,0,0,0,1
6648,2015-04-29,2015-05-06,Eastern Asia,95383,5.0,265.99,61.11,7.0,4.0,Late delivery,0,3.0,1,4,5.587211204515341,0,0,0,1
6649,2015-11-27,2015-11-28,South Asia,81822,5.0,180.65,10.23,1.0,1.0,Shipping on time,0,0.0,0,11,5.202081758667211,1,0,0,0
6650,2015-02-07,2015-02-10,Eastern Asia,98571,3.0,78.58,21.66,3.0,4.0,Shipping on time,0,-1.0,0,2,4.376762804998783,0,0,0,1
6651,2016-09-07,2016-09-14,Central America,55637,1.0,110.76,-4.6,7.0,4.0,Late delivery,0,3.0,1,9,4.716353714948706,0,0,0,1
6652,2016-06-27,2016-07-04,Oceania,96438,2.0,104.67,22.2,7.0,4.0,Late delivery,0,3.0,1,6,4.660321030452939,0,0,0,1
6653,2017-01-19,2017-01-23,West Europe,41563,1.0,125.97,-21.74,4.0,2.0,Late delivery,0,2.0,1,1,4.8439508380817005,0,0,1,0
6654,2016-10-23,2016-10-29,US Center,19974,1.0,36.216,7.38,6.0,4.0,Late delivery,0,2.0,1,10,3.6167387763362537,0,0,0,1
6655,2015-08-04,2015-08-10,Eastern Asia,43766,5.0,171.32,22.92,6.0,4.0,Late delivery,0,2.0,1,8,5.149353213408078,0,0,0,1
6656,2017-06-13,2017-06-19,Central America,41653,2.0,373.04,145.97,6.0,4.0,Late delivery,0,2.0,1,6,5.924362743567246,0,0,0,1
6657,2017-08-12,2017-08-14,US Center,45727,2.0,109.36,16.32,2.0,0.0,Late delivery,0,2.0,1,8,4.703747749349085,0,1,0,0
6658,2015-05-05,2015-05-12,South Asia,41028,4.0,152.56,19.8,7.0,4.0,Late delivery,0,3.0,1,5,5.034091370132597,0,0,0,1
6659,2015-08-15,2015-08-22,US Center,83401,5.0,176.39,-19.1,7.0,4.0,Late delivery,0,3.0,1,8,5.178350698500848,0,0,0,1
6660,2016-12-16,2016-12-19,Central America,53761,1.0,83.95,28.19,3.0,2.0,Late delivery,0,1.0,1,12,4.442062848117941,0,0,1,0
6661,2015-02-07,2015-02-11,South Asia,79832,5.0,193.05,-18.76,4.0,4.0,Shipping on time,0,0.0,0,2,5.268115857814915,0,0,0,1
6662,2015-04-29,2015-05-04,West Europe,98600,3.0,93.52,4.56,5.0,4.0,Late delivery,0,1.0,1,4,4.548811452318707,0,0,0,1
6663,2016-06-16,2016-06-19,Eastern Asia,16076,5.0,116.28,43.19,3.0,0.0,Late delivery,0,3.0,1,6,4.764564238138341,0,1,0,0
6664,2016-12-17,2016-12-18,West Europe,31821,2.0,151.34,-23.48,1.0,2.0,Shipping on time,1,-1.0,0,12,5.026114864944642,0,0,1,0
6665,2016-04-19,2016-04-26,West Europe,65895,3.0,145.46,45.46,7.0,4.0,Late delivery,0,3.0,1,4,4.986752353632924,0,0,0,1
6666,2016-05-18,2016-05-19,Oceania,41095,1.0,158.91,33.79,1.0,0.0,Late delivery,0,1.0,1,5,5.074611156971351,0,1,0,0
6667,2015-06-05,2015-06-11,Eastern Asia,36055,3.0,87.83,-10.68,6.0,4.0,Late delivery,0,2.0,1,6,4.486724430781609,0,0,0,1
6668,2016-01-26,2016-01-29,West Europe,66853,2.0,229.79,46.38,3.0,4.0,Shipping on time,0,-1.0,0,1,5.441508206138953,0,0,0,1
6670,2015-04-19,2015-04-21,Central America,83246,1.0,246.16,91.64,2.0,0.0,Late delivery,0,2.0,1,4,5.510035900192779,0,1,0,0
6671,2015-09-29,2015-10-01,South Asia,49465,5.0,113.44,39.61,2.0,2.0,Shipping on time,0,0.0,0,9,4.74005066818191,0,0,1,0
6672,2015-10-24,2015-10-27,US Center,27677,3.0,75.16,-8.55,3.0,4.0,Shipping on time,0,-1.0,0,10,4.33283639048311,0,0,0,1
6673,2017-03-24,2017-03-29,Eastern Asia,55429,5.0,142.74,56.02,5.0,4.0,Late delivery,0,1.0,1,3,4.968006112040297,0,0,0,1
6674,2015-09-03,2015-09-06,Eastern Asia,95302,4.0,81.06,-9.28,3.0,4.0,Shipping on time,0,-1.0,0,9,4.40745068701404,0,0,0,1
6675,2016-05-06,2016-05-11,West Europe,49232,5.0,110.24,31.05,5.0,4.0,Late delivery,0,1.0,1,5,4.711690029365764,0,0,0,1
6676,2017-06-21,2017-06-26,Oceania,94134,2.0,137.62,7.77,5.0,2.0,Late delivery,0,3.0,1,6,4.931736376489838,0,0,1,0
6677,2016-06-08,2016-06-12,Eastern Asia,24984,3.0,237.45,79.79,4.0,4.0,Shipping on time,0,0.0,0,6,5.474159644744233,0,0,0,1
6678,2017-07-09,2017-07-12,Eastern Asia,67242,1.0,239.37,16.94,3.0,1.0,Late delivery,0,2.0,1,7,5.48217940286057,1,0,0,0
6679,2015-05-25,2015-05-26,Eastern Asia,66144,4.0,198.87,-34.27,1.0,2.0,Shipping on time,0,-1.0,0,5,5.29766715520645,0,0,1,0
6680,2015-04-16,2015-04-20,US Center,31708,2.0,127.37,43.89,4.0,4.0,Shipping on time,0,0.0,0,4,4.854916719096835,0,0,0,1
6681,2017-08-04,2017-08-08,South Asia,40497,1.0,145.37,-0.1,4.0,1.0,Late delivery,1,3.0,1,8,4.986137662495856,1,0,0,0
6682,2017-03-13,2017-03-18,US Center,69510,1.0,131.85,29.74,5.0,4.0,Late delivery,0,1.0,1,3,4.8892206722058225,0,0,0,1
6683,2015-09-11,2015-09-16,South Asia,52830,2.0,124.58,41.14,5.0,2.0,Late delivery,0,3.0,1,9,4.832943005685963,0,0,1,0
6684,2016-08-29,2016-09-02,US Center,84777,4.0,139.32,1.41,4.0,4.0,Shipping on time,0,0.0,0,8,4.943925528623873,0,0,0,1
6685,2016-08-06,2016-08-10,South Asia,72045,3.0,110.41,24.39,4.0,4.0,Shipping on time,0,0.0,0,8,4.713217090071225,0,0,0,1
6686,2015-09-10,2015-09-14,US Center,40903,5.0,110.64,0.87,4.0,2.0,Late delivery,0,2.0,1,9,4.715279408668121,0,0,1,0
6687,2017-02-15,2017-02-20,West Europe,80182,3.0,240.67,72.62,5.0,4.0,Late delivery,0,1.0,1,2,5.4875731591948895,0,0,0,1
6688,2017-06-09,2017-06-11,South Asia,23150,1.0,68.87,27.0,2.0,0.0,Late delivery,0,2.0,1,6,4.246636372564359,0,1,0,0
6689,2016-06-04,2016-06-05,West Europe,98068,3.0,151.11,-10.28,1.0,0.0,Late delivery,0,1.0,1,6,5.024603943323652,0,1,0,0
6690,2016-11-27,2016-11-30,Oceania,23696,3.0,314.18,90.98,3.0,1.0,Late delivery,0,2.0,1,11,5.753143904193926,1,0,0,0
6692,2017-05-31,2017-06-07,West Europe,63791,3.0,84.37,2.38,7.0,4.0,Late delivery,0,3.0,1,5,4.446994751022215,0,0,0,1
6693,2016-10-05,2016-10-10,South Asia,37785,3.0,131.82,-17.06,5.0,4.0,Late delivery,0,1.0,1,10,4.888994828112567,0,0,0,1
6694,2015-09-19,2015-09-23,Eastern Asia,76057,1.0,122.95,18.7,4.0,4.0,Shipping on time,0,0.0,0,9,4.819878258481199,0,0,0,1
6695,2016-12-18,2016-12-24,Oceania,23898,5.0,175.25,38.35,6.0,4.0,Late delivery,0,2.0,1,12,5.171903441692378,0,0,0,1
6696,2015-11-24,2015-11-27,Eastern Asia,14507,5.0,332.13,-6.86,3.0,2.0,Late delivery,0,1.0,1,11,5.808532804188332,0,0,1,0
6697,2015-05-19,2015-05-23,Eastern Asia,59124,4.0,139.55,-27.46,4.0,1.0,Late delivery,0,3.0,1,5,4.945563297352541,1,0,0,0
6698,2016-02-26,2016-03-03,Oceania,27625,1.0,208.37,32.17,6.0,4.0,Late delivery,0,2.0,1,2,5.34410302169717,0,0,0,1
6700,2015-04-30,2015-05-06,Oceania,26809,1.0,112.89,3.15,6.0,4.0,Late delivery,0,2.0,1,4,4.7352330702862595,0,0,0,1
6701,2015-07-03,2015-07-05,Eastern Asia,50866,4.0,145.37,43.72,2.0,1.0,Late delivery,1,1.0,1,7,4.986137662495856,1,0,0,0
6702,2016-08-08,2016-08-08,Eastern Asia,29754,1.0,101.46,-12.01,0.0,0.0,Shipping on time,0,0.0,0,8,4.629472478511056,0,1,0,0
6703,2015-01-23,2015-01-28,West Europe,45653,4.0,303.46,34.02,5.0,2.0,Late delivery,0,3.0,1,1,5.718539715631108,0,0,1,0
6704,2015-07-25,2015-07-25,West Europe,66872,2.0,118.5,-9.12,0.0,0.0,Shipping on time,0,0.0,0,7,4.783316371371566,0,1,0,0
6705,2016-09-13,2016-09-18,Eastern Asia,80612,1.0,136.62,26.14,5.0,2.0,Late delivery,0,3.0,1,9,4.9244962637743335,0,0,1,0
6706,2015-08-30,2015-09-01,South Asia,42984,4.0,81.58,5.15,2.0,2.0,Shipping on time,0,0.0,0,8,4.413767520457944,0,0,1,0
6707,2017-09-25,2017-10-02,Oceania,40021,4.0,116.38,21.51,7.0,4.0,Late delivery,0,3.0,1,9,4.765416535130188,0,0,0,1
6708,2016-01-06,2016-01-13,South Asia,13039,3.0,83.5,-3.62,7.0,4.0,Late delivery,0,3.0,1,1,4.436751534363128,0,0,0,1
6709,2015-09-30,2015-10-03,Oceania,67976,1.0,932.5600000000057,174.0700000000001,3.0,4.0,Shipping on time,0,-1.0,0,9,6.839005235153027,0,0,0,1
6710,2016-01-29,2016-01-31,US Center,Unknown,3.0,145.37,-6.71,2.0,1.0,Late delivery,1,1.0,1,1,4.986137662495856,1,0,0,0
6711,2017-07-26,2017-08-01,South Asia,15013,2.0,149.21,23.59,6.0,4.0,Late delivery,0,2.0,1,7,5.012034315009963,0,0,0,1
6712,2015-09-23,2015-09-28,Oceania,61147,3.0,418.02,-61.534,5.0,2.0,Late delivery,0,3.0,1,9,6.037918651479866,0,0,1,0
6713,2016-01-21,2016-01-25,Oceania,71676,2.0,49.94,10.64,4.0,4.0,Shipping on time,0,0.0,0,1,3.930648469551311,0,0,0,1
6714,2016-04-28,2016-05-01,West Europe,70514,5.0,416.19,129.36,3.0,2.0,Late delivery,0,1.0,1,4,6.033541753520077,0,0,1,0
6715,2017-07-02,2017-07-05,South Asia,92346,2.0,139.79,21.37,3.0,0.0,Late delivery,0,3.0,1,7,4.947269418474436,0,1,0,0
6716,2017-09-17,2017-09-22,South Asia,84119,2.0,252.42,22.01,5.0,2.0,Late delivery,0,3.0,1,9,5.5350481913707625,0,0,1,0
6717,2015-04-05,2015-04-11,Oceania,71061,3.0,83.01,29.46,6.0,4.0,Late delivery,0,2.0,1,4,4.4309358393767555,0,0,0,1
6718,2015-02-17,2015-02-20,Oceania,21911,3.0,493.99,122.26,3.0,2.0,Late delivery,0,1.0,1,2,6.204537560344424,0,0,1,0
6719,2015-11-14,2015-11-18,Oceania,42945,4.0,79.67,27.45,4.0,4.0,Shipping on time,0,0.0,0,11,4.390366758948883,0,0,0,1
6720,2017-05-03,2017-05-06,Central America,88518,4.0,143.37,26.84,3.0,1.0,Late delivery,0,2.0,1,5,4.972379448641723,1,0,0,0
6721,2017-04-26,2017-05-01,South Asia,51615,3.0,374.32,123.71,5.0,4.0,Late delivery,0,1.0,1,4,5.927778995421849,0,0,0,1
6722,2016-02-21,2016-02-25,West Europe,99192,1.0,70.78,27.06,4.0,4.0,Shipping on time,0,0.0,0,2,4.273605885719461,0,0,0,1
6723,2017-06-27,2017-06-29,Eastern Asia,83217,2.0,37.97,0.83,2.0,1.0,Late delivery,0,1.0,1,6,3.662792119350618,1,0,0,0
6724,2016-07-07,2016-07-09,Central America,50101,1.0,143.65,53.28,2.0,1.0,Late delivery,0,1.0,1,7,4.974317031422144,1,0,0,0
6725,2017-03-13,2017-03-17,Central America,50423,4.0,932.5600000000057,174.0700000000001,4.0,1.0,Late delivery,0,3.0,1,3,6.839005235153027,1,0,0,0
6726,2017-01-03,2017-01-06,US Center,33480,3.0,84.52,-3.02,3.0,4.0,Shipping on time,0,-1.0,0,1,4.4487502667167895,0,0,0,1
6727,2016-11-13,2016-11-16,Central America,16469,3.0,932.5600000000057,-61.534,3.0,2.0,Late delivery,0,1.0,1,11,6.839005235153027,0,0,1,0
6728,2017-01-22,2017-01-26,West Europe,48008,2.0,63.19,6.33,4.0,1.0,Late delivery,0,3.0,1,1,4.161847435323687,1,0,0,0
6729,2015-11-07,2015-11-08,Eastern Asia,60444,1.0,342.16,106.78,1.0,2.0,Shipping on time,0,-1.0,0,11,5.838196810704765,0,0,1,0
6730,2017-07-29,2017-08-04,Oceania,17780,1.0,149.29,-49.79,6.0,4.0,Late delivery,1,2.0,1,7,5.012566760946003,0,0,0,1
6731,2017-09-11,2017-09-16,Eastern Asia,54951,5.0,66.99,15.2,5.0,4.0,Late delivery,0,1.0,1,9,4.219360635538369,0,0,0,1
6732,2017-01-22,2017-01-25,Eastern Asia,82645,5.0,140.66,9.13,3.0,4.0,Shipping on time,0,-1.0,0,1,4.953429820325477,0,0,0,1
6733,2016-07-27,2016-07-30,Eastern Asia,49887,1.0,114.15,33.5,3.0,4.0,Shipping on time,0,-1.0,0,7,4.746235626266694,0,0,0,1
6735,2017-03-30,2017-04-02,South Asia,34973,2.0,91.28,17.77,3.0,4.0,Shipping on time,0,-1.0,0,3,4.524827433305553,0,0,0,1
6736,2016-07-25,2016-07-30,Eastern Asia,71723,2.0,390.34,-8.87,5.0,2.0,Late delivery,0,3.0,1,7,5.969576747349953,0,0,1,0
6737,2016-02-03,2016-02-05,Central America,84823,5.0,150.0,29.03,2.0,1.0,Late delivery,0,1.0,1,2,5.017279836814924,1,0,0,0
6738,2017-08-11,2017-08-15,South Asia,61243,1.0,93.93,-14.55,4.0,4.0,Shipping on time,0,0.0,0,8,4.5531397778937075,0,0,0,1
6739,2017-07-26,2017-07-31,Oceania,45259,1.0,149.29,55.77,5.0,4.0,Late delivery,1,1.0,1,7,5.012566760946003,0,0,0,1
6740,2016-09-01,2016-09-02,Oceania,90433,2.0,105.91,38.05,1.0,1.0,Shipping on time,0,0.0,0,9,4.671987359025408,1,0,0,0
6741,2016-09-14,2016-09-14,US Center,85829,3.0,568.98,16.04,0.0,1.0,Shipping on time,0,-1.0,0,9,6.345601272493709,1,0,0,0
6742,2015-08-07,2015-08-10,US Center,55264,5.0,163.28,11.61,3.0,0.0,Late delivery,0,3.0,1,8,5.101572289088358,0,1,0,0
6743,2016-12-12,2016-12-16,US Center,36395,2.0,112.41,40.53,4.0,4.0,Shipping on time,0,0.0,0,12,4.731009570827239,0,0,0,1
6744,2017-09-02,2017-09-08,West Europe,49931,2.0,158.21,38.8,6.0,4.0,Late delivery,0,2.0,1,9,5.070224085507913,0,0,0,1
6745,2015-05-23,2015-05-25,US Center,19130,4.0,358.26,34.72,3.0,2.0,Shipping on time,0,1.0,1,5,5.884046360340689,0,0,1,0
6746,2015-08-01,2015-08-05,Eastern Asia,98864,3.0,84.53,-11.19,4.0,4.0,Shipping on time,0,0.0,0,8,4.44886719159269,0,0,0,1
6747,2016-02-19,2016-02-23,South Asia,88514,1.0,55.07,-1.93,4.0,4.0,Shipping on time,0,0.0,0,2,4.026600910135581,0,0,0,1
6748,2015-09-12,2015-09-12,Eastern Asia,56104,4.0,325.3,59.44,0.0,1.0,Shipping on time,0,-1.0,0,9,5.787817203599275,1,0,0,0
6749,2015-04-07,2015-04-12,Eastern Asia,27919,2.0,215.01,69.73,5.0,4.0,Late delivery,0,1.0,1,4,5.375324702908821,0,0,0,1
6750,2016-10-13,2016-10-17,Central America,30442,5.0,114.37,-10.15,4.0,4.0,Shipping on time,0,0.0,0,10,4.748144354939198,0,0,0,1
6751,2015-12-21,2015-12-24,Central America,55913,1.0,142.45,27.25,3.0,4.0,Shipping on time,0,-1.0,0,12,4.965986542427374,0,0,0,1
6752,2015-01-11,2015-01-14,US Center,85988,5.0,288.13,11.02,3.0,2.0,Late delivery,0,1.0,1,1,5.666876413960221,0,0,1,0
6753,2016-07-21,2016-07-24,South Asia,48700,4.0,36.216,9.25,3.0,4.0,Shipping on time,0,-1.0,0,7,3.6167387763362537,0,0,0,1
6754,2016-10-26,2016-10-29,Eastern Asia,42548,2.0,318.07,-45.57,3.0,2.0,Late delivery,0,1.0,1,10,5.765410514449022,0,0,1,0
6755,2015-10-18,2015-10-22,Central America,89599,3.0,134.47,-23.95,4.0,4.0,Shipping on time,0,0.0,0,10,4.908750213592645,0,0,0,1
6757,2015-01-07,2015-01-13,South Asia,21077,1.0,144.73,-19.6,6.0,4.0,Late delivery,0,2.0,1,1,4.981755594545605,0,0,0,1
6758,2016-05-23,2016-05-27,South Asia,58162,1.0,932.5600000000057,174.0700000000001,4.0,4.0,Shipping on time,0,0.0,0,5,6.839005235153027,0,0,0,1
6759,2016-03-06,2016-03-10,US Center,59082,4.0,103.21,36.95,4.0,1.0,Late delivery,0,3.0,1,3,4.646408094004336,1,0,0,0
6760,2017-08-02,2017-08-06,Oceania,34041,4.0,287.18,61.44,4.0,4.0,Shipping on time,0,0.0,0,8,5.663585284904788,0,0,0,1
6761,2017-01-28,2017-02-01,South Asia,55013,2.0,36.216,11.26,4.0,2.0,Late delivery,0,2.0,1,1,3.6167387763362537,0,0,1,0
6762,2016-12-31,2017-01-02,West Europe,71046,2.0,152.66,29.96,2.0,1.0,Late delivery,0,1.0,1,12,5.034742369439489,1,0,0,0
6763,2016-01-15,2016-01-18,West Europe,97782,2.0,238.48,85.7,3.0,4.0,Shipping on time,0,-1.0,0,1,5.478469906057152,0,0,0,1
6764,2016-12-07,2016-12-14,West Europe,75545,1.0,59.36,21.53,7.0,4.0,Late delivery,0,3.0,1,12,4.100326633899648,0,0,0,1
6765,2017-02-16,2017-02-23,Eastern Asia,35523,3.0,44.44,-7.28,7.0,4.0,Late delivery,0,3.0,1,2,3.816392774412896,0,0,0,1
6766,2017-02-10,2017-02-15,Oceania,41934,4.0,157.88,-23.76,5.0,4.0,Late delivery,0,1.0,1,2,5.068149200296863,0,0,0,1
6767,2016-01-24,2016-01-28,US Center,57252,4.0,272.72,-48.46,4.0,1.0,Late delivery,0,3.0,1,1,5.6121056860842975,1,0,0,0
6768,2017-08-04,2017-08-07,Eastern Asia,51783,5.0,302.28,66.99,3.0,4.0,Shipping on time,0,-1.0,0,8,5.714656471208079,0,0,0,1
6770,2016-07-26,2016-07-31,Eastern Asia,81764,4.0,183.22,58.14,5.0,4.0,Late delivery,0,1.0,1,7,5.216130695560089,0,0,0,1
6771,2015-10-30,2015-11-05,Eastern Asia,58129,3.0,64.1,-6.66,6.0,4.0,Late delivery,0,2.0,1,10,4.175924549214524,0,0,0,1
6772,2017-01-17,2017-01-24,Eastern Asia,17888,4.0,422.54,164.97,7.0,4.0,Late delivery,0,3.0,1,1,6.048647960635436,0,0,0,1
6773,2015-03-28,2015-03-29,Oceania,11218,3.0,105.8,34.28,1.0,1.0,Shipping on time,0,0.0,0,3,4.6709579265260945,1,0,0,0
6774,2016-05-14,2016-05-20,US Center,88445,5.0,319.13,-40.0,6.0,4.0,Late delivery,0,2.0,1,5,5.7687271632965835,0,0,0,1
6775,2017-02-20,2017-02-23,South Asia,51192,3.0,126.76,-7.12,3.0,2.0,Late delivery,0,1.0,1,2,4.850153503906757,0,0,1,0
6776,2017-06-23,2017-06-30,Oceania,17741,2.0,122.25,-16.79,7.0,4.0,Late delivery,0,3.0,1,6,4.814214812922799,0,0,0,1
6777,2016-05-28,2016-06-02,West Europe,95207,2.0,392.45,101.65,5.0,4.0,Late delivery,0,1.0,1,5,5.974953994980992,0,0,0,1
6778,2015-04-09,2015-04-13,Eastern Asia,95230,5.0,88.44,29.16,4.0,1.0,Late delivery,0,3.0,1,4,4.493568009406789,1,0,0,0
6779,2017-03-05,2017-03-06,Eastern Asia,48198,5.0,322.58,-22.64,1.0,2.0,Shipping on time,0,-1.0,0,3,5.779446378577191,0,0,1,0
6780,2017-09-17,2017-09-20,US Center,46167,3.0,120.24,43.12,3.0,2.0,Late delivery,0,1.0,1,9,4.797772052189602,0,0,1,0
6781,2017-02-23,2017-02-28,South Asia,90787,1.0,87.97,3.51,5.0,4.0,Late delivery,0,1.0,1,2,4.488299234256676,0,0,0,1
6782,2017-02-02,2017-02-06,Oceania,93687,3.0,90.14,22.24,4.0,4.0,Shipping on time,0,0.0,0,2,4.512396785835737,0,0,0,1
6783,2017-02-17,2017-02-18,Eastern Asia,70871,5.0,292.07,60.24,1.0,1.0,Shipping on time,0,0.0,0,2,5.680411488332961,1,0,0,0
6784,2017-08-17,2017-08-24,Eastern Asia,85922,1.0,141.78,-2.24,7.0,4.0,Late delivery,0,3.0,1,8,4.961304984074315,0,0,0,1
6785,2016-01-16,2016-01-23,US Center,31389,3.0,120.3,40.67,7.0,4.0,Late delivery,0,3.0,1,1,4.798266815950004,0,0,0,1
6786,2015-06-27,2015-07-01,Oceania,34286,2.0,60.29,-1.36,4.0,2.0,Late delivery,0,2.0,1,6,4.11561669749764,0,0,1,0
6787,2015-10-21,2015-10-27,West Europe,25704,5.0,300.35,96.1,6.0,4.0,Late delivery,0,2.0,1,10,5.708272379929054,0,0,0,1
6788,2015-01-13,2015-01-18,Central America,33507,2.0,278.57,-0.56,5.0,2.0,Late delivery,0,3.0,1,1,5.633252708465673,0,0,1,0
6789,2015-08-14,2015-08-19,Central America,21378,1.0,180.36,-3.09,5.0,2.0,Late delivery,0,3.0,1,8,5.200484006199273,0,0,1,0
6790,2016-04-05,2016-04-08,US Center,87479,3.0,236.79,-27.69,3.0,4.0,Shipping on time,0,-1.0,0,4,5.471387931227806,0,0,0,1
6791,2016-04-13,2016-04-16,South Asia,17551,5.0,36.216,1.27,3.0,4.0,Shipping on time,0,-1.0,0,4,3.6167387763362537,0,0,0,1
6792,2015-07-31,2015-08-06,South Asia,42041,2.0,108.04,14.68,6.0,4.0,Late delivery,0,2.0,1,7,4.691714787388277,0,0,0,1
6793,2016-08-26,2016-09-01,South Asia,26814,1.0,163.63,6.97,6.0,4.0,Late delivery,0,2.0,1,8,5.10370053165993,0,0,0,1
6794,2015-11-23,2015-11-26,Eastern Asia,49401,5.0,158.19,47.24,3.0,4.0,Shipping on time,0,-1.0,0,11,5.0700984573670445,0,0,0,1
6795,2017-05-11,2017-05-18,Eastern Asia,86007,5.0,105.64,40.25,7.0,4.0,Late delivery,0,3.0,1,5,4.6694586758704535,0,0,0,1
6796,2015-09-12,2015-09-15,US Center,35147,5.0,171.18,-17.38,3.0,4.0,Shipping on time,0,-1.0,0,9,5.148540441229809,0,0,0,1
6797,2017-09-24,2017-09-29,Oceania,73728,4.0,95.86,17.44,5.0,4.0,Late delivery,0,1.0,1,9,4.573266636975083,0,0,0,1
6798,2015-04-24,2015-04-28,West Europe,95954,1.0,149.29,-15.78,4.0,4.0,Shipping on time,1,0.0,0,4,5.012566760946003,0,0,0,1
6800,2016-10-11,2016-10-17,Eastern Asia,67250,1.0,161.2,-12.15,6.0,4.0,Late delivery,0,2.0,1,10,5.088830141681313,0,0,0,1
6801,2016-07-21,2016-07-26,South Asia,75254,4.0,96.3,4.77,5.0,4.0,Late delivery,0,1.0,1,7,4.577798989191959,0,0,0,1
6802,2016-03-19,2016-03-24,South Asia,Unknown,1.0,109.78,-5.27,5.0,2.0,Late delivery,0,3.0,1,3,4.707546252604958,0,0,1,0
6803,2015-10-16,2015-10-19,South Asia,64652,3.0,340.65,-6.41,3.0,2.0,Late delivery,0,1.0,1,10,5.833786821226787,0,0,1,0
6804,2016-09-12,2016-09-17,Eastern Asia,Unknown,1.0,144.63,45.51,5.0,2.0,Late delivery,0,3.0,1,9,4.981069158494489,0,0,1,0
6805,2016-08-06,2016-08-09,West Europe,47899,4.0,145.27,-2.54,3.0,2.0,Late delivery,0,1.0,1,8,4.985454228898997,0,0,1,0
6806,2017-01-01,2017-01-05,Central America,12001,4.0,59.09,-3.23,4.0,4.0,Shipping on time,0,0.0,0,1,4.095843438345836,0,0,0,1
6807,2015-10-11,2015-10-12,Eastern Asia,99287,5.0,108.41,33.02,1.0,1.0,Shipping on time,0,0.0,0,10,4.695102293488699,1,0,0,0
6808,2015-04-20,2015-04-25,Central America,30448,2.0,267.46,25.7,5.0,4.0,Late delivery,0,1.0,1,4,5.5927019270594895,0,0,0,1
6809,2017-05-20,2017-05-26,Central America,52933,3.0,206.6,49.92,6.0,4.0,Late delivery,0,2.0,1,5,5.335613151291733,0,0,0,1
6810,2016-07-20,2016-07-23,Central America,97642,3.0,153.22,32.52,3.0,2.0,Late delivery,0,1.0,1,7,5.038380154404814,0,0,1,0
6811,2015-08-16,2015-08-21,Eastern Asia,81079,1.0,151.34,-20.34,5.0,2.0,Late delivery,1,3.0,1,8,5.026114864944642,0,0,1,0
6812,2016-04-12,2016-04-19,South Asia,37134,3.0,154.42,35.98,7.0,4.0,Late delivery,0,3.0,1,4,5.046131129781096,0,0,0,1
6813,2016-02-14,2016-02-18,Eastern Asia,85847,3.0,188.4,-33.49,4.0,4.0,Shipping on time,0,0.0,0,2,5.243861180751978,0,0,0,1
6814,2016-07-12,2016-07-14,Oceania,43933,5.0,122.1,24.05,2.0,2.0,Shipping on time,0,0.0,0,7,4.812997033190408,0,0,1,0
6815,2015-08-13,2015-08-18,Central America,24040,4.0,36.216,7.96,5.0,2.0,Late delivery,0,3.0,1,8,3.6167387763362537,0,0,1,0
6816,2017-06-04,2017-06-09,West Europe,23201,3.0,482.58,85.71,5.0,4.0,Late delivery,0,1.0,1,6,6.181216761392465,0,0,0,1
6817,2015-08-06,2015-08-09,South Asia,92584,1.0,293.39,41.68,3.0,4.0,Shipping on time,0,-1.0,0,8,5.684905418886512,0,0,0,1
6818,2015-11-01,2015-11-05,US Center,61940,2.0,135.27,35.29,4.0,4.0,Shipping on time,0,0.0,0,11,4.914638211761729,0,0,0,1
6819,2017-02-03,2017-02-05,West Europe,37020,4.0,345.97,115.32,2.0,0.0,Late delivery,0,2.0,1,2,5.849238320877969,0,1,0,0
6820,2015-02-15,2015-02-18,South Asia,54960,3.0,67.79,-0.05,3.0,4.0,Shipping on time,0,-1.0,0,2,4.2310583855379225,0,0,0,1
6821,2015-07-22,2015-07-24,Oceania,61597,5.0,321.68,77.88,2.0,2.0,Shipping on time,0,0.0,0,7,5.776661120068773,0,0,1,0
6822,2015-04-04,2015-04-09,South Asia,51974,2.0,166.42,38.1,5.0,4.0,Late delivery,0,1.0,1,4,5.12050562523191,0,0,0,1
6823,2015-11-18,2015-11-23,West Europe,25652,1.0,252.86,18.47,5.0,4.0,Late delivery,0,1.0,1,11,5.536782933960031,0,0,0,1
6824,2017-05-04,2017-05-07,Central America,72432,1.0,120.6,39.28,3.0,2.0,Late delivery,0,1.0,1,5,4.800736969532067,0,0,1,0
6825,2015-02-13,2015-02-15,US Center,14200,3.0,162.45,63.86,2.0,2.0,Shipping on time,0,0.0,0,2,5.09650713317022,0,0,1,0
6826,2016-06-26,2016-06-26,Eastern Asia,23770,5.0,210.69,15.33,0.0,0.0,Shipping on time,0,0.0,0,6,5.355122940369489,0,1,0,0
6828,2015-02-09,2015-02-14,West Europe,90879,2.0,202.01,9.38,5.0,4.0,Late delivery,0,1.0,1,2,5.313255238912244,0,0,0,1
6829,2017-06-17,2017-06-20,South Asia,71931,3.0,193.6,47.55,3.0,4.0,Shipping on time,0,-1.0,0,6,5.270946169751904,0,0,0,1
6830,2016-06-04,2016-06-11,South Asia,52377,1.0,104.01,-17.81,7.0,4.0,Late delivery,0,3.0,1,6,4.654055583717902,0,0,0,1
6831,2016-01-11,2016-01-18,South Asia,14476,1.0,415.62,118.31,7.0,4.0,Late delivery,0,3.0,1,1,6.032174535355769,0,0,0,1
6832,2016-12-31,2016-12-31,Oceania,87626,5.0,168.13,-14.77,0.0,0.0,Shipping on time,0,0.0,0,12,5.13066764998595,0,1,0,0
6833,2017-07-09,2017-07-14,Central America,44205,1.0,129.58,42.71,5.0,4.0,Late delivery,0,1.0,1,7,4.871986065758487,0,0,0,1
6834,2016-02-08,2016-02-10,US Center,91580,5.0,122.14,-20.01,2.0,2.0,Shipping on time,0,0.0,0,2,4.813321919483064,0,0,1,0
6836,2016-03-15,2016-03-18,Eastern Asia,77896,2.0,95.25,-18.78,3.0,4.0,Shipping on time,0,-1.0,0,3,4.566948973167894,0,0,0,1
6837,2015-09-10,2015-09-15,Oceania,97758,4.0,59.49,5.9,5.0,4.0,Late delivery,0,1.0,1,9,4.102478062118823,0,0,0,1
6838,2016-02-26,2016-03-04,US Center,11936,4.0,167.66,11.42,7.0,4.0,Late delivery,0,3.0,1,2,5.127884854146496,0,0,0,1
6839,2016-07-10,2016-07-17,US Center,67164,5.0,141.29,53.2,7.0,4.0,Late delivery,0,3.0,1,7,4.9578672285576,0,0,0,1
6840,2016-11-01,2016-11-06,Eastern Asia,90698,3.0,169.16,59.36,5.0,4.0,Late delivery,0,1.0,1,11,5.136739170891982,0,0,0,1
6841,2015-08-05,2015-08-08,Oceania,58812,3.0,70.08,13.18,3.0,2.0,Late delivery,0,1.0,1,8,4.263806003286451,0,0,1,0
6842,2017-08-13,2017-08-16,US Center,83527,4.0,115.16,17.43,3.0,2.0,Late delivery,0,1.0,1,8,4.754968551076486,0,0,1,0
6843,2017-06-25,2017-07-02,US Center,Unknown,2.0,100.95,33.73,7.0,4.0,Late delivery,0,3.0,1,6,4.624482497020464,0,0,0,1
6844,2017-06-14,2017-06-19,Oceania,84622,3.0,268.87,34.73,5.0,4.0,Late delivery,0,1.0,1,6,5.597940361567465,0,0,0,1
6845,2017-08-28,2017-08-30,US Center,65019,3.0,60.62,4.39,2.0,1.0,Late delivery,0,1.0,1,8,4.120986493168521,1,0,0,0
6846,2015-09-02,2015-09-05,Eastern Asia,27787,1.0,59.62,-9.61,3.0,4.0,Shipping on time,0,-1.0,0,9,4.104624871629657,0,0,0,1
6847,2015-05-03,2015-05-07,Eastern Asia,93119,1.0,320.49,101.12,4.0,4.0,Shipping on time,0,0.0,0,5,5.772966438994861,0,0,0,1
6848,2016-05-27,2016-05-28,Oceania,90477,5.0,184.19,14.97,1.0,2.0,Shipping on time,0,-1.0,0,5,5.221382325073914,0,0,1,0
6849,2016-03-23,2016-03-24,Oceania,63644,5.0,151.34,-3.49,1.0,2.0,Shipping on time,1,-1.0,0,3,5.026114864944642,0,0,1,0
6850,2016-12-28,2016-12-30,US Center,46030,1.0,333.22,-36.46,2.0,0.0,Late delivery,0,2.0,1,12,5.811799458775237,0,1,0,0
6851,2016-02-29,2016-03-03,South Asia,91789,1.0,363.13,6.99,3.0,4.0,Shipping on time,0,-1.0,0,2,5.897510946733554,0,0,0,1
6852,2016-07-10,2016-07-15,US Center,21164,1.0,294.23,43.61,5.0,2.0,Late delivery,0,3.0,1,7,5.687754713579004,0,0,1,0
6853,2017-09-15,2017-09-18,Eastern Asia,94997,4.0,43.02,12.44,3.0,4.0,Shipping on time,0,-1.0,0,9,3.7846440760983158,0,0,0,1
6854,2016-10-23,2016-10-29,US Center,33897,3.0,159.4,8.57,6.0,4.0,Late delivery,0,2.0,1,10,5.077670695432414,0,0,0,1
6855,2017-09-13,2017-09-19,Oceania,64847,2.0,88.26,32.41,6.0,4.0,Late delivery,0,2.0,1,9,4.491553459201124,0,0,0,1
6856,2015-12-20,2015-12-24,Eastern Asia,42924,1.0,126.41,-24.84,4.0,4.0,Shipping on time,0,0.0,0,12,4.8474102329932895,0,0,0,1
6857,2015-03-03,2015-03-07,Central America,76077,4.0,57.45,3.29,4.0,4.0,Shipping on time,0,0.0,0,3,4.068171687918078,0,0,0,1
6858,2016-02-14,2016-02-19,Eastern Asia,85470,5.0,419.7,-51.14,5.0,4.0,Late delivery,0,1.0,1,2,6.041919990596475,0,0,0,1
6859,2017-08-13,2017-08-18,US Center,12390,2.0,97.86,-4.6,5.0,2.0,Late delivery,0,3.0,1,8,4.593704707878813,0,0,1,0
6860,2015-02-11,2015-02-12,West Europe,11509,5.0,175.11,-25.38,1.0,2.0,Shipping on time,0,-1.0,0,2,5.171108799806994,0,0,1,0
6861,2016-10-08,2016-10-11,Oceania,69786,2.0,240.27,82.08,3.0,4.0,Shipping on time,0,-1.0,0,10,5.485916638337356,0,0,0,1
6862,2015-07-24,2015-07-28,West Europe,34778,2.0,214.22,-8.25,4.0,4.0,Shipping on time,0,0.0,0,7,5.371660760772246,0,0,0,1
6863,2016-04-16,2016-04-21,West Europe,58751,5.0,189.81,20.9,5.0,2.0,Late delivery,0,3.0,1,4,5.2512781685422505,0,0,1,0
6864,2015-09-01,2015-09-07,US Center,32694,1.0,117.27,-9.86,6.0,4.0,Late delivery,0,2.0,1,9,4.772970146263026,0,0,0,1
6865,2016-03-12,2016-03-15,West Europe,25743,1.0,169.25,-3.51,3.0,4.0,Shipping on time,0,-1.0,0,3,5.137267945029622,0,0,0,1
6866,2016-10-07,2016-10-10,Eastern Asia,95879,3.0,129.85,42.76,3.0,1.0,Late delivery,0,2.0,1,10,4.874051628976154,1,0,0,0
6867,2017-05-05,2017-05-09,US Center,24265,4.0,37.89,-0.57,4.0,4.0,Shipping on time,0,0.0,0,5,3.660737148167656,0,0,0,1
6868,2015-11-23,2015-11-28,South Asia,33141,2.0,270.12,-20.04,5.0,4.0,Late delivery,0,1.0,1,11,5.602561527298796,0,0,0,1
6869,2015-05-09,2015-05-11,Eastern Asia,69874,2.0,101.7,-7.09,2.0,2.0,Shipping on time,0,0.0,0,5,4.631812116934513,0,0,1,0
6870,2015-04-09,2015-04-15,Eastern Asia,63987,5.0,108.38,38.84,6.0,4.0,Late delivery,0,2.0,1,4,4.694828057918627,0,0,0,1
6871,2016-02-03,2016-02-07,Central America,89100,1.0,115.71,19.49,4.0,4.0,Shipping on time,0,0.0,0,2,4.759692225424263,0,0,0,1
6872,2016-08-08,2016-08-13,Central America,66951,2.0,64.38,16.05,5.0,2.0,Late delivery,0,3.0,1,8,4.1802164012960645,0,0,1,0
6874,2017-01-28,2017-01-29,West Europe,50320,4.0,50.2,2.17,1.0,1.0,Shipping on time,0,0.0,0,1,3.9357395320454622,1,0,0,0
6875,2016-02-02,2016-02-09,West Europe,13447,2.0,196.26,-14.92,7.0,4.0,Late delivery,0,3.0,1,2,5.284522655525848,0,0,0,1
6876,2015-12-21,2015-12-28,US Center,98414,5.0,300.99,79.34,7.0,4.0,Late delivery,0,3.0,1,12,5.710393904243855,0,0,0,1
6877,2017-03-11,2017-03-14,US Center,31228,4.0,154.93,-29.45,3.0,4.0,Shipping on time,0,-1.0,0,3,5.049407188596794,0,0,0,1
6878,2016-05-18,2016-05-24,Eastern Asia,71917,5.0,74.49,8.64,6.0,4.0,Late delivery,0,2.0,1,5,4.324000197151533,0,0,0,1
6879,2017-04-12,2017-04-16,South Asia,38904,2.0,324.45,-58.48,4.0,4.0,Shipping on time,0,0.0,0,4,5.785208840018396,0,0,0,1
6880,2015-03-06,2015-03-13,West Europe,20615,1.0,122.28,-5.61,7.0,4.0,Late delivery,0,3.0,1,3,4.814458191011861,0,0,0,1
6881,2015-05-22,2015-05-25,West Europe,57762,4.0,56.9,1.16,3.0,4.0,Shipping on time,0,-1.0,0,5,4.05871738457895,0,0,0,1
6882,2017-04-03,2017-04-06,Eastern Asia,79563,3.0,47.86,10.21,3.0,4.0,Shipping on time,0,-1.0,0,4,3.8889590658295945,0,0,0,1
6883,2015-09-06,2015-09-12,US Center,17797,4.0,165.13,45.41,6.0,4.0,Late delivery,0,2.0,1,9,5.1127706143983875,0,0,0,1
6884,2016-05-23,2016-05-26,Oceania,75424,3.0,352.18,61.41,3.0,2.0,Late delivery,0,1.0,1,5,5.866977841984978,0,0,1,0
6885,2016-12-01,2016-12-02,South Asia,40495,2.0,117.56,19.71,1.0,2.0,Shipping on time,0,-1.0,0,12,4.775419161547776,0,0,1,0
6886,2017-08-29,2017-09-04,Oceania,27500,4.0,101.13,20.49,6.0,4.0,Late delivery,0,2.0,1,8,4.626246511590008,0,0,0,1
6887,2015-06-22,2015-06-25,South Asia,75795,3.0,125.59,12.74,3.0,2.0,Late delivery,0,1.0,1,6,4.840953517648737,0,0,1,0
6888,2016-12-22,2016-12-28,Central America,41637,5.0,88.91,10.92,6.0,4.0,Late delivery,0,2.0,1,12,4.498809169996681,0,0,0,1
6889,2015-02-19,2015-02-26,Eastern Asia,63356,2.0,106.61,26.29,7.0,4.0,Late delivery,0,3.0,1,2,4.678513580212301,0,0,0,1
6890,2017-07-20,2017-07-23,Oceania,97596,5.0,172.18,7.33,3.0,4.0,Shipping on time,0,-1.0,0,7,5.1543315160196554,0,0,0,1
6891,2017-05-17,2017-05-19,Central America,66121,4.0,95.86,-15.19,2.0,2.0,Shipping on time,0,0.0,0,5,4.573266636975083,0,0,1,0
6892,2015-12-29,2015-12-29,Central America,20637,3.0,258.88,65.04,0.0,0.0,Shipping on time,0,0.0,0,12,5.5602199860123305,0,1,0,0
6893,2015-01-24,2015-01-24,South Asia,91655,5.0,82.29,15.17,0.0,1.0,Shipping on time,0,-1.0,0,1,4.42232849394725,1,0,0,0
6894,2017-08-08,2017-08-14,West Europe,56015,5.0,226.33,27.36,6.0,4.0,Late delivery,0,2.0,1,8,5.426402706311255,0,0,0,1
6895,2017-06-09,2017-06-11,US Center,63289,5.0,182.03,-33.56,2.0,2.0,Shipping on time,0,0.0,0,6,5.209650073831871,0,0,1,0
6896,2016-10-21,2016-10-28,Eastern Asia,35396,5.0,117.31,31.25,7.0,4.0,Late delivery,0,3.0,1,10,4.7733082982655715,0,0,0,1
6897,2016-08-22,2016-08-27,Eastern Asia,90854,3.0,123.73,19.72,5.0,2.0,Late delivery,0,3.0,1,8,4.826151401137618,0,0,1,0
6898,2016-03-12,2016-03-13,Oceania,99067,1.0,121.68,43.05,1.0,1.0,Shipping on time,0,0.0,0,3,4.809579339246051,1,0,0,0
6899,2016-01-31,2016-02-01,US Center,40702,4.0,404.97,-23.87,1.0,2.0,Shipping on time,0,-1.0,0,1,6.006279265245996,0,0,1,0
6900,2017-02-08,2017-02-14,Eastern Asia,79411,5.0,90.97,24.22,6.0,4.0,Late delivery,0,2.0,1,2,4.521462436914606,0,0,0,1
6901,2015-10-28,2015-11-04,Central America,24754,1.0,932.5600000000057,-61.534,7.0,4.0,Late delivery,0,3.0,1,10,6.839005235153027,0,0,0,1
6902,2015-07-17,2015-07-24,South Asia,26702,2.0,270.96,39.6,7.0,4.0,Late delivery,0,3.0,1,7,5.6056549966582585,0,0,0,1
6903,2016-01-28,2016-01-29,Oceania,30172,3.0,120.7,-6.96,1.0,2.0,Shipping on time,0,-1.0,0,1,4.801558999993482,0,0,1,0
6904,2016-12-27,2016-12-31,Eastern Asia,57851,1.0,390.31,27.32,4.0,2.0,Late delivery,0,2.0,1,12,5.969500084729331,0,0,1,0
6905,2017-06-15,2017-06-16,Eastern Asia,21871,1.0,36.216,-1.13,1.0,2.0,Shipping on time,0,-1.0,0,6,3.6167387763362537,0,0,1,0
6906,2016-12-17,2016-12-22,Oceania,94061,2.0,171.31,27.98,5.0,4.0,Late delivery,0,1.0,1,12,5.149295180155008,0,0,0,1
6908,2015-06-22,2015-06-27,Central America,53208,4.0,149.64,28.65,5.0,4.0,Late delivery,0,1.0,1,6,5.014892884348897,0,0,0,1
6909,2015-05-25,2015-05-28,West Europe,50441,1.0,244.34,-0.82,3.0,1.0,Late delivery,0,2.0,1,5,5.502645003604606,1,0,0,0
6910,2016-10-14,2016-10-14,Central America,26465,2.0,116.29,29.21,0.0,1.0,Shipping on time,0,-1.0,0,10,4.764649500533414,1,0,0,0
6911,2016-07-16,2016-07-20,Oceania,28744,3.0,132.21,-21.2,4.0,4.0,Shipping on time,0,0.0,0,7,4.891926830363372,0,0,0,1
6912,2016-11-08,2016-11-13,Eastern Asia,84665,3.0,294.77,39.18,5.0,4.0,Late delivery,0,1.0,1,11,5.689582125255059,0,0,0,1
6913,2015-11-09,2015-11-13,South Asia,88209,2.0,137.9,-10.53,4.0,2.0,Late delivery,0,2.0,1,11,4.933754249760298,0,0,1,0
6914,2017-09-26,2017-10-03,West Europe,68173,4.0,79.5,-5.88,7.0,4.0,Late delivery,0,3.0,1,9,4.388257184424518,0,0,0,1
6915,2017-06-21,2017-06-24,West Europe,Unknown,5.0,208.1,42.73,3.0,4.0,Shipping on time,0,-1.0,0,6,5.342812606434588,0,0,0,1
6916,2015-05-06,2015-05-10,Eastern Asia,22116,2.0,140.66,-5.29,4.0,4.0,Shipping on time,0,0.0,0,5,4.953429820325477,0,0,0,1
6917,2015-06-09,2015-06-14,Oceania,32413,4.0,105.37,-0.68,5.0,2.0,Late delivery,0,3.0,1,6,4.666923582263574,0,0,1,0
6918,2015-02-21,2015-02-24,West Europe,48454,2.0,205.9,18.48,3.0,4.0,Shipping on time,0,-1.0,0,2,5.332235584751498,0,0,0,1
6920,2016-05-08,2016-05-10,West Europe,84991,4.0,82.05,4.53,2.0,2.0,Shipping on time,0,0.0,0,5,4.419442836059304,0,0,1,0
6921,2015-01-24,2015-01-31,West Europe,49893,4.0,126.36,29.19,7.0,4.0,Late delivery,0,3.0,1,1,4.847017722096073,0,0,0,1
6922,2017-03-02,2017-03-07,Oceania,57693,1.0,131.85,-9.89,5.0,2.0,Late delivery,0,3.0,1,3,4.8892206722058225,0,0,1,0
6923,2015-09-21,2015-09-26,Eastern Asia,42066,5.0,152.56,-1.81,5.0,4.0,Late delivery,0,1.0,1,9,5.034091370132597,0,0,0,1
6924,2015-12-25,2015-12-29,Eastern Asia,97055,5.0,71.75,22.11,4.0,4.0,Shipping on time,0,0.0,0,12,4.287028906051602,0,0,0,1
6925,2016-12-09,2016-12-14,Eastern Asia,83157,1.0,414.79,114.65,5.0,4.0,Late delivery,0,1.0,1,12,6.030180325110656,0,0,0,1
6926,2015-06-25,2015-07-01,Eastern Asia,86786,5.0,221.68,-3.32,6.0,4.0,Late delivery,0,2.0,1,6,5.405735763315307,0,0,0,1
6927,2016-09-05,2016-09-09,South Asia,85204,1.0,161.01,38.7,2.0,1.0,Late delivery,0,1.0,1,9,5.087658061722327,1,0,0,0
6928,2015-10-10,2015-10-11,South Asia,38509,2.0,169.66,36.66,1.0,2.0,Shipping on time,0,-1.0,0,10,5.139673273108439,0,0,1,0
6929,2017-07-07,2017-07-12,Central America,24363,4.0,36.216,6.64,5.0,4.0,Late delivery,0,1.0,1,7,3.6167387763362537,0,0,0,1
6930,2015-01-09,2015-01-13,US Center,68769,3.0,257.39,73.58,4.0,4.0,Shipping on time,0,0.0,0,1,5.554470071469192,0,0,0,1
6931,2015-06-05,2015-06-08,US Center,Unknown,1.0,80.0,-11.03,3.0,4.0,Shipping on time,0,-1.0,0,6,4.394449154672439,0,0,0,1
6932,2015-01-06,2015-01-09,US Center,26129,4.0,199.92,-15.69,3.0,0.0,Late delivery,0,3.0,1,1,5.302906818881844,0,1,0,0
6933,2016-04-09,2016-04-12,US Center,29037,1.0,72.16,27.98,3.0,1.0,Late delivery,0,2.0,1,4,4.292648823522665,1,0,0,0
6934,2016-02-28,2016-03-03,West Europe,37460,5.0,266.93,19.37,4.0,4.0,Shipping on time,0,0.0,0,2,5.5907257523639045,0,0,0,1
6935,2015-04-13,2015-04-17,Eastern Asia,45260,1.0,107.2,-16.64,4.0,4.0,Shipping on time,0,0.0,0,4,4.6839813664123815,0,0,0,1
6936,2015-09-15,2015-09-19,Eastern Asia,41323,5.0,130.11,26.8,4.0,4.0,Shipping on time,0,0.0,0,9,4.876036665511311,0,0,0,1
6937,2016-11-26,2016-12-02,US Center,54270,1.0,369.84,-61.534,5.0,4.0,Late delivery,0,1.0,1,11,5.915770702738782,0,0,0,1
6938,2015-07-19,2015-07-24,South Asia,92044,3.0,267.66,-38.48,5.0,4.0,Late delivery,0,1.0,1,7,5.593446639634867,0,0,0,1
6939,2015-04-15,2015-04-22,West Europe,32077,5.0,64.74,10.48,7.0,4.0,Late delivery,0,3.0,1,4,4.185707568236073,0,0,0,1
6941,2017-07-13,2017-07-17,South Asia,98072,4.0,166.05,-25.88,4.0,2.0,Late delivery,0,2.0,1,7,5.118293168802766,0,0,1,0
6942,2017-01-20,2017-01-24,US Center,75088,1.0,128.46,49.71,4.0,2.0,Late delivery,0,2.0,1,1,4.8633719531173645,0,0,1,0
6943,2016-05-02,2016-05-07,West Europe,76934,3.0,239.99,-19.26,5.0,2.0,Late delivery,0,3.0,1,5,5.484755438853831,0,0,1,0
6944,2016-07-17,2016-07-18,Central America,50929,5.0,98.01,17.14,1.0,2.0,Shipping on time,0,-1.0,0,7,4.595220855134423,0,0,1,0
6945,2016-06-23,2016-06-27,Central America,52223,1.0,149.29,-8.92,4.0,4.0,Shipping on time,1,0.0,0,6,5.012566760946003,0,0,0,1
6946,2015-03-09,2015-03-15,Eastern Asia,13288,2.0,85.5,5.63,6.0,4.0,Late delivery,0,2.0,1,3,4.460144413937834,0,0,0,1
6947,2016-01-04,2016-01-07,Eastern Asia,57703,5.0,132.26,48.36,3.0,4.0,Late delivery,0,-1.0,0,1,4.892302107134391,0,0,0,1
6948,2015-11-09,2015-11-15,South Asia,72897,2.0,205.32,-5.2,6.0,4.0,Late delivery,0,2.0,1,11,5.32942836157309,0,0,0,1
6949,2016-02-03,2016-02-06,Central America,96068,4.0,230.93,-38.61,3.0,4.0,Shipping on time,0,-1.0,0,2,5.446435602000493,0,0,0,1
6950,2017-08-12,2017-08-17,West Europe,16435,3.0,312.17,-7.05,5.0,4.0,Late delivery,0,1.0,1,8,5.746746174088317,0,0,0,1
6951,2017-05-23,2017-05-26,Eastern Asia,62792,2.0,170.21,31.29,3.0,4.0,Shipping on time,0,-1.0,0,5,5.142890873216727,0,0,0,1
6952,2017-04-25,2017-05-02,Oceania,82670,4.0,130.85,-3.76,7.0,4.0,Late delivery,0,3.0,1,4,4.8816649127992955,0,0,0,1
6953,2017-01-29,2017-01-30,Eastern Asia,12897,1.0,229.15,-39.15,1.0,1.0,Shipping on time,0,0.0,0,1,5.438731270263251,1,0,0,0
6954,2016-06-20,2016-06-23,US Center,52956,3.0,139.2,3.87,3.0,0.0,Late delivery,0,3.0,1,6,4.94306997460049,0,1,0,0
6956,2015-11-13,2015-11-18,Oceania,30935,4.0,111.62,-8.4,5.0,4.0,Late delivery,0,1.0,1,11,4.724019319826472,0,0,0,1
6957,2017-03-27,2017-03-31,US Center,40672,2.0,258.0,-34.12,4.0,4.0,Shipping on time,0,0.0,0,3,5.556828061699537,0,0,0,1
6958,2015-11-25,2015-11-27,Eastern Asia,77927,5.0,360.39,-41.68,2.0,1.0,Late delivery,0,1.0,1,11,5.889957707603747,1,0,0,0
6959,2016-01-14,2016-01-20,South Asia,Unknown,2.0,325.55,73.74,6.0,4.0,Late delivery,0,2.0,1,1,5.788583076348666,0,0,0,1
6960,2015-11-17,2015-11-20,Central America,42675,3.0,56.63,1.75,3.0,2.0,Late delivery,0,1.0,1,11,4.054043265448575,0,0,1,0
6962,2016-02-02,2016-02-03,Eastern Asia,43718,1.0,75.45,-5.14,1.0,0.0,Late delivery,0,1.0,1,2,4.336636932375072,0,1,0,0
6963,2015-08-17,2015-08-21,Central America,21433,5.0,120.41,-13.01,4.0,2.0,Late delivery,0,2.0,1,8,4.799173247555884,0,0,1,0
6964,2015-12-13,2015-12-18,Oceania,58375,5.0,210.11,-11.46,5.0,4.0,Late delivery,0,1.0,1,12,5.352379324646567,0,0,0,1
6965,2016-02-29,2016-03-06,Oceania,38029,5.0,66.39,10.96,6.0,4.0,Late delivery,0,2.0,1,2,4.2104966389581255,0,0,0,1
6966,2016-09-07,2016-09-07,Eastern Asia,30962,5.0,70.79,25.28,0.0,1.0,Shipping on time,0,-1.0,0,9,4.273745190588392,1,0,0,0
6967,2016-03-18,2016-03-25,Central America,34617,3.0,94.22,9.7,7.0,4.0,Late delivery,0,3.0,1,3,4.556190003766373,0,0,0,1
6968,2017-08-16,2017-08-20,Oceania,40817,5.0,407.05,-61.534,4.0,4.0,Shipping on time,0,0.0,0,8,6.011389715915252,0,0,0,1
6969,2015-06-25,2015-07-01,US Center,74620,1.0,282.02,68.62,6.0,4.0,Late delivery,0,2.0,1,6,5.645517566524226,0,0,0,1
6970,2015-06-08,2015-06-13,West Europe,96896,1.0,86.22,13.07,5.0,4.0,Late delivery,0,1.0,1,6,4.46843366241462,0,0,0,1
6971,2016-12-04,2016-12-09,US Center,73247,4.0,160.6,-16.26,5.0,4.0,Late delivery,0,1.0,1,12,5.085124146086995,0,0,0,1
6972,2017-03-01,2017-03-02,West Europe,30755,2.0,160.35,-23.88,1.0,2.0,Shipping on time,0,-1.0,0,3,5.083575918497971,0,0,1,0
6973,2015-08-27,2015-09-01,Eastern Asia,28412,5.0,178.34,-34.72,5.0,4.0,Late delivery,0,1.0,1,8,5.189283445523902,0,0,0,1
6974,2017-05-07,2017-05-10,Central America,57268,1.0,96.53,37.46,3.0,2.0,Late delivery,0,1.0,1,5,4.580160022983923,0,0,1,0
6975,2016-10-12,2016-10-15,West Europe,54866,3.0,351.0,140.31,3.0,4.0,Shipping on time,0,-1.0,0,10,5.863631175598097,0,0,0,1
6976,2015-08-07,2015-08-10,South Asia,72889,3.0,117.75,18.84,3.0,4.0,Shipping on time,0,-1.0,0,8,4.7770204429147505,0,0,0,1
6977,2016-06-11,2016-06-12,Oceania,22857,2.0,241.74,-29.3,1.0,2.0,Shipping on time,0,-1.0,0,6,5.491990911678215,0,0,1,0
6978,2017-02-09,2017-02-16,US Center,23831,5.0,53.83,19.77,7.0,4.0,Late delivery,0,3.0,1,2,4.004237489415957,0,0,0,1
6979,2016-10-09,2016-10-16,Eastern Asia,87501,2.0,187.04,3.68,7.0,4.0,Late delivery,0,3.0,1,10,5.23665470615593,0,0,0,1
6980,2015-09-12,2015-09-18,Central America,40241,3.0,932.5600000000057,174.0700000000001,6.0,4.0,Late delivery,0,2.0,1,9,6.839005235153027,0,0,0,1
6981,2017-06-11,2017-06-12,Central America,64355,5.0,333.95,12.47,1.0,2.0,Shipping on time,0,-1.0,0,6,5.8139812669542765,0,0,1,0
6982,2015-06-09,2015-06-13,South Asia,44292,1.0,36.216,8.48,4.0,2.0,Late delivery,0,2.0,1,6,3.6167387763362537,0,0,1,0
6983,2016-12-12,2016-12-19,South Asia,34416,4.0,206.32,-23.36,7.0,4.0,Late delivery,0,3.0,1,12,5.334263493321505,0,0,0,1
6984,2016-08-07,2016-08-08,South Asia,50451,1.0,240.91,49.51,1.0,2.0,Shipping on time,0,-1.0,0,8,5.4885657561579775,0,0,1,0
6985,2016-09-06,2016-09-10,US Center,11861,2.0,126.12,27.25,4.0,4.0,Shipping on time,0,0.0,0,9,4.845131522228461,0,0,0,1
6986,2015-07-06,2015-07-13,Eastern Asia,46445,4.0,325.65,119.44,7.0,4.0,Late delivery,0,3.0,1,7,5.7888892612867595,0,0,0,1
6987,2016-11-13,2016-11-13,Oceania,60443,4.0,522.35,64.34,0.0,1.0,Shipping on time,0,-1.0,0,11,6.260250456300893,1,0,0,0
6988,2015-11-01,2015-11-07,Central America,56090,2.0,250.89,9.75,6.0,4.0,Late delivery,0,2.0,1,11,5.528992484277593,0,0,0,1
6989,2016-05-31,2016-06-05,South Asia,86853,3.0,240.42,9.38,5.0,2.0,Late delivery,0,3.0,1,5,5.486538155272981,0,0,1,0
6990,2016-10-23,2016-10-26,Oceania,13882,4.0,332.38,107.99,3.0,4.0,Shipping on time,0,-1.0,0,10,5.809282980514942,0,0,0,1
6991,2017-09-20,2017-09-26,Eastern Asia,34983,3.0,192.57,9.6,6.0,4.0,Late delivery,0,2.0,1,9,5.265639204157455,0,0,0,1
6994,2015-02-08,2015-02-11,US Center,29009,2.0,98.11,36.94,3.0,4.0,Shipping on time,0,-1.0,0,2,4.596230344418617,0,0,0,1
6995,2015-06-07,2015-06-12,Oceania,89706,3.0,78.76,-1.52,5.0,4.0,Late delivery,0,1.0,1,6,4.379022125653583,0,0,0,1
6996,2017-08-11,2017-08-16,US Center,28311,3.0,299.6,87.36,5.0,4.0,Late delivery,0,1.0,1,8,5.705780477318874,0,0,0,1
6997,2015-06-04,2015-06-09,Central America,56510,2.0,211.99,49.34,5.0,2.0,Late delivery,0,3.0,1,6,5.361245216250509,0,0,1,0
6998,2015-05-18,2015-05-21,South Asia,91352,5.0,99.0,-17.82,3.0,2.0,Late delivery,0,1.0,1,5,4.605170185988092,0,0,1,0
6999,2016-03-12,2016-03-17,West Europe,53966,5.0,150.4,47.14,5.0,4.0,Late delivery,0,1.0,1,3,5.019925341003349,0,0,0,1
